# Generic passenger car for CarrotPilot cluster HUD (lead / cut-in vehicles).
# Original low-poly model generated procedurally; not based on any specific vehicle. Free to use.
# Local axes: x=vehicle right, y=vehicle forward, z=vehicle up. Normalized to the HUD vehicle box.
mtllib generic_car_cluster.mtl
v 0.01484 -0.50000 0.40741
v 0.01471 -0.50000 0.48981
v 0.01432 -0.50000 0.51858
v 0.01367 -0.50000 0.53861
v 0.01272 -0.50000 0.55346
v 0.01142 -0.50000 0.56436
v 0.00968 -0.50000 0.57189
v 0.00718 -0.50000 0.57631
v 0.00000 -0.50000 0.57778
v -0.00718 -0.50000 0.57631
v -0.00968 -0.50000 0.57189
v -0.01142 -0.50000 0.56436
v -0.01272 -0.50000 0.55346
v -0.01367 -0.50000 0.53861
v -0.01432 -0.50000 0.51858
v -0.01471 -0.50000 0.48981
v -0.01484 -0.50000 0.40741
v -0.01471 -0.50000 0.32500
v -0.01432 -0.50000 0.29624
v -0.01367 -0.50000 0.27620
v -0.01272 -0.50000 0.26136
v -0.01142 -0.50000 0.25045
v -0.00968 -0.50000 0.24293
v -0.00718 -0.50000 0.23850
v -0.00000 -0.50000 0.23704
v 0.00718 -0.50000 0.23850
v 0.00968 -0.50000 0.24293
v 0.01142 -0.50000 0.25045
v 0.01272 -0.50000 0.26136
v 0.01367 -0.50000 0.27620
v 0.01432 -0.50000 0.29624
v 0.01471 -0.50000 0.32500
v 0.44376 -0.47436 0.40260
v 0.43995 -0.47436 0.49263
v 0.42841 -0.47436 0.52406
v 0.40881 -0.47436 0.54595
v 0.38041 -0.47436 0.56217
v 0.34174 -0.47436 0.57408
v 0.28956 -0.47436 0.58230
v 0.21463 -0.47436 0.58714
v 0.00000 -0.47436 0.58874
v -0.21463 -0.47436 0.58714
v -0.28956 -0.47436 0.58230
v -0.34174 -0.47436 0.57408
v -0.38041 -0.47436 0.56217
v -0.40881 -0.47436 0.54595
v -0.42841 -0.47436 0.52406
v -0.43995 -0.47436 0.49263
v -0.44376 -0.47436 0.40260
v -0.43995 -0.47436 0.31257
v -0.42841 -0.47436 0.28114
v -0.40881 -0.47436 0.25926
v -0.38041 -0.47436 0.24304
v -0.34174 -0.47436 0.23112
v -0.28956 -0.47436 0.22290
v -0.21463 -0.47436 0.21806
v -0.00000 -0.47436 0.21647
v 0.21463 -0.47436 0.21806
v 0.28956 -0.47436 0.22290
v 0.34174 -0.47436 0.23112
v 0.38041 -0.47436 0.24304
v 0.40881 -0.47436 0.25926
v 0.42841 -0.47436 0.28114
v 0.43995 -0.47436 0.31257
v 0.46913 -0.44872 0.39941
v 0.46510 -0.44872 0.49591
v 0.45291 -0.44872 0.52960
v 0.43218 -0.44872 0.55306
v 0.40216 -0.44872 0.57044
v 0.36128 -0.44872 0.58321
v 0.30612 -0.44872 0.59203
v 0.22690 -0.44872 0.59721
v 0.00000 -0.44872 0.59893
v -0.22690 -0.44872 0.59721
v -0.30612 -0.44872 0.59203
v -0.36128 -0.44872 0.58321
v -0.40216 -0.44872 0.57044
v -0.43218 -0.44872 0.55306
v -0.45291 -0.44872 0.52960
v -0.46510 -0.44872 0.49591
v -0.46913 -0.44872 0.39941
v -0.46510 -0.44872 0.30291
v -0.45291 -0.44872 0.26922
v -0.43218 -0.44872 0.24576
v -0.40216 -0.44872 0.22837
v -0.36128 -0.44872 0.21561
v -0.30612 -0.44872 0.20679
v -0.22690 -0.44872 0.20161
v -0.00000 -0.44872 0.19989
v 0.22690 -0.44872 0.20161
v 0.30612 -0.44872 0.20679
v 0.36128 -0.44872 0.21561
v 0.40216 -0.44872 0.22837
v 0.43218 -0.44872 0.24576
v 0.45291 -0.44872 0.26922
v 0.46510 -0.44872 0.30291
v 0.48088 -0.42308 0.39749
v 0.47675 -0.42308 0.49944
v 0.46425 -0.42308 0.53503
v 0.44301 -0.42308 0.55982
v 0.41223 -0.42308 0.57819
v 0.37033 -0.42308 0.59168
v 0.31378 -0.42308 0.60099
v 0.23259 -0.42308 0.60647
v 0.00000 -0.42308 0.60828
v -0.23259 -0.42308 0.60647
v -0.31378 -0.42308 0.60099
v -0.37033 -0.42308 0.59168
v -0.41223 -0.42308 0.57819
v -0.44301 -0.42308 0.55982
v -0.46425 -0.42308 0.53503
v -0.47675 -0.42308 0.49944
v -0.48088 -0.42308 0.39749
v -0.47675 -0.42308 0.29554
v -0.46425 -0.42308 0.25995
v -0.44301 -0.42308 0.23516
v -0.41223 -0.42308 0.21680
v -0.37033 -0.42308 0.20330
v -0.31378 -0.42308 0.19399
v -0.23259 -0.42308 0.18851
v -0.00000 -0.42308 0.18670
v 0.23259 -0.42308 0.18851
v 0.31378 -0.42308 0.19399
v 0.37033 -0.42308 0.20330
v 0.41223 -0.42308 0.21680
v 0.44301 -0.42308 0.23516
v 0.46425 -0.42308 0.25995
v 0.47675 -0.42308 0.29554
v 0.48712 -0.39744 0.39653
v 0.48294 -0.39744 0.50302
v 0.47028 -0.39744 0.54020
v 0.44876 -0.39744 0.56609
v 0.41758 -0.39744 0.58527
v 0.37513 -0.39744 0.59936
v 0.31786 -0.39744 0.60909
v 0.23561 -0.39744 0.61481
v 0.00000 -0.39744 0.61670
v -0.23561 -0.39744 0.61481
v -0.31786 -0.39744 0.60909
v -0.37513 -0.39744 0.59936
v -0.41758 -0.39744 0.58527
v -0.44876 -0.39744 0.56609
v -0.47028 -0.39744 0.54020
v -0.48294 -0.39744 0.50302
v -0.48712 -0.39744 0.39653
v -0.48294 -0.39744 0.29004
v -0.47028 -0.39744 0.25286
v -0.44876 -0.39744 0.22697
v -0.41758 -0.39744 0.20778
v -0.37513 -0.39744 0.19369
v -0.31786 -0.39744 0.18397
v -0.23561 -0.39744 0.17824
v -0.00000 -0.39744 0.17635
v 0.23561 -0.39744 0.17824
v 0.31786 -0.39744 0.18397
v 0.37513 -0.39744 0.19369
v 0.41758 -0.39744 0.20778
v 0.44876 -0.39744 0.22697
v 0.47028 -0.39744 0.25286
v 0.48294 -0.39744 0.29004
v 0.49056 -0.37179 0.39623
v 0.48635 -0.37179 0.50644
v 0.47360 -0.37179 0.54492
v 0.45193 -0.37179 0.57171
v 0.42053 -0.37179 0.59157
v 0.37779 -0.37179 0.60615
v 0.32010 -0.37179 0.61622
v 0.23727 -0.37179 0.62214
v 0.00000 -0.37179 0.62410
v -0.23727 -0.37179 0.62214
v -0.32010 -0.37179 0.61622
v -0.37779 -0.37179 0.60615
v -0.42053 -0.37179 0.59157
v -0.45193 -0.37179 0.57171
v -0.47360 -0.37179 0.54492
v -0.48635 -0.37179 0.50644
v -0.49056 -0.37179 0.39623
v -0.48635 -0.37179 0.28601
v -0.47360 -0.37179 0.24754
v -0.45193 -0.37179 0.22074
v -0.42053 -0.37179 0.20089
v -0.37779 -0.37179 0.18630
v -0.32010 -0.37179 0.17623
v -0.23727 -0.37179 0.17031
v -0.00000 -0.37179 0.16836
v 0.23727 -0.37179 0.17031
v 0.32010 -0.37179 0.17623
v 0.37779 -0.37179 0.18630
v 0.42053 -0.37179 0.20089
v 0.45193 -0.37179 0.22074
v 0.47360 -0.37179 0.24754
v 0.48635 -0.37179 0.28601
v 0.49246 -0.34615 0.39628
v 0.48824 -0.34615 0.50946
v 0.47544 -0.34615 0.54897
v 0.45368 -0.34615 0.57648
v 0.42216 -0.34615 0.59687
v 0.37925 -0.34615 0.61185
v 0.32134 -0.34615 0.62219
v 0.23819 -0.34615 0.62827
v 0.00000 -0.34615 0.63028
v -0.23819 -0.34615 0.62827
v -0.32134 -0.34615 0.62219
v -0.37925 -0.34615 0.61185
v -0.42216 -0.34615 0.59687
v -0.45368 -0.34615 0.57648
v -0.47544 -0.34615 0.54897
v -0.48824 -0.34615 0.50946
v -0.49246 -0.34615 0.39628
v -0.48824 -0.34615 0.28310
v -0.47544 -0.34615 0.24359
v -0.45368 -0.34615 0.21608
v -0.42216 -0.34615 0.19569
v -0.37925 -0.34615 0.18071
v -0.32134 -0.34615 0.17038
v -0.23819 -0.34615 0.16429
v -0.00000 -0.34615 0.16228
v 0.23819 -0.34615 0.16429
v 0.32134 -0.34615 0.17038
v 0.37925 -0.34615 0.18071
v 0.42216 -0.34615 0.19569
v 0.45368 -0.34615 0.21608
v 0.47544 -0.34615 0.24359
v 0.48824 -0.34615 0.28310
v 0.49349 -0.32051 0.39636
v 0.48926 -0.32051 0.51175
v 0.47643 -0.32051 0.55204
v 0.45463 -0.32051 0.58009
v 0.42304 -0.32051 0.60088
v 0.38004 -0.32051 0.61615
v 0.32202 -0.32051 0.62669
v 0.23869 -0.32051 0.63289
v 0.00000 -0.32051 0.63494
v -0.23869 -0.32051 0.63289
v -0.32202 -0.32051 0.62669
v -0.38004 -0.32051 0.61615
v -0.42304 -0.32051 0.60088
v -0.45463 -0.32051 0.58009
v -0.47643 -0.32051 0.55204
v -0.48926 -0.32051 0.51175
v -0.49349 -0.32051 0.39636
v -0.48926 -0.32051 0.28096
v -0.47643 -0.32051 0.24067
v -0.45463 -0.32051 0.21262
v -0.42304 -0.32051 0.19183
v -0.38004 -0.32051 0.17656
v -0.32202 -0.32051 0.16602
v -0.23869 -0.32051 0.15982
v -0.00000 -0.32051 0.15777
v 0.23869 -0.32051 0.15982
v 0.32202 -0.32051 0.16602
v 0.38004 -0.32051 0.17656
v 0.42304 -0.32051 0.19183
v 0.45463 -0.32051 0.21262
v 0.47643 -0.32051 0.24067
v 0.48926 -0.32051 0.28096
v 0.49403 -0.29487 0.39576
v 0.48979 -0.29487 0.51246
v 0.47695 -0.29487 0.55320
v 0.45512 -0.29487 0.58157
v 0.42350 -0.29487 0.60259
v 0.38046 -0.29487 0.61804
v 0.32237 -0.29487 0.62869
v 0.23895 -0.29487 0.63497
v 0.00000 -0.29487 0.63704
v -0.23895 -0.29487 0.63497
v -0.32237 -0.29487 0.62869
v -0.38046 -0.29487 0.61804
v -0.42350 -0.29487 0.60259
v -0.45512 -0.29487 0.58157
v -0.47695 -0.29487 0.55320
v -0.48979 -0.29487 0.51246
v -0.49403 -0.29487 0.39576
v -0.48979 -0.29487 0.27907
v -0.47695 -0.29487 0.23833
v -0.45512 -0.29487 0.20996
v -0.42350 -0.29487 0.18893
v -0.38046 -0.29487 0.17349
v -0.32237 -0.29487 0.16283
v -0.23895 -0.29487 0.15656
v -0.00000 -0.29487 0.15449
v 0.23895 -0.29487 0.15656
v 0.32237 -0.29487 0.16283
v 0.38046 -0.29487 0.17349
v 0.42350 -0.29487 0.18893
v 0.45512 -0.29487 0.20996
v 0.47695 -0.29487 0.23833
v 0.48979 -0.29487 0.27907
v 0.49430 -0.26923 0.39460
v 0.49005 -0.26923 0.51186
v 0.47721 -0.26923 0.55280
v 0.45537 -0.26923 0.58130
v 0.42373 -0.26923 0.60243
v 0.38066 -0.26923 0.61794
v 0.32254 -0.26923 0.62865
v 0.23908 -0.26923 0.63496
v 0.00000 -0.26923 0.63704
v -0.23908 -0.26923 0.63496
v -0.32254 -0.26923 0.62865
v -0.38066 -0.26923 0.61794
v -0.42373 -0.26923 0.60243
v -0.45537 -0.26923 0.58130
v -0.47721 -0.26923 0.55280
v -0.49005 -0.26923 0.51186
v -0.49430 -0.26923 0.39460
v -0.49005 -0.26923 0.27735
v -0.47721 -0.26923 0.23641
v -0.45537 -0.26923 0.20791
v -0.42373 -0.26923 0.18678
v -0.38066 -0.26923 0.17126
v -0.32254 -0.26923 0.16055
v -0.23908 -0.26923 0.15425
v -0.00000 -0.26923 0.15217
v 0.23908 -0.26923 0.15425
v 0.32254 -0.26923 0.16055
v 0.38066 -0.26923 0.17126
v 0.42373 -0.26923 0.18678
v 0.45537 -0.26923 0.20791
v 0.47721 -0.26923 0.23641
v 0.49005 -0.26923 0.27735
v 0.49442 -0.24359 0.39381
v 0.49018 -0.24359 0.51145
v 0.47733 -0.24359 0.55252
v 0.45548 -0.24359 0.58112
v 0.42384 -0.24359 0.60232
v 0.38076 -0.24359 0.61788
v 0.32262 -0.24359 0.62863
v 0.23914 -0.24359 0.63495
v 0.00000 -0.24359 0.63704
v -0.23914 -0.24359 0.63495
v -0.32262 -0.24359 0.62863
v -0.38076 -0.24359 0.61788
v -0.42384 -0.24359 0.60232
v -0.45548 -0.24359 0.58112
v -0.47733 -0.24359 0.55252
v -0.49018 -0.24359 0.51145
v -0.49442 -0.24359 0.39381
v -0.49018 -0.24359 0.27617
v -0.47733 -0.24359 0.23510
v -0.45548 -0.24359 0.20650
v -0.42384 -0.24359 0.18531
v -0.38076 -0.24359 0.16974
v -0.32262 -0.24359 0.15900
v -0.23914 -0.24359 0.15268
v -0.00000 -0.24359 0.15059
v 0.23914 -0.24359 0.15268
v 0.32262 -0.24359 0.15900
v 0.38076 -0.24359 0.16974
v 0.42384 -0.24359 0.18531
v 0.45548 -0.24359 0.20650
v 0.47733 -0.24359 0.23510
v 0.49018 -0.24359 0.27617
v 0.49447 -0.21795 0.39329
v 0.49023 -0.21795 0.51118
v 0.47738 -0.21795 0.55234
v 0.45553 -0.21795 0.58100
v 0.42389 -0.21795 0.60224
v 0.38080 -0.21795 0.61784
v 0.32266 -0.21795 0.62861
v 0.23916 -0.21795 0.63494
v 0.00000 -0.21795 0.63704
v -0.23916 -0.21795 0.63494
v -0.32266 -0.21795 0.62861
v -0.38080 -0.21795 0.61784
v -0.42389 -0.21795 0.60224
v -0.45553 -0.21795 0.58100
v -0.47738 -0.21795 0.55234
v -0.49023 -0.21795 0.51118
v -0.49447 -0.21795 0.39329
v -0.49023 -0.21795 0.27540
v -0.47738 -0.21795 0.23424
v -0.45553 -0.21795 0.20558
v -0.42389 -0.21795 0.18434
v -0.38080 -0.21795 0.16874
v -0.32266 -0.21795 0.15797
v -0.23916 -0.21795 0.15164
v -0.00000 -0.21795 0.14955
v 0.23916 -0.21795 0.15164
v 0.32266 -0.21795 0.15797
v 0.38080 -0.21795 0.16874
v 0.42389 -0.21795 0.18434
v 0.45553 -0.21795 0.20558
v 0.47738 -0.21795 0.23424
v 0.49023 -0.21795 0.27540
v 0.49450 -0.19231 0.39297
v 0.49025 -0.19231 0.51102
v 0.47740 -0.19231 0.55223
v 0.45555 -0.19231 0.58093
v 0.42390 -0.19231 0.60219
v 0.38081 -0.19231 0.61782
v 0.32267 -0.19231 0.62860
v 0.23917 -0.19231 0.63494
v 0.00000 -0.19231 0.63704
v -0.23917 -0.19231 0.63494
v -0.32267 -0.19231 0.62860
v -0.38081 -0.19231 0.61782
v -0.42390 -0.19231 0.60219
v -0.45555 -0.19231 0.58093
v -0.47740 -0.19231 0.55223
v -0.49025 -0.19231 0.51102
v -0.49450 -0.19231 0.39297
v -0.49025 -0.19231 0.27492
v -0.47740 -0.19231 0.23371
v -0.45555 -0.19231 0.20501
v -0.42390 -0.19231 0.18374
v -0.38081 -0.19231 0.16812
v -0.32267 -0.19231 0.15734
v -0.23917 -0.19231 0.15099
v -0.00000 -0.19231 0.14890
v 0.23917 -0.19231 0.15099
v 0.32267 -0.19231 0.15734
v 0.38081 -0.19231 0.16812
v 0.42390 -0.19231 0.18374
v 0.45555 -0.19231 0.20501
v 0.47740 -0.19231 0.23371
v 0.49025 -0.19231 0.27492
v 0.49450 -0.16667 0.39278
v 0.49026 -0.16667 0.51092
v 0.47740 -0.16667 0.55216
v 0.45556 -0.16667 0.58088
v 0.42391 -0.16667 0.60217
v 0.38082 -0.16667 0.61780
v 0.32267 -0.16667 0.62859
v 0.23918 -0.16667 0.63494
v 0.00000 -0.16667 0.63704
v -0.23918 -0.16667 0.63494
v -0.32267 -0.16667 0.62859
v -0.38082 -0.16667 0.61780
v -0.42391 -0.16667 0.60217
v -0.45556 -0.16667 0.58088
v -0.47740 -0.16667 0.55216
v -0.49026 -0.16667 0.51092
v -0.49450 -0.16667 0.39278
v -0.49026 -0.16667 0.27463
v -0.47740 -0.16667 0.23339
v -0.45556 -0.16667 0.20467
v -0.42391 -0.16667 0.18338
v -0.38082 -0.16667 0.16775
v -0.32267 -0.16667 0.15696
v -0.23918 -0.16667 0.15061
v -0.00000 -0.16667 0.14851
v 0.23918 -0.16667 0.15061
v 0.32267 -0.16667 0.15696
v 0.38082 -0.16667 0.16775
v 0.42391 -0.16667 0.18338
v 0.45556 -0.16667 0.20467
v 0.47740 -0.16667 0.23339
v 0.49026 -0.16667 0.27463
v 0.49450 -0.14103 0.39267
v 0.49026 -0.14103 0.51086
v 0.47741 -0.14103 0.55213
v 0.45556 -0.14103 0.58086
v 0.42391 -0.14103 0.60215
v 0.38082 -0.14103 0.61779
v 0.32268 -0.14103 0.62859
v 0.23918 -0.14103 0.63494
v 0.00000 -0.14103 0.63704
v -0.23918 -0.14103 0.63494
v -0.32268 -0.14103 0.62859
v -0.38082 -0.14103 0.61779
v -0.42391 -0.14103 0.60215
v -0.45556 -0.14103 0.58086
v -0.47741 -0.14103 0.55213
v -0.49026 -0.14103 0.51086
v -0.49450 -0.14103 0.39267
v -0.49026 -0.14103 0.27448
v -0.47741 -0.14103 0.23322
v -0.45556 -0.14103 0.20448
v -0.42391 -0.14103 0.18319
v -0.38082 -0.14103 0.16755
v -0.32268 -0.14103 0.15676
v -0.23918 -0.14103 0.15040
v -0.00000 -0.14103 0.14831
v 0.23918 -0.14103 0.15040
v 0.32268 -0.14103 0.15676
v 0.38082 -0.14103 0.16755
v 0.42391 -0.14103 0.18319
v 0.45556 -0.14103 0.20448
v 0.47741 -0.14103 0.23322
v 0.49026 -0.14103 0.27448
v 0.49451 -0.11538 0.39262
v 0.49026 -0.11538 0.51084
v 0.47741 -0.11538 0.55211
v 0.45556 -0.11538 0.58085
v 0.42391 -0.11538 0.60215
v 0.38082 -0.11538 0.61779
v 0.32268 -0.11538 0.62859
v 0.23918 -0.11538 0.63494
v 0.00000 -0.11538 0.63704
v -0.23918 -0.11538 0.63494
v -0.32268 -0.11538 0.62859
v -0.38082 -0.11538 0.61779
v -0.42391 -0.11538 0.60215
v -0.45556 -0.11538 0.58085
v -0.47741 -0.11538 0.55211
v -0.49026 -0.11538 0.51084
v -0.49451 -0.11538 0.39262
v -0.49026 -0.11538 0.27441
v -0.47741 -0.11538 0.23314
v -0.45556 -0.11538 0.20440
v -0.42391 -0.11538 0.18310
v -0.38082 -0.11538 0.16745
v -0.32268 -0.11538 0.15666
v -0.23918 -0.11538 0.15030
v -0.00000 -0.11538 0.14821
v 0.23918 -0.11538 0.15030
v 0.32268 -0.11538 0.15666
v 0.38082 -0.11538 0.16745
v 0.42391 -0.11538 0.18310
v 0.45556 -0.11538 0.20440
v 0.47741 -0.11538 0.23314
v 0.49026 -0.11538 0.27441
v 0.49451 -0.08974 0.39260
v 0.49026 -0.08974 0.51083
v 0.47741 -0.08974 0.55210
v 0.45556 -0.08974 0.58084
v 0.42391 -0.08974 0.60214
v 0.38082 -0.08974 0.61779
v 0.32268 -0.08974 0.62859
v 0.23918 -0.08974 0.63494
v 0.00000 -0.08974 0.63704
v -0.23918 -0.08974 0.63494
v -0.32268 -0.08974 0.62859
v -0.38082 -0.08974 0.61779
v -0.42391 -0.08974 0.60214
v -0.45556 -0.08974 0.58084
v -0.47741 -0.08974 0.55210
v -0.49026 -0.08974 0.51083
v -0.49451 -0.08974 0.39260
v -0.49026 -0.08974 0.27437
v -0.47741 -0.08974 0.23310
v -0.45556 -0.08974 0.20436
v -0.42391 -0.08974 0.18306
v -0.38082 -0.08974 0.16741
v -0.32268 -0.08974 0.15662
v -0.23918 -0.08974 0.15026
v -0.00000 -0.08974 0.14816
v 0.23918 -0.08974 0.15026
v 0.32268 -0.08974 0.15662
v 0.38082 -0.08974 0.16741
v 0.42391 -0.08974 0.18306
v 0.45556 -0.08974 0.20436
v 0.47741 -0.08974 0.23310
v 0.49026 -0.08974 0.27437
v 0.49451 -0.06410 0.39259
v 0.49026 -0.06410 0.51082
v 0.47741 -0.06410 0.55210
v 0.45556 -0.06410 0.58084
v 0.42391 -0.06410 0.60214
v 0.38082 -0.06410 0.61779
v 0.32268 -0.06410 0.62859
v 0.23918 -0.06410 0.63494
v 0.00000 -0.06410 0.63704
v -0.23918 -0.06410 0.63494
v -0.32268 -0.06410 0.62859
v -0.38082 -0.06410 0.61779
v -0.42391 -0.06410 0.60214
v -0.45556 -0.06410 0.58084
v -0.47741 -0.06410 0.55210
v -0.49026 -0.06410 0.51082
v -0.49451 -0.06410 0.39259
v -0.49026 -0.06410 0.27436
v -0.47741 -0.06410 0.23309
v -0.45556 -0.06410 0.20435
v -0.42391 -0.06410 0.18305
v -0.38082 -0.06410 0.16740
v -0.32268 -0.06410 0.15660
v -0.23918 -0.06410 0.15025
v -0.00000 -0.06410 0.14815
v 0.23918 -0.06410 0.15025
v 0.32268 -0.06410 0.15660
v 0.38082 -0.06410 0.16740
v 0.42391 -0.06410 0.18305
v 0.45556 -0.06410 0.20435
v 0.47741 -0.06410 0.23309
v 0.49026 -0.06410 0.27436
v 0.49451 -0.03846 0.39259
v 0.49026 -0.03846 0.51082
v 0.47741 -0.03846 0.55210
v 0.45556 -0.03846 0.58084
v 0.42391 -0.03846 0.60214
v 0.38082 -0.03846 0.61779
v 0.32268 -0.03846 0.62859
v 0.23918 -0.03846 0.63494
v 0.00000 -0.03846 0.63704
v -0.23918 -0.03846 0.63494
v -0.32268 -0.03846 0.62859
v -0.38082 -0.03846 0.61779
v -0.42391 -0.03846 0.60214
v -0.45556 -0.03846 0.58084
v -0.47741 -0.03846 0.55210
v -0.49026 -0.03846 0.51082
v -0.49451 -0.03846 0.39259
v -0.49026 -0.03846 0.27436
v -0.47741 -0.03846 0.23309
v -0.45556 -0.03846 0.20434
v -0.42391 -0.03846 0.18304
v -0.38082 -0.03846 0.16740
v -0.32268 -0.03846 0.15660
v -0.23918 -0.03846 0.15025
v -0.00000 -0.03846 0.14815
v 0.23918 -0.03846 0.15025
v 0.32268 -0.03846 0.15660
v 0.38082 -0.03846 0.16740
v 0.42391 -0.03846 0.18304
v 0.45556 -0.03846 0.20434
v 0.47741 -0.03846 0.23309
v 0.49026 -0.03846 0.27436
v 0.49451 -0.01282 0.39259
v 0.49026 -0.01282 0.51082
v 0.47741 -0.01282 0.55210
v 0.45556 -0.01282 0.58084
v 0.42391 -0.01282 0.60214
v 0.38082 -0.01282 0.61779
v 0.32268 -0.01282 0.62859
v 0.23918 -0.01282 0.63494
v 0.00000 -0.01282 0.63704
v -0.23918 -0.01282 0.63494
v -0.32268 -0.01282 0.62859
v -0.38082 -0.01282 0.61779
v -0.42391 -0.01282 0.60214
v -0.45556 -0.01282 0.58084
v -0.47741 -0.01282 0.55210
v -0.49026 -0.01282 0.51082
v -0.49451 -0.01282 0.39259
v -0.49026 -0.01282 0.27436
v -0.47741 -0.01282 0.23309
v -0.45556 -0.01282 0.20434
v -0.42391 -0.01282 0.18304
v -0.38082 -0.01282 0.16740
v -0.32268 -0.01282 0.15660
v -0.23918 -0.01282 0.15025
v -0.00000 -0.01282 0.14815
v 0.23918 -0.01282 0.15025
v 0.32268 -0.01282 0.15660
v 0.38082 -0.01282 0.16740
v 0.42391 -0.01282 0.18304
v 0.45556 -0.01282 0.20434
v 0.47741 -0.01282 0.23309
v 0.49026 -0.01282 0.27436
v 0.49451 0.01282 0.37778
v 0.49026 0.01282 0.48884
v 0.47741 0.01282 0.52762
v 0.45556 0.01282 0.55462
v 0.42391 0.01282 0.57463
v 0.38082 0.01282 0.58932
v 0.32268 0.01282 0.59947
v 0.23918 0.01282 0.60544
v 0.00000 0.01282 0.60741
v -0.23918 0.01282 0.60544
v -0.32268 0.01282 0.59947
v -0.38082 0.01282 0.58932
v -0.42391 0.01282 0.57463
v -0.45556 0.01282 0.55462
v -0.47741 0.01282 0.52762
v -0.49026 0.01282 0.48884
v -0.49451 0.01282 0.37778
v -0.49026 0.01282 0.26671
v -0.47741 0.01282 0.22794
v -0.45556 0.01282 0.20094
v -0.42391 0.01282 0.18093
v -0.38082 0.01282 0.16623
v -0.32268 0.01282 0.15609
v -0.23918 0.01282 0.15012
v -0.00000 0.01282 0.14815
v 0.23918 0.01282 0.15012
v 0.32268 0.01282 0.15609
v 0.38082 0.01282 0.16623
v 0.42391 0.01282 0.18093
v 0.45556 0.01282 0.20094
v 0.47741 0.01282 0.22794
v 0.49026 0.01282 0.26671
v 0.49451 0.03846 0.37778
v 0.49026 0.03846 0.48884
v 0.47741 0.03846 0.52762
v 0.45556 0.03846 0.55462
v 0.42391 0.03846 0.57463
v 0.38082 0.03846 0.58932
v 0.32268 0.03846 0.59947
v 0.23918 0.03846 0.60544
v 0.00000 0.03846 0.60741
v -0.23918 0.03846 0.60544
v -0.32268 0.03846 0.59947
v -0.38082 0.03846 0.58932
v -0.42391 0.03846 0.57463
v -0.45556 0.03846 0.55462
v -0.47741 0.03846 0.52762
v -0.49026 0.03846 0.48884
v -0.49451 0.03846 0.37778
v -0.49026 0.03846 0.26671
v -0.47741 0.03846 0.22794
v -0.45556 0.03846 0.20094
v -0.42391 0.03846 0.18093
v -0.38082 0.03846 0.16623
v -0.32268 0.03846 0.15609
v -0.23918 0.03846 0.15012
v -0.00000 0.03846 0.14815
v 0.23918 0.03846 0.15012
v 0.32268 0.03846 0.15609
v 0.38082 0.03846 0.16623
v 0.42391 0.03846 0.18093
v 0.45556 0.03846 0.20094
v 0.47741 0.03846 0.22794
v 0.49026 0.03846 0.26671
v 0.49451 0.06410 0.37778
v 0.49026 0.06410 0.48884
v 0.47741 0.06410 0.52762
v 0.45556 0.06410 0.55462
v 0.42391 0.06410 0.57463
v 0.38082 0.06410 0.58932
v 0.32268 0.06410 0.59947
v 0.23918 0.06410 0.60544
v 0.00000 0.06410 0.60741
v -0.23918 0.06410 0.60544
v -0.32268 0.06410 0.59947
v -0.38082 0.06410 0.58932
v -0.42391 0.06410 0.57463
v -0.45556 0.06410 0.55462
v -0.47741 0.06410 0.52762
v -0.49026 0.06410 0.48884
v -0.49451 0.06410 0.37778
v -0.49026 0.06410 0.26672
v -0.47741 0.06410 0.22794
v -0.45556 0.06410 0.20094
v -0.42391 0.06410 0.18093
v -0.38082 0.06410 0.16624
v -0.32268 0.06410 0.15609
v -0.23918 0.06410 0.15012
v -0.00000 0.06410 0.14815
v 0.23918 0.06410 0.15012
v 0.32268 0.06410 0.15609
v 0.38082 0.06410 0.16624
v 0.42391 0.06410 0.18093
v 0.45556 0.06410 0.20094
v 0.47741 0.06410 0.22794
v 0.49026 0.06410 0.26672
v 0.49451 0.08974 0.37779
v 0.49026 0.08974 0.48885
v 0.47741 0.08974 0.52762
v 0.45556 0.08974 0.55462
v 0.42391 0.08974 0.57463
v 0.38082 0.08974 0.58932
v 0.32268 0.08974 0.59947
v 0.23918 0.08974 0.60544
v 0.00000 0.08974 0.60741
v -0.23918 0.08974 0.60544
v -0.32268 0.08974 0.59947
v -0.38082 0.08974 0.58932
v -0.42391 0.08974 0.57463
v -0.45556 0.08974 0.55462
v -0.47741 0.08974 0.52762
v -0.49026 0.08974 0.48885
v -0.49451 0.08974 0.37779
v -0.49026 0.08974 0.26673
v -0.47741 0.08974 0.22795
v -0.45556 0.08974 0.20095
v -0.42391 0.08974 0.18094
v -0.38082 0.08974 0.16625
v -0.32268 0.08974 0.15610
v -0.23918 0.08974 0.15014
v -0.00000 0.08974 0.14816
v 0.23918 0.08974 0.15014
v 0.32268 0.08974 0.15610
v 0.38082 0.08974 0.16625
v 0.42391 0.08974 0.18094
v 0.45556 0.08974 0.20095
v 0.47741 0.08974 0.22795
v 0.49026 0.08974 0.26673
v 0.49451 0.11538 0.37781
v 0.49026 0.11538 0.48886
v 0.47741 0.11538 0.52763
v 0.45556 0.11538 0.55462
v 0.42391 0.11538 0.57463
v 0.38082 0.11538 0.58933
v 0.32268 0.11538 0.59947
v 0.23918 0.11538 0.60544
v 0.00000 0.11538 0.60741
v -0.23918 0.11538 0.60544
v -0.32268 0.11538 0.59947
v -0.38082 0.11538 0.58933
v -0.42391 0.11538 0.57463
v -0.45556 0.11538 0.55462
v -0.47741 0.11538 0.52763
v -0.49026 0.11538 0.48886
v -0.49451 0.11538 0.37781
v -0.49026 0.11538 0.26676
v -0.47741 0.11538 0.22799
v -0.45556 0.11538 0.20099
v -0.42391 0.11538 0.18098
v -0.38082 0.11538 0.16629
v -0.32268 0.11538 0.15615
v -0.23918 0.11538 0.15018
v -0.00000 0.11538 0.14821
v 0.23918 0.11538 0.15018
v 0.32268 0.11538 0.15615
v 0.38082 0.11538 0.16629
v 0.42391 0.11538 0.18098
v 0.45556 0.11538 0.20099
v 0.47741 0.11538 0.22799
v 0.49026 0.11538 0.26676
v 0.49450 0.14103 0.37786
v 0.49026 0.14103 0.48888
v 0.47741 0.14103 0.52764
v 0.45556 0.14103 0.55464
v 0.42391 0.14103 0.57464
v 0.38082 0.14103 0.58933
v 0.32268 0.14103 0.59947
v 0.23918 0.14103 0.60544
v 0.00000 0.14103 0.60741
v -0.23918 0.14103 0.60544
v -0.32268 0.14103 0.59947
v -0.38082 0.14103 0.58933
v -0.42391 0.14103 0.57464
v -0.45556 0.14103 0.55464
v -0.47741 0.14103 0.52764
v -0.49026 0.14103 0.48888
v -0.49450 0.14103 0.37786
v -0.49026 0.14103 0.26683
v -0.47741 0.14103 0.22807
v -0.45556 0.14103 0.20108
v -0.42391 0.14103 0.18108
v -0.38082 0.14103 0.16638
v -0.32268 0.14103 0.15624
v -0.23918 0.14103 0.15028
v -0.00000 0.14103 0.14831
v 0.23918 0.14103 0.15028
v 0.32268 0.14103 0.15624
v 0.38082 0.14103 0.16638
v 0.42391 0.14103 0.18108
v 0.45556 0.14103 0.20108
v 0.47741 0.14103 0.22807
v 0.49026 0.14103 0.26683
v 0.49450 0.16667 0.37796
v 0.49026 0.16667 0.48894
v 0.47740 0.16667 0.52768
v 0.45556 0.16667 0.55466
v 0.42391 0.16667 0.57465
v 0.38082 0.16667 0.58934
v 0.32267 0.16667 0.59947
v 0.23918 0.16667 0.60544
v 0.00000 0.16667 0.60741
v -0.23918 0.16667 0.60544
v -0.32267 0.16667 0.59947
v -0.38082 0.16667 0.58934
v -0.42391 0.16667 0.57465
v -0.45556 0.16667 0.55466
v -0.47740 0.16667 0.52768
v -0.49026 0.16667 0.48894
v -0.49450 0.16667 0.37796
v -0.49026 0.16667 0.26698
v -0.47740 0.16667 0.22824
v -0.45556 0.16667 0.20126
v -0.42391 0.16667 0.18127
v -0.38082 0.16667 0.16658
v -0.32267 0.16667 0.15645
v -0.23918 0.16667 0.15048
v -0.00000 0.16667 0.14851
v 0.23918 0.16667 0.15048
v 0.32267 0.16667 0.15645
v 0.38082 0.16667 0.16658
v 0.42391 0.16667 0.18127
v 0.45556 0.16667 0.20126
v 0.47740 0.16667 0.22824
v 0.49026 0.16667 0.26698
v 0.49450 0.19231 0.37815
v 0.49025 0.19231 0.48904
v 0.47740 0.19231 0.52775
v 0.45555 0.19231 0.55470
v 0.42390 0.19231 0.57468
v 0.38081 0.19231 0.58935
v 0.32267 0.19231 0.59948
v 0.23917 0.19231 0.60544
v 0.00000 0.19231 0.60741
v -0.23917 0.19231 0.60544
v -0.32267 0.19231 0.59948
v -0.38081 0.19231 0.58935
v -0.42390 0.19231 0.57468
v -0.45555 0.19231 0.55470
v -0.47740 0.19231 0.52775
v -0.49025 0.19231 0.48904
v -0.49450 0.19231 0.37815
v -0.49025 0.19231 0.26727
v -0.47740 0.19231 0.22856
v -0.45555 0.19231 0.20160
v -0.42390 0.19231 0.18162
v -0.38081 0.19231 0.16695
v -0.32267 0.19231 0.15682
v -0.23917 0.19231 0.15086
v -0.00000 0.19231 0.14890
v 0.23917 0.19231 0.15086
v 0.32267 0.19231 0.15682
v 0.38081 0.19231 0.16695
v 0.42390 0.19231 0.18162
v 0.45555 0.19231 0.20160
v 0.47740 0.19231 0.22856
v 0.49025 0.19231 0.26727
v 0.49447 0.21795 0.37816
v 0.49023 0.21795 0.48874
v 0.47738 0.21795 0.52734
v 0.45553 0.21795 0.55422
v 0.42389 0.21795 0.57415
v 0.38080 0.21795 0.58878
v 0.32266 0.21795 0.59888
v 0.23916 0.21795 0.60482
v 0.00000 0.21795 0.60678
v -0.23916 0.21795 0.60482
v -0.32266 0.21795 0.59888
v -0.38080 0.21795 0.58878
v -0.42389 0.21795 0.57415
v -0.45553 0.21795 0.55422
v -0.47738 0.21795 0.52734
v -0.49023 0.21795 0.48874
v -0.49447 0.21795 0.37816
v -0.49023 0.21795 0.26759
v -0.47738 0.21795 0.22899
v -0.45553 0.21795 0.20210
v -0.42389 0.21795 0.18218
v -0.38080 0.21795 0.16755
v -0.32266 0.21795 0.15745
v -0.23916 0.21795 0.15151
v -0.00000 0.21795 0.14955
v 0.23916 0.21795 0.15151
v 0.32266 0.21795 0.15745
v 0.38080 0.21795 0.16755
v 0.42389 0.21795 0.18218
v 0.45553 0.21795 0.20210
v 0.47738 0.21795 0.22899
v 0.49023 0.21795 0.26759
v 0.49442 0.24359 0.37687
v 0.49018 0.24359 0.48631
v 0.47733 0.24359 0.52452
v 0.45548 0.24359 0.55112
v 0.42384 0.24359 0.57084
v 0.38076 0.24359 0.58532
v 0.32262 0.24359 0.59532
v 0.23914 0.24359 0.60120
v 0.00000 0.24359 0.60314
v -0.23914 0.24359 0.60120
v -0.32262 0.24359 0.59532
v -0.38076 0.24359 0.58532
v -0.42384 0.24359 0.57084
v -0.45548 0.24359 0.55112
v -0.47733 0.24359 0.52452
v -0.49018 0.24359 0.48631
v -0.49442 0.24359 0.37687
v -0.49018 0.24359 0.26742
v -0.47733 0.24359 0.22921
v -0.45548 0.24359 0.20261
v -0.42384 0.24359 0.18289
v -0.38076 0.24359 0.16841
v -0.32262 0.24359 0.15841
v -0.23914 0.24359 0.15253
v -0.00000 0.24359 0.15059
v 0.23914 0.24359 0.15253
v 0.32262 0.24359 0.15841
v 0.38076 0.24359 0.16841
v 0.42384 0.24359 0.18289
v 0.45548 0.24359 0.20261
v 0.47733 0.24359 0.22921
v 0.49018 0.24359 0.26742
v 0.49430 0.26923 0.37481
v 0.49005 0.26923 0.48250
v 0.47721 0.26923 0.52009
v 0.45537 0.26923 0.54627
v 0.42373 0.26923 0.56567
v 0.38066 0.26923 0.57992
v 0.32254 0.26923 0.58975
v 0.23908 0.26923 0.59554
v 0.00000 0.26923 0.59745
v -0.23908 0.26923 0.59554
v -0.32254 0.26923 0.58975
v -0.38066 0.26923 0.57992
v -0.42373 0.26923 0.56567
v -0.45537 0.26923 0.54627
v -0.47721 0.26923 0.52009
v -0.49005 0.26923 0.48250
v -0.49430 0.26923 0.37481
v -0.49005 0.26923 0.26713
v -0.47721 0.26923 0.22953
v -0.45537 0.26923 0.20336
v -0.42373 0.26923 0.18395
v -0.38066 0.26923 0.16971
v -0.32254 0.26923 0.15987
v -0.23908 0.26923 0.15408
v -0.00000 0.26923 0.15217
v 0.23908 0.26923 0.15408
v 0.32254 0.26923 0.15987
v 0.38066 0.26923 0.16971
v 0.42373 0.26923 0.18395
v 0.45537 0.26923 0.20336
v 0.47721 0.26923 0.22953
v 0.49005 0.26923 0.26713
v 0.49403 0.29487 0.37231
v 0.48979 0.29487 0.47766
v 0.47695 0.29487 0.51444
v 0.45512 0.29487 0.54005
v 0.42350 0.29487 0.55903
v 0.38046 0.29487 0.57297
v 0.32237 0.29487 0.58260
v 0.23895 0.29487 0.58826
v 0.00000 0.29487 0.59013
v -0.23895 0.29487 0.58826
v -0.32237 0.29487 0.58260
v -0.38046 0.29487 0.57297
v -0.42350 0.29487 0.55903
v -0.45512 0.29487 0.54005
v -0.47695 0.29487 0.51444
v -0.48979 0.29487 0.47766
v -0.49403 0.29487 0.37231
v -0.48979 0.29487 0.26696
v -0.47695 0.29487 0.23018
v -0.45512 0.29487 0.20456
v -0.42350 0.29487 0.18558
v -0.38046 0.29487 0.17164
v -0.32237 0.29487 0.16202
v -0.23895 0.29487 0.15636
v -0.00000 0.29487 0.15449
v 0.23895 0.29487 0.15636
v 0.32237 0.29487 0.16202
v 0.38046 0.29487 0.17164
v 0.42350 0.29487 0.18558
v 0.45512 0.29487 0.20456
v 0.47695 0.29487 0.23018
v 0.48979 0.29487 0.26696
v 0.49349 0.32051 0.36958
v 0.48926 0.32051 0.47203
v 0.47643 0.32051 0.50779
v 0.45463 0.32051 0.53270
v 0.42304 0.32051 0.55115
v 0.38004 0.32051 0.56471
v 0.32202 0.32051 0.57407
v 0.23869 0.32051 0.57957
v 0.00000 0.32051 0.58139
v -0.23869 0.32051 0.57957
v -0.32202 0.32051 0.57407
v -0.38004 0.32051 0.56471
v -0.42304 0.32051 0.55115
v -0.45463 0.32051 0.53270
v -0.47643 0.32051 0.50779
v -0.48926 0.32051 0.47203
v -0.49349 0.32051 0.36958
v -0.48926 0.32051 0.26713
v -0.47643 0.32051 0.23137
v -0.45463 0.32051 0.20646
v -0.42304 0.32051 0.18801
v -0.38004 0.32051 0.17445
v -0.32202 0.32051 0.16509
v -0.23869 0.32051 0.15959
v -0.00000 0.32051 0.15777
v 0.23869 0.32051 0.15959
v 0.32202 0.32051 0.16509
v 0.38004 0.32051 0.17445
v 0.42304 0.32051 0.18801
v 0.45463 0.32051 0.20646
v 0.47643 0.32051 0.23137
v 0.48926 0.32051 0.26713
v 0.49246 0.34615 0.36683
v 0.48824 0.34615 0.46576
v 0.47544 0.34615 0.50030
v 0.45368 0.34615 0.52435
v 0.42216 0.34615 0.54218
v 0.37925 0.34615 0.55527
v 0.32134 0.34615 0.56431
v 0.23819 0.34615 0.56962
v 0.00000 0.34615 0.57138
v -0.23819 0.34615 0.56962
v -0.32134 0.34615 0.56431
v -0.37925 0.34615 0.55527
v -0.42216 0.34615 0.54218
v -0.45368 0.34615 0.52435
v -0.47544 0.34615 0.50030
v -0.48824 0.34615 0.46576
v -0.49246 0.34615 0.36683
v -0.48824 0.34615 0.26790
v -0.47544 0.34615 0.23336
v -0.45368 0.34615 0.20931
v -0.42216 0.34615 0.19148
v -0.37925 0.34615 0.17839
v -0.32134 0.34615 0.16936
v -0.23819 0.34615 0.16404
v -0.00000 0.34615 0.16228
v 0.23819 0.34615 0.16404
v 0.32134 0.34615 0.16936
v 0.37925 0.34615 0.17839
v 0.42216 0.34615 0.19148
v 0.45368 0.34615 0.20931
v 0.47544 0.34615 0.23336
v 0.48824 0.34615 0.26790
v 0.49056 0.37179 0.36427
v 0.48635 0.37179 0.45903
v 0.47360 0.37179 0.49211
v 0.45193 0.37179 0.51515
v 0.42053 0.37179 0.53222
v 0.37779 0.37179 0.54476
v 0.32010 0.37179 0.55342
v 0.23727 0.37179 0.55851
v 0.00000 0.37179 0.56019
v -0.23727 0.37179 0.55851
v -0.32010 0.37179 0.55342
v -0.37779 0.37179 0.54476
v -0.42053 0.37179 0.53222
v -0.45193 0.37179 0.51515
v -0.47360 0.37179 0.49211
v -0.48635 0.37179 0.45903
v -0.49056 0.37179 0.36427
v -0.48635 0.37179 0.26951
v -0.47360 0.37179 0.23643
v -0.45193 0.37179 0.21340
v -0.42053 0.37179 0.19632
v -0.37779 0.37179 0.18378
v -0.32010 0.37179 0.17513
v -0.23727 0.37179 0.17004
v -0.00000 0.37179 0.16836
v 0.23727 0.37179 0.17004
v 0.32010 0.37179 0.17513
v 0.37779 0.37179 0.18378
v 0.42053 0.37179 0.19632
v 0.45193 0.37179 0.21340
v 0.47360 0.37179 0.23643
v 0.48635 0.37179 0.26951
v 0.48712 0.39744 0.36213
v 0.48294 0.39744 0.45198
v 0.47028 0.39744 0.48335
v 0.44876 0.39744 0.50520
v 0.41758 0.39744 0.52139
v 0.37513 0.39744 0.53328
v 0.31786 0.39744 0.54148
v 0.23561 0.39744 0.54631
v 0.00000 0.39744 0.54791
v -0.23561 0.39744 0.54631
v -0.31786 0.39744 0.54148
v -0.37513 0.39744 0.53328
v -0.41758 0.39744 0.52139
v -0.44876 0.39744 0.50520
v -0.47028 0.39744 0.48335
v -0.48294 0.39744 0.45198
v -0.48712 0.39744 0.36213
v -0.48294 0.39744 0.27228
v -0.47028 0.39744 0.24091
v -0.44876 0.39744 0.21906
v -0.41758 0.39744 0.20287
v -0.37513 0.39744 0.19098
v -0.31786 0.39744 0.18278
v -0.23561 0.39744 0.17795
v -0.00000 0.39744 0.17635
v 0.23561 0.39744 0.17795
v 0.31786 0.39744 0.18278
v 0.37513 0.39744 0.19098
v 0.41758 0.39744 0.20287
v 0.44876 0.39744 0.21906
v 0.47028 0.39744 0.24091
v 0.48294 0.39744 0.27228
v 0.48088 0.42308 0.36065
v 0.47675 0.42308 0.44478
v 0.46425 0.42308 0.47415
v 0.44301 0.42308 0.49460
v 0.41223 0.42308 0.50975
v 0.37033 0.42308 0.52089
v 0.31378 0.42308 0.52857
v 0.23259 0.42308 0.53309
v 0.00000 0.42308 0.53459
v -0.23259 0.42308 0.53309
v -0.31378 0.42308 0.52857
v -0.37033 0.42308 0.52089
v -0.41223 0.42308 0.50975
v -0.44301 0.42308 0.49460
v -0.46425 0.42308 0.47415
v -0.47675 0.42308 0.44478
v -0.48088 0.42308 0.36065
v -0.47675 0.42308 0.27652
v -0.46425 0.42308 0.24714
v -0.44301 0.42308 0.22669
v -0.41223 0.42308 0.21154
v -0.37033 0.42308 0.20040
v -0.31378 0.42308 0.19272
v -0.23259 0.42308 0.18820
v -0.00000 0.42308 0.18670
v 0.23259 0.42308 0.18820
v 0.31378 0.42308 0.19272
v 0.37033 0.42308 0.20040
v 0.41223 0.42308 0.21154
v 0.44301 0.42308 0.22669
v 0.46425 0.42308 0.24714
v 0.47675 0.42308 0.27652
v 0.46913 0.44872 0.36009
v 0.46510 0.44872 0.43757
v 0.45291 0.44872 0.46462
v 0.43218 0.44872 0.48345
v 0.40216 0.44872 0.49741
v 0.36128 0.44872 0.50767
v 0.30612 0.44872 0.51474
v 0.22690 0.44872 0.51891
v 0.00000 0.44872 0.52028
v -0.22690 0.44872 0.51891
v -0.30612 0.44872 0.51474
v -0.36128 0.44872 0.50767
v -0.40216 0.44872 0.49741
v -0.43218 0.44872 0.48345
v -0.45291 0.44872 0.46462
v -0.46510 0.44872 0.43757
v -0.46913 0.44872 0.36009
v -0.46510 0.44872 0.28261
v -0.45291 0.44872 0.25556
v -0.43218 0.44872 0.23672
v -0.40216 0.44872 0.22276
v -0.36128 0.44872 0.21251
v -0.30612 0.44872 0.20543
v -0.22690 0.44872 0.20127
v -0.00000 0.44872 0.19989
v 0.22690 0.44872 0.20127
v 0.30612 0.44872 0.20543
v 0.36128 0.44872 0.21251
v 0.40216 0.44872 0.22276
v 0.43218 0.44872 0.23672
v 0.45291 0.44872 0.25556
v 0.46510 0.44872 0.28261
v 0.44376 0.47436 0.36075
v 0.43995 0.47436 0.43054
v 0.42841 0.47436 0.45490
v 0.40881 0.47436 0.47187
v 0.38041 0.47436 0.48444
v 0.34174 0.47436 0.49367
v 0.28956 0.47436 0.50005
v 0.21463 0.47436 0.50380
v 0.00000 0.47436 0.50504
v -0.21463 0.47436 0.50380
v -0.28956 0.47436 0.50005
v -0.34174 0.47436 0.49367
v -0.38041 0.47436 0.48444
v -0.40881 0.47436 0.47187
v -0.42841 0.47436 0.45490
v -0.43995 0.47436 0.43054
v -0.44376 0.47436 0.36075
v -0.43995 0.47436 0.29096
v -0.42841 0.47436 0.26660
v -0.40881 0.47436 0.24964
v -0.38041 0.47436 0.23706
v -0.34174 0.47436 0.22783
v -0.28956 0.47436 0.22145
v -0.21463 0.47436 0.21770
v -0.00000 0.47436 0.21647
v 0.21463 0.47436 0.21770
v 0.28956 0.47436 0.22145
v 0.34174 0.47436 0.22783
v 0.38041 0.47436 0.23706
v 0.40881 0.47436 0.24964
v 0.42841 0.47436 0.26660
v 0.43995 0.47436 0.29096
v 0.01484 0.50000 0.36296
v 0.01471 0.50000 0.42387
v 0.01432 0.50000 0.44513
v 0.01367 0.50000 0.45994
v 0.01272 0.50000 0.47091
v 0.01142 0.50000 0.47897
v 0.00968 0.50000 0.48453
v 0.00718 0.50000 0.48781
v 0.00000 0.50000 0.48889
v -0.00718 0.50000 0.48781
v -0.00968 0.50000 0.48453
v -0.01142 0.50000 0.47897
v -0.01272 0.50000 0.47091
v -0.01367 0.50000 0.45994
v -0.01432 0.50000 0.44513
v -0.01471 0.50000 0.42387
v -0.01484 0.50000 0.36296
v -0.01471 0.50000 0.30206
v -0.01432 0.50000 0.28079
v -0.01367 0.50000 0.26599
v -0.01272 0.50000 0.25501
v -0.01142 0.50000 0.24695
v -0.00968 0.50000 0.24139
v -0.00718 0.50000 0.23812
v -0.00000 0.50000 0.23704
v 0.00718 0.50000 0.23812
v 0.00968 0.50000 0.24139
v 0.01142 0.50000 0.24695
v 0.01272 0.50000 0.25501
v 0.01367 0.50000 0.26599
v 0.01432 0.50000 0.28079
v 0.01471 0.50000 0.30206
v -0.00000 -0.50000 0.40741
v -0.00000 0.50000 0.36296
v -0.46154 -0.36782 0.57037
v -0.46085 -0.36782 0.59574
v -0.46056 -0.36782 0.59630
v 0.46056 -0.36782 0.59630
v 0.46085 -0.36782 0.59574
v 0.46154 -0.36782 0.57037
v -0.46154 -0.34721 0.57037
v -0.44758 -0.34721 0.65656
v -0.44172 -0.34721 0.66785
v 0.44172 -0.34721 0.66785
v 0.44758 -0.34721 0.65656
v 0.46154 -0.34721 0.57037
v -0.46154 -0.32660 0.57037
v -0.43418 -0.32660 0.71801
v -0.42268 -0.32660 0.74015
v 0.42268 -0.32660 0.74015
v 0.43418 -0.32660 0.71801
v 0.46154 -0.32660 0.57037
v -0.46154 -0.30598 0.57037
v -0.42140 -0.30598 0.77659
v -0.40454 -0.30598 0.80907
v 0.40454 -0.30598 0.80907
v 0.42140 -0.30598 0.77659
v 0.46154 -0.30598 0.57037
v -0.46154 -0.28537 0.57037
v -0.40935 -0.28537 0.83180
v -0.38743 -0.28537 0.87401
v 0.38743 -0.28537 0.87401
v 0.40935 -0.28537 0.83180
v 0.46154 -0.28537 0.57037
v -0.46154 -0.26476 0.57037
v -0.39821 -0.26476 0.88286
v -0.37161 -0.26476 0.93409
v 0.37161 -0.26476 0.93409
v 0.39821 -0.26476 0.88286
v 0.46154 -0.26476 0.57037
v -0.46154 -0.24415 0.57037
v -0.38828 -0.24415 0.92840
v -0.35751 -0.24415 0.98766
v 0.35751 -0.24415 0.98766
v 0.38828 -0.24415 0.92840
v 0.46154 -0.24415 0.57037
v -0.46154 -0.22354 0.57037
v -0.38035 -0.22354 0.96476
v -0.34624 -0.22354 1.03043
v 0.34624 -0.22354 1.03043
v 0.38035 -0.22354 0.96476
v 0.46154 -0.22354 0.57037
v -0.46154 -0.20293 0.57037
v -0.38118 -0.20293 0.96094
v -0.34743 -0.20293 1.02594
v 0.34743 -0.20293 1.02594
v 0.38118 -0.20293 0.96094
v 0.46154 -0.20293 0.57037
v -0.46154 -0.18232 0.57037
v -0.38041 -0.18232 0.96444
v -0.34634 -0.18232 1.03006
v 0.34634 -0.18232 1.03006
v 0.38041 -0.18232 0.96444
v 0.46154 -0.18232 0.57037
v -0.46154 -0.16171 0.57037
v -0.37983 -0.16171 0.96713
v -0.34551 -0.16171 1.03323
v 0.34551 -0.16171 1.03323
v 0.37983 -0.16171 0.96713
v 0.46154 -0.16171 0.57037
v -0.46154 -0.14110 0.57037
v -0.37942 -0.14110 0.96902
v -0.34492 -0.14110 1.03545
v 0.34492 -0.14110 1.03545
v 0.37942 -0.14110 0.96902
v 0.46154 -0.14110 0.57037
v -0.46154 -0.12049 0.57037
v -0.37918 -0.12049 0.97009
v -0.34459 -0.12049 1.03671
v 0.34459 -0.12049 1.03671
v 0.37918 -0.12049 0.97009
v 0.46154 -0.12049 0.57037
v -0.46154 -0.09988 0.57037
v -0.37912 -0.09988 0.97036
v -0.34451 -0.09988 1.03702
v 0.34451 -0.09988 1.03702
v 0.37912 -0.09988 0.97036
v 0.46154 -0.09988 0.57037
v -0.46154 -0.07927 0.57037
v -0.37924 -0.07927 0.96981
v -0.34468 -0.07927 1.03638
v 0.34468 -0.07927 1.03638
v 0.37924 -0.07927 0.96981
v 0.46154 -0.07927 0.57037
v -0.46154 -0.05866 0.57037
v -0.37954 -0.05866 0.96846
v -0.34510 -0.05866 1.03479
v 0.34510 -0.05866 1.03479
v 0.37954 -0.05866 0.96846
v 0.46154 -0.05866 0.57037
v -0.46154 -0.03805 0.57037
v -0.38001 -0.03805 0.96629
v -0.34577 -0.03805 1.03224
v 0.34577 -0.03805 1.03224
v 0.38001 -0.03805 0.96629
v 0.46154 -0.03805 0.57037
v -0.46154 -0.01744 0.57037
v -0.38066 -0.01744 0.96332
v -0.34669 -0.01744 1.02874
v 0.34669 -0.01744 1.02874
v 0.38066 -0.01744 0.96332
v 0.46154 -0.01744 0.57037
v -0.46154 0.00317 0.57037
v -0.38148 0.00317 0.95954
v -0.34786 0.00317 1.02429
v 0.34786 0.00317 1.02429
v 0.38148 0.00317 0.95954
v 0.46154 0.00317 0.57037
v -0.46154 0.02378 0.57037
v -0.38260 0.02378 0.95443
v -0.34944 0.02378 1.01828
v 0.34944 0.02378 1.01828
v 0.38260 0.02378 0.95443
v 0.46154 0.02378 0.57037
v -0.46154 0.04439 0.57037
v -0.38939 0.04439 0.92328
v -0.35909 0.04439 0.98163
v 0.35909 0.04439 0.98163
v 0.38939 0.04439 0.92328
v 0.46154 0.04439 0.57037
v -0.46154 0.06500 0.57037
v -0.39666 0.06500 0.88996
v -0.36942 0.06500 0.94243
v 0.36942 0.06500 0.94243
v 0.39666 0.06500 0.88996
v 0.46154 0.06500 0.57037
v -0.46154 0.08561 0.57037
v -0.40423 0.08561 0.85529
v -0.38016 0.08561 0.90165
v 0.38016 0.08561 0.90165
v 0.40423 0.08561 0.85529
v 0.46154 0.08561 0.57037
v -0.46154 0.10622 0.57037
v -0.41201 0.10622 0.81964
v -0.39120 0.10622 0.85970
v 0.39120 0.10622 0.85970
v 0.41201 0.10622 0.81964
v 0.46154 0.10622 0.57037
v -0.46154 0.12683 0.57037
v -0.41996 0.12683 0.78319
v -0.40249 0.12683 0.81683
v 0.40249 0.12683 0.81683
v 0.41996 0.12683 0.78319
v 0.46154 0.12683 0.57037
v -0.46154 0.14744 0.57037
v -0.42805 0.14744 0.74609
v -0.41399 0.14744 0.77318
v 0.41399 0.14744 0.77318
v 0.42805 0.14744 0.74609
v 0.46154 0.14744 0.57037
v -0.46154 0.16805 0.57037
v -0.43627 0.16805 0.70842
v -0.42566 0.16805 0.72885
v 0.42566 0.16805 0.72885
v 0.43627 0.16805 0.70842
v 0.46154 0.16805 0.57037
v -0.46154 0.18866 0.57037
v -0.44460 0.18866 0.67024
v -0.43748 0.18866 0.68394
v 0.43748 0.18866 0.68394
v 0.44460 0.18866 0.67024
v 0.46154 0.18866 0.57037
v -0.46154 0.20927 0.57037
v -0.45302 0.20927 0.63162
v -0.44945 0.20927 0.63851
v 0.44945 0.20927 0.63851
v 0.45302 0.20927 0.63162
v 0.46154 0.20927 0.57037
v -0.46154 0.22989 0.57037
v -0.46085 0.22989 0.59574
v -0.46056 0.22989 0.59630
v 0.46056 0.22989 0.59630
v 0.46085 0.22989 0.59574
v 0.46154 0.22989 0.57037
v -0.37912 -0.23678 0.24444
v -0.37912 -0.23937 0.30771
v -0.37912 -0.24695 0.36667
v -0.37912 -0.25900 0.41729
v -0.37912 -0.27471 0.45614
v -0.37912 -0.29301 0.48056
v -0.37912 -0.31264 0.48889
v -0.37912 -0.33228 0.48056
v -0.37912 -0.35057 0.45614
v -0.37912 -0.36629 0.41729
v -0.37912 -0.37834 0.36667
v -0.37912 -0.38592 0.30771
v -0.37912 -0.38851 0.24444
v -0.37912 -0.38592 0.18118
v -0.37912 -0.37834 0.12222
v -0.37912 -0.36629 0.07160
v -0.37912 -0.35057 0.03275
v -0.37912 -0.33228 0.00833
v -0.37912 -0.31264 0.00000
v -0.37912 -0.29301 0.00833
v -0.37912 -0.27471 0.03275
v -0.37912 -0.25900 0.07160
v -0.37912 -0.24695 0.12222
v -0.37912 -0.23937 0.18118
v -0.50000 -0.23678 0.24444
v -0.50000 -0.23937 0.30771
v -0.50000 -0.24695 0.36667
v -0.50000 -0.25900 0.41729
v -0.50000 -0.27471 0.45614
v -0.50000 -0.29301 0.48056
v -0.50000 -0.31264 0.48889
v -0.50000 -0.33228 0.48056
v -0.50000 -0.35057 0.45614
v -0.50000 -0.36629 0.41729
v -0.50000 -0.37834 0.36667
v -0.50000 -0.38592 0.30771
v -0.50000 -0.38851 0.24444
v -0.50000 -0.38592 0.18118
v -0.50000 -0.37834 0.12222
v -0.50000 -0.36629 0.07160
v -0.50000 -0.35057 0.03275
v -0.50000 -0.33228 0.00833
v -0.50000 -0.31264 0.00000
v -0.50000 -0.29301 0.00833
v -0.50000 -0.27471 0.03275
v -0.50000 -0.25900 0.07160
v -0.50000 -0.24695 0.12222
v -0.50000 -0.23937 0.18118
v -0.50000 -0.31264 0.24444
v -0.37912 -0.31264 0.24444
v -0.50220 -0.26561 0.24444
v -0.50220 -0.26721 0.28367
v -0.50220 -0.27191 0.32022
v -0.50220 -0.27939 0.35161
v -0.50220 -0.28913 0.37570
v -0.50220 -0.30047 0.39084
v -0.50220 -0.31264 0.39600
v -0.50220 -0.32482 0.39084
v -0.50220 -0.33616 0.37570
v -0.50220 -0.34590 0.35161
v -0.50220 -0.35338 0.32022
v -0.50220 -0.35808 0.28367
v -0.50220 -0.35968 0.24444
v -0.50220 -0.35808 0.20522
v -0.50220 -0.35338 0.16867
v -0.50220 -0.34590 0.13728
v -0.50220 -0.33616 0.11319
v -0.50220 -0.32482 0.09805
v -0.50220 -0.31264 0.09289
v -0.50220 -0.30047 0.09805
v -0.50220 -0.28913 0.11319
v -0.50220 -0.27939 0.13728
v -0.50220 -0.27191 0.16867
v -0.50220 -0.26721 0.20522
v -0.50220 -0.31264 0.24444
v -0.37912 0.38391 0.24444
v -0.37912 0.38132 0.30771
v -0.37912 0.37374 0.36667
v -0.37912 0.36169 0.41729
v -0.37912 0.34598 0.45614
v -0.37912 0.32768 0.48056
v -0.37912 0.30805 0.48889
v -0.37912 0.28841 0.48056
v -0.37912 0.27011 0.45614
v -0.37912 0.25440 0.41729
v -0.37912 0.24235 0.36667
v -0.37912 0.23477 0.30771
v -0.37912 0.23218 0.24444
v -0.37912 0.23477 0.18118
v -0.37912 0.24235 0.12222
v -0.37912 0.25440 0.07160
v -0.37912 0.27011 0.03275
v -0.37912 0.28841 0.00833
v -0.37912 0.30805 0.00000
v -0.37912 0.32768 0.00833
v -0.37912 0.34598 0.03275
v -0.37912 0.36169 0.07160
v -0.37912 0.37374 0.12222
v -0.37912 0.38132 0.18118
v -0.50000 0.38391 0.24444
v -0.50000 0.38132 0.30771
v -0.50000 0.37374 0.36667
v -0.50000 0.36169 0.41729
v -0.50000 0.34598 0.45614
v -0.50000 0.32768 0.48056
v -0.50000 0.30805 0.48889
v -0.50000 0.28841 0.48056
v -0.50000 0.27011 0.45614
v -0.50000 0.25440 0.41729
v -0.50000 0.24235 0.36667
v -0.50000 0.23477 0.30771
v -0.50000 0.23218 0.24444
v -0.50000 0.23477 0.18118
v -0.50000 0.24235 0.12222
v -0.50000 0.25440 0.07160
v -0.50000 0.27011 0.03275
v -0.50000 0.28841 0.00833
v -0.50000 0.30805 0.00000
v -0.50000 0.32768 0.00833
v -0.50000 0.34598 0.03275
v -0.50000 0.36169 0.07160
v -0.50000 0.37374 0.12222
v -0.50000 0.38132 0.18118
v -0.50000 0.30805 0.24444
v -0.37912 0.30805 0.24444
v -0.50220 0.35508 0.24444
v -0.50220 0.35348 0.28367
v -0.50220 0.34878 0.32022
v -0.50220 0.34130 0.35161
v -0.50220 0.33156 0.37570
v -0.50220 0.32022 0.39084
v -0.50220 0.30805 0.39600
v -0.50220 0.29587 0.39084
v -0.50220 0.28453 0.37570
v -0.50220 0.27479 0.35161
v -0.50220 0.26731 0.32022
v -0.50220 0.26261 0.28367
v -0.50220 0.26101 0.24444
v -0.50220 0.26261 0.20522
v -0.50220 0.26731 0.16867
v -0.50220 0.27479 0.13728
v -0.50220 0.28453 0.11319
v -0.50220 0.29587 0.09805
v -0.50220 0.30805 0.09289
v -0.50220 0.32022 0.09805
v -0.50220 0.33156 0.11319
v -0.50220 0.34130 0.13728
v -0.50220 0.34878 0.16867
v -0.50220 0.35348 0.20522
v -0.50220 0.30805 0.24444
v 0.37912 -0.23678 0.24444
v 0.37912 -0.23937 0.30771
v 0.37912 -0.24695 0.36667
v 0.37912 -0.25900 0.41729
v 0.37912 -0.27471 0.45614
v 0.37912 -0.29301 0.48056
v 0.37912 -0.31264 0.48889
v 0.37912 -0.33228 0.48056
v 0.37912 -0.35057 0.45614
v 0.37912 -0.36629 0.41729
v 0.37912 -0.37834 0.36667
v 0.37912 -0.38592 0.30771
v 0.37912 -0.38851 0.24444
v 0.37912 -0.38592 0.18118
v 0.37912 -0.37834 0.12222
v 0.37912 -0.36629 0.07160
v 0.37912 -0.35057 0.03275
v 0.37912 -0.33228 0.00833
v 0.37912 -0.31264 0.00000
v 0.37912 -0.29301 0.00833
v 0.37912 -0.27471 0.03275
v 0.37912 -0.25900 0.07160
v 0.37912 -0.24695 0.12222
v 0.37912 -0.23937 0.18118
v 0.50000 -0.23678 0.24444
v 0.50000 -0.23937 0.30771
v 0.50000 -0.24695 0.36667
v 0.50000 -0.25900 0.41729
v 0.50000 -0.27471 0.45614
v 0.50000 -0.29301 0.48056
v 0.50000 -0.31264 0.48889
v 0.50000 -0.33228 0.48056
v 0.50000 -0.35057 0.45614
v 0.50000 -0.36629 0.41729
v 0.50000 -0.37834 0.36667
v 0.50000 -0.38592 0.30771
v 0.50000 -0.38851 0.24444
v 0.50000 -0.38592 0.18118
v 0.50000 -0.37834 0.12222
v 0.50000 -0.36629 0.07160
v 0.50000 -0.35057 0.03275
v 0.50000 -0.33228 0.00833
v 0.50000 -0.31264 0.00000
v 0.50000 -0.29301 0.00833
v 0.50000 -0.27471 0.03275
v 0.50000 -0.25900 0.07160
v 0.50000 -0.24695 0.12222
v 0.50000 -0.23937 0.18118
v 0.50000 -0.31264 0.24444
v 0.37912 -0.31264 0.24444
v 0.50220 -0.26561 0.24444
v 0.50220 -0.26721 0.28367
v 0.50220 -0.27191 0.32022
v 0.50220 -0.27939 0.35161
v 0.50220 -0.28913 0.37570
v 0.50220 -0.30047 0.39084
v 0.50220 -0.31264 0.39600
v 0.50220 -0.32482 0.39084
v 0.50220 -0.33616 0.37570
v 0.50220 -0.34590 0.35161
v 0.50220 -0.35338 0.32022
v 0.50220 -0.35808 0.28367
v 0.50220 -0.35968 0.24444
v 0.50220 -0.35808 0.20522
v 0.50220 -0.35338 0.16867
v 0.50220 -0.34590 0.13728
v 0.50220 -0.33616 0.11319
v 0.50220 -0.32482 0.09805
v 0.50220 -0.31264 0.09289
v 0.50220 -0.30047 0.09805
v 0.50220 -0.28913 0.11319
v 0.50220 -0.27939 0.13728
v 0.50220 -0.27191 0.16867
v 0.50220 -0.26721 0.20522
v 0.50220 -0.31264 0.24444
v 0.37912 0.38391 0.24444
v 0.37912 0.38132 0.30771
v 0.37912 0.37374 0.36667
v 0.37912 0.36169 0.41729
v 0.37912 0.34598 0.45614
v 0.37912 0.32768 0.48056
v 0.37912 0.30805 0.48889
v 0.37912 0.28841 0.48056
v 0.37912 0.27011 0.45614
v 0.37912 0.25440 0.41729
v 0.37912 0.24235 0.36667
v 0.37912 0.23477 0.30771
v 0.37912 0.23218 0.24444
v 0.37912 0.23477 0.18118
v 0.37912 0.24235 0.12222
v 0.37912 0.25440 0.07160
v 0.37912 0.27011 0.03275
v 0.37912 0.28841 0.00833
v 0.37912 0.30805 0.00000
v 0.37912 0.32768 0.00833
v 0.37912 0.34598 0.03275
v 0.37912 0.36169 0.07160
v 0.37912 0.37374 0.12222
v 0.37912 0.38132 0.18118
v 0.50000 0.38391 0.24444
v 0.50000 0.38132 0.30771
v 0.50000 0.37374 0.36667
v 0.50000 0.36169 0.41729
v 0.50000 0.34598 0.45614
v 0.50000 0.32768 0.48056
v 0.50000 0.30805 0.48889
v 0.50000 0.28841 0.48056
v 0.50000 0.27011 0.45614
v 0.50000 0.25440 0.41729
v 0.50000 0.24235 0.36667
v 0.50000 0.23477 0.30771
v 0.50000 0.23218 0.24444
v 0.50000 0.23477 0.18118
v 0.50000 0.24235 0.12222
v 0.50000 0.25440 0.07160
v 0.50000 0.27011 0.03275
v 0.50000 0.28841 0.00833
v 0.50000 0.30805 0.00000
v 0.50000 0.32768 0.00833
v 0.50000 0.34598 0.03275
v 0.50000 0.36169 0.07160
v 0.50000 0.37374 0.12222
v 0.50000 0.38132 0.18118
v 0.50000 0.30805 0.24444
v 0.37912 0.30805 0.24444
v 0.50220 0.35508 0.24444
v 0.50220 0.35348 0.28367
v 0.50220 0.34878 0.32022
v 0.50220 0.34130 0.35161
v 0.50220 0.33156 0.37570
v 0.50220 0.32022 0.39084
v 0.50220 0.30805 0.39600
v 0.50220 0.29587 0.39084
v 0.50220 0.28453 0.37570
v 0.50220 0.27479 0.35161
v 0.50220 0.26731 0.32022
v 0.50220 0.26261 0.28367
v 0.50220 0.26101 0.24444
v 0.50220 0.26261 0.20522
v 0.50220 0.26731 0.16867
v 0.50220 0.27479 0.13728
v 0.50220 0.28453 0.11319
v 0.50220 0.29587 0.09805
v 0.50220 0.30805 0.09289
v 0.50220 0.32022 0.09805
v 0.50220 0.33156 0.11319
v 0.50220 0.34130 0.13728
v 0.50220 0.34878 0.16867
v 0.50220 0.35348 0.20522
v 0.50220 0.30805 0.24444
v -0.39086 -0.48391 0.51852
v 0.39086 -0.48391 0.51852
v 0.39086 -0.48391 0.55556
v -0.39086 -0.48391 0.55556
v -0.39086 -0.49540 0.51852
v 0.39086 -0.49540 0.51852
v 0.39086 -0.49540 0.55556
v -0.39086 -0.49540 0.55556
v -0.39086 -0.48161 0.45926
v -0.19118 -0.48161 0.45926
v -0.19118 -0.48161 0.51852
v -0.39086 -0.48161 0.51852
v -0.39086 -0.49310 0.45926
v -0.19118 -0.49310 0.45926
v -0.19118 -0.49310 0.51852
v -0.39086 -0.49310 0.51852
v 0.19118 -0.48161 0.45926
v 0.39086 -0.48161 0.45926
v 0.39086 -0.48161 0.51852
v 0.19118 -0.48161 0.51852
v 0.19118 -0.49310 0.45926
v 0.39086 -0.49310 0.45926
v 0.39086 -0.49310 0.51852
v 0.19118 -0.49310 0.51852
v -0.39546 0.47701 0.44444
v -0.18455 0.47701 0.44444
v -0.18455 0.47701 0.48889
v -0.39546 0.47701 0.48889
v -0.39546 0.49080 0.44444
v -0.18455 0.49080 0.44444
v -0.18455 0.49080 0.48889
v -0.39546 0.49080 0.48889
v 0.18455 0.47701 0.44444
v 0.39546 0.47701 0.44444
v 0.39546 0.47701 0.48889
v 0.18455 0.47701 0.48889
v 0.18455 0.49080 0.44444
v 0.39546 0.49080 0.44444
v 0.39546 0.49080 0.48889
v 0.18455 0.49080 0.48889
vn 0.1388 -0.9903 0.0028
vn 0.1418 -0.9899 -0.0001
vn 0.1421 -0.9897 0.0145
vn 0.1388 -0.9903 0.0028
vn 0.1421 -0.9897 0.0145
vn 0.1395 -0.9901 0.0159
vn 0.1395 -0.9901 0.0159
vn 0.1421 -0.9897 0.0145
vn 0.1440 -0.9868 0.0745
vn 0.1395 -0.9901 0.0159
vn 0.1440 -0.9868 0.0745
vn 0.1435 -0.9880 0.0565
vn 0.1435 -0.9880 0.0565
vn 0.1440 -0.9868 0.0745
vn 0.1466 -0.9753 0.1654
vn 0.1435 -0.9880 0.0565
vn 0.1466 -0.9753 0.1654
vn 0.1486 -0.9819 0.1176
vn 0.1486 -0.9819 0.1176
vn 0.1466 -0.9753 0.1654
vn 0.1471 -0.9380 0.3138
vn 0.1486 -0.9819 0.1176
vn 0.1471 -0.9380 0.3138
vn 0.1537 -0.9622 0.2250
vn 0.1537 -0.9622 0.2250
vn 0.1471 -0.9380 0.3138
vn 0.1362 -0.8273 0.5450
vn 0.1537 -0.9622 0.2250
vn 0.1542 -0.9186 0.3640
vn 0.1730 -0.9842 0.0384
vn 0.0932 -0.5962 0.7974
vn 0.1360 -0.4453 0.8850
vn 0.0669 -0.2677 0.9612
vn 0.1730 -0.9842 0.0384
vn 0.2117 -0.9751 0.0661
vn 0.1846 -0.9788 0.0885
vn 0.0452 -0.3256 0.9444
vn 0.0669 -0.2677 0.9612
vn 0.0133 -0.1499 0.9886
vn 0.1846 -0.9788 0.0885
vn 0.2699 -0.9406 0.2058
vn 0.1026 -0.9916 0.0782
vn 0.0101 -0.1475 0.9890
vn 0.0133 -0.1499 0.9886
vn -0.0002 -0.1292 0.9916
vn 0.0101 -0.1475 0.9890
vn -0.0002 -0.1292 0.9916
vn -0.0051 -0.1470 0.9891
vn -0.0051 -0.1470 0.9891
vn -0.0002 -0.1292 0.9916
vn -0.0215 -0.1510 0.9883
vn -0.0051 -0.1470 0.9891
vn -0.0215 -0.1510 0.9883
vn -0.0541 -0.3075 0.9500
vn -0.0541 -0.3075 0.9500
vn -0.0215 -0.1510 0.9883
vn -0.0807 -0.2558 0.9633
vn -0.0916 -0.9933 0.0699
vn -0.2071 -0.9655 0.1579
vn -0.1574 -0.9847 0.0754
vn -0.0971 -0.5482 0.8307
vn -0.0807 -0.2558 0.9633
vn -0.1568 -0.4340 0.8872
vn -0.1574 -0.9847 0.0754
vn -0.1551 -0.8871 0.4347
vn -0.1528 -0.9468 0.2832
vn -0.1614 -0.9405 0.2991
vn -0.1363 -0.7766 0.6151
vn -0.1516 -0.9214 0.3579
vn -0.1528 -0.9468 0.2832
vn -0.1516 -0.9214 0.3579
vn -0.1500 -0.9776 0.1477
vn -0.1500 -0.9776 0.1477
vn -0.1516 -0.9214 0.3579
vn -0.1509 -0.9705 0.1880
vn -0.1500 -0.9776 0.1477
vn -0.1509 -0.9705 0.1880
vn -0.1451 -0.9867 0.0731
vn -0.1451 -0.9867 0.0731
vn -0.1509 -0.9705 0.1880
vn -0.1468 -0.9854 0.0858
vn -0.1451 -0.9867 0.0731
vn -0.1468 -0.9854 0.0858
vn -0.1413 -0.9895 0.0299
vn -0.1413 -0.9895 0.0299
vn -0.1468 -0.9854 0.0858
vn -0.1432 -0.9895 0.0202
vn -0.1413 -0.9895 0.0299
vn -0.1432 -0.9895 0.0202
vn -0.1395 -0.9902 0.0040
vn -0.1395 -0.9902 0.0040
vn -0.1432 -0.9895 0.0202
vn -0.1418 -0.9899 0.0001
vn -0.1395 -0.9902 0.0040
vn -0.1418 -0.9899 0.0001
vn -0.1388 -0.9903 -0.0028
vn -0.1388 -0.9903 -0.0028
vn -0.1418 -0.9899 0.0001
vn -0.1418 -0.9898 -0.0145
vn -0.1388 -0.9903 -0.0028
vn -0.1418 -0.9898 -0.0145
vn -0.1392 -0.9901 -0.0159
vn -0.1392 -0.9901 -0.0159
vn -0.1418 -0.9898 -0.0145
vn -0.1427 -0.9870 -0.0739
vn -0.1392 -0.9901 -0.0159
vn -0.1427 -0.9870 -0.0739
vn -0.1426 -0.9882 -0.0561
vn -0.1426 -0.9882 -0.0561
vn -0.1427 -0.9870 -0.0739
vn -0.1439 -0.9762 -0.1623
vn -0.1426 -0.9882 -0.0561
vn -0.1439 -0.9762 -0.1623
vn -0.1466 -0.9824 -0.1161
vn -0.1466 -0.9824 -0.1161
vn -0.1439 -0.9762 -0.1623
vn -0.1422 -0.9422 -0.3034
vn -0.1466 -0.9824 -0.1161
vn -0.1422 -0.9422 -0.3034
vn -0.1499 -0.9640 -0.2195
vn -0.1499 -0.9640 -0.2195
vn -0.1422 -0.9422 -0.3034
vn -0.1293 -0.8458 -0.5176
vn -0.1499 -0.9640 -0.2195
vn -0.1484 -0.9248 -0.3503
vn -0.1722 -0.9843 -0.0383
vn -0.0881 -0.6512 -0.7537
vn -0.1309 -0.5072 -0.8518
vn -0.0652 -0.3468 -0.9357
vn -0.1722 -0.9843 -0.0383
vn -0.2101 -0.9755 -0.0657
vn -0.1827 -0.9793 -0.0876
vn -0.0434 -0.4183 -0.9073
vn -0.0652 -0.3468 -0.9357
vn -0.0130 -0.2360 -0.9717
vn -0.1827 -0.9793 -0.0876
vn -0.2640 -0.9433 -0.2013
vn -0.1017 -0.9918 -0.0775
vn -0.0099 -0.2566 -0.9665
vn -0.0130 -0.2360 -0.9717
vn 0.0002 -0.2179 -0.9760
vn -0.0099 -0.2566 -0.9665
vn 0.0002 -0.2179 -0.9760
vn 0.0050 -0.2561 -0.9666
vn 0.0050 -0.2561 -0.9666
vn 0.0002 -0.2179 -0.9760
vn 0.0211 -0.2402 -0.9705
vn 0.0050 -0.2561 -0.9666
vn 0.0211 -0.2402 -0.9705
vn 0.0520 -0.4022 -0.9141
vn 0.0520 -0.4022 -0.9141
vn 0.0211 -0.2402 -0.9705
vn 0.0786 -0.3367 -0.9383
vn 0.0909 -0.9934 -0.0693
vn 0.2034 -0.9667 -0.1552
vn 0.1561 -0.9849 -0.0748
vn 0.0919 -0.6106 -0.7866
vn 0.0786 -0.3367 -0.9383
vn 0.1510 -0.4975 -0.8542
vn 0.1561 -0.9849 -0.0748
vn 0.1484 -0.8972 -0.4159
vn 0.1482 -0.9501 -0.2746
vn 0.1482 -0.9501 -0.2746
vn 0.1290 -0.8028 -0.5822
vn 0.1460 -0.9273 -0.3446
vn 0.1482 -0.9501 -0.2746
vn 0.1460 -0.9273 -0.3446
vn 0.1475 -0.9783 -0.1452
vn 0.1475 -0.9783 -0.1452
vn 0.1460 -0.9273 -0.3446
vn 0.1477 -0.9717 -0.1841
vn 0.1475 -0.9783 -0.1452
vn 0.1477 -0.9717 -0.1841
vn 0.1439 -0.9869 -0.0725
vn 0.1439 -0.9869 -0.0725
vn 0.1477 -0.9717 -0.1841
vn 0.1454 -0.9857 -0.0850
vn 0.1439 -0.9869 -0.0725
vn 0.1454 -0.9857 -0.0850
vn 0.1408 -0.9896 -0.0298
vn 0.1408 -0.9896 -0.0298
vn 0.1454 -0.9857 -0.0850
vn 0.1429 -0.9895 -0.0202
vn 0.1408 -0.9896 -0.0298
vn 0.1429 -0.9895 -0.0202
vn 0.1394 -0.9902 -0.0040
vn 0.1394 -0.9902 -0.0040
vn 0.1429 -0.9895 -0.0202
vn 0.1418 -0.9899 -0.0001
vn 0.1394 -0.9902 -0.0040
vn 0.1418 -0.9899 -0.0001
vn 0.1388 -0.9903 0.0028
vn 0.9240 -0.3821 0.0181
vn 0.9575 -0.2884 0.0007
vn 0.9393 -0.3036 0.1599
vn 0.9240 -0.3821 0.0181
vn 0.9393 -0.3036 0.1599
vn 0.9002 -0.3785 0.2154
vn 0.9002 -0.3785 0.2154
vn 0.9393 -0.3036 0.1599
vn 0.7603 -0.2655 0.5928
vn 0.9002 -0.3785 0.2154
vn 0.7603 -0.2655 0.5928
vn 0.6997 -0.3233 0.6372
vn 0.6997 -0.3233 0.6372
vn 0.7603 -0.2655 0.5928
vn 0.5001 -0.2120 0.8396
vn 0.6997 -0.3233 0.6372
vn 0.5001 -0.2120 0.8396
vn 0.4521 -0.2471 0.8571
vn 0.4521 -0.2471 0.8571
vn 0.5001 -0.2120 0.8396
vn 0.2959 -0.1691 0.9401
vn 0.4521 -0.2471 0.8571
vn 0.2959 -0.1691 0.9401
vn 0.2657 -0.1897 0.9452
vn 0.2657 -0.1897 0.9452
vn 0.2959 -0.1691 0.9401
vn 0.1623 -0.1425 0.9764
vn 0.2657 -0.1897 0.9452
vn 0.1623 -0.1425 0.9764
vn 0.1316 -0.2963 0.9460
vn 0.1316 -0.2963 0.9460
vn 0.1623 -0.1425 0.9764
vn 0.0761 -0.1271 0.9890
vn 0.1316 -0.2963 0.9460
vn 0.0761 -0.1271 0.9890
vn 0.0669 -0.2677 0.9612
vn 0.0669 -0.2677 0.9612
vn 0.0761 -0.1271 0.9890
vn 0.0164 -0.1179 0.9929
vn 0.0669 -0.2677 0.9612
vn 0.0164 -0.1179 0.9929
vn 0.0133 -0.1499 0.9886
vn 0.0133 -0.1499 0.9886
vn 0.0164 -0.1179 0.9929
vn -0.0001 -0.1172 0.9931
vn 0.0133 -0.1499 0.9886
vn -0.0001 -0.1172 0.9931
vn -0.0002 -0.1292 0.9916
vn -0.0002 -0.1292 0.9916
vn -0.0001 -0.1172 0.9931
vn -0.0169 -0.1190 0.9927
vn -0.0002 -0.1292 0.9916
vn -0.0169 -0.1190 0.9927
vn -0.0215 -0.1510 0.9883
vn -0.0215 -0.1510 0.9883
vn -0.0169 -0.1190 0.9927
vn -0.0773 -0.1264 0.9890
vn -0.0215 -0.1510 0.9883
vn -0.0773 -0.1264 0.9890
vn -0.0807 -0.2558 0.9633
vn -0.0807 -0.2558 0.9633
vn -0.0773 -0.1264 0.9890
vn -0.1642 -0.1408 0.9763
vn -0.0807 -0.2558 0.9633
vn -0.1642 -0.1408 0.9763
vn -0.1566 -0.2910 0.9438
vn -0.1566 -0.2910 0.9438
vn -0.1642 -0.1408 0.9763
vn -0.2989 -0.1663 0.9397
vn -0.1566 -0.2910 0.9438
vn -0.2989 -0.1663 0.9397
vn -0.3214 -0.2059 0.9243
vn -0.3214 -0.2059 0.9243
vn -0.2989 -0.1663 0.9397
vn -0.5047 -0.2071 0.8381
vn -0.3214 -0.2059 0.9243
vn -0.5047 -0.2071 0.8381
vn -0.5327 -0.2713 0.8017
vn -0.5327 -0.2713 0.8017
vn -0.5047 -0.2071 0.8381
vn -0.7664 -0.2562 0.5891
vn -0.5327 -0.2713 0.8017
vn -0.7664 -0.2562 0.5891
vn -0.7791 -0.3456 0.5231
vn -0.7791 -0.3456 0.5231
vn -0.7664 -0.2562 0.5891
vn -0.9494 -0.2725 0.1564
vn -0.7791 -0.3456 0.5231
vn -0.9494 -0.2725 0.1564
vn -0.9181 -0.3808 0.1100
vn -0.9181 -0.3808 0.1100
vn -0.9494 -0.2725 0.1564
vn -0.9576 -0.2882 -0.0007
vn -0.9181 -0.3808 0.1100
vn -0.9576 -0.2882 -0.0007
vn -0.9235 -0.3833 -0.0181
vn -0.9235 -0.3833 -0.0181
vn -0.9576 -0.2882 -0.0007
vn -0.9366 -0.3121 -0.1595
vn -0.9235 -0.3833 -0.0181
vn -0.9366 -0.3121 -0.1595
vn -0.8944 -0.3926 -0.2140
vn -0.8944 -0.3926 -0.2140
vn -0.9366 -0.3121 -0.1595
vn -0.7527 -0.2983 -0.5869
vn -0.8944 -0.3926 -0.2140
vn -0.7527 -0.2983 -0.5869
vn -0.6880 -0.3663 -0.6265
vn -0.6880 -0.3663 -0.6265
vn -0.7527 -0.2983 -0.5869
vn -0.4941 -0.2599 -0.8296
vn -0.6880 -0.3663 -0.6265
vn -0.4941 -0.2599 -0.8296
vn -0.4439 -0.3077 -0.8416
vn -0.4439 -0.3077 -0.8416
vn -0.4941 -0.2599 -0.8296
vn -0.2927 -0.2239 -0.9296
vn -0.4439 -0.3077 -0.8416
vn -0.2927 -0.2239 -0.9296
vn -0.2614 -0.2585 -0.9300
vn -0.2614 -0.2585 -0.9300
vn -0.2927 -0.2239 -0.9296
vn -0.1607 -0.1999 -0.9665
vn -0.2614 -0.2585 -0.9300
vn -0.1607 -0.1999 -0.9665
vn -0.1281 -0.3690 -0.9206
vn -0.1281 -0.3690 -0.9206
vn -0.1607 -0.1999 -0.9665
vn -0.0754 -0.1854 -0.9798
vn -0.1281 -0.3690 -0.9206
vn -0.0754 -0.1854 -0.9798
vn -0.0652 -0.3468 -0.9357
vn -0.0652 -0.3468 -0.9357
vn -0.0754 -0.1854 -0.9798
vn -0.0162 -0.1752 -0.9844
vn -0.0652 -0.3468 -0.9357
vn -0.0162 -0.1752 -0.9844
vn -0.0130 -0.2360 -0.9717
vn -0.0130 -0.2360 -0.9717
vn -0.0162 -0.1752 -0.9844
vn 0.0001 -0.1769 -0.9842
vn -0.0130 -0.2360 -0.9717
vn 0.0001 -0.1769 -0.9842
vn 0.0002 -0.2179 -0.9760
vn 0.0002 -0.2179 -0.9760
vn 0.0001 -0.1769 -0.9842
vn 0.0168 -0.1810 -0.9833
vn 0.0002 -0.2179 -0.9760
vn 0.0168 -0.1810 -0.9833
vn 0.0211 -0.2402 -0.9705
vn 0.0211 -0.2402 -0.9705
vn 0.0168 -0.1810 -0.9833
vn 0.0765 -0.1865 -0.9795
vn 0.0211 -0.2402 -0.9705
vn 0.0765 -0.1865 -0.9795
vn 0.0786 -0.3367 -0.9383
vn 0.0786 -0.3367 -0.9383
vn 0.0765 -0.1865 -0.9795
vn 0.1625 -0.1997 -0.9663
vn 0.0786 -0.3367 -0.9383
vn 0.1625 -0.1997 -0.9663
vn 0.1524 -0.3644 -0.9187
vn 0.1524 -0.3644 -0.9187
vn 0.1625 -0.1997 -0.9663
vn 0.2955 -0.2224 -0.9291
vn 0.1524 -0.3644 -0.9187
vn 0.2955 -0.2224 -0.9291
vn 0.3160 -0.2726 -0.9087
vn 0.3160 -0.2726 -0.9087
vn 0.2955 -0.2224 -0.9291
vn 0.4986 -0.2564 -0.8280
vn 0.3160 -0.2726 -0.9087
vn 0.4986 -0.2564 -0.8280
vn 0.5230 -0.3271 -0.7871
vn 0.5230 -0.3271 -0.7871
vn 0.4986 -0.2564 -0.8280
vn 0.7587 -0.2904 -0.5832
vn 0.5230 -0.3271 -0.7871
vn 0.7587 -0.2904 -0.5832
vn 0.7678 -0.3805 -0.5155
vn 0.7678 -0.3805 -0.5155
vn 0.7587 -0.2904 -0.5832
vn 0.9467 -0.2817 -0.1559
vn 0.7678 -0.3805 -0.5155
vn 0.9467 -0.2817 -0.1559
vn 0.9151 -0.3881 -0.1096
vn 0.9151 -0.3881 -0.1096
vn 0.9467 -0.2817 -0.1559
vn 0.9575 -0.2884 0.0007
vn 0.9151 -0.3881 -0.1096
vn 0.9575 -0.2884 0.0007
vn 0.9240 -0.3821 0.0181
vn 0.9575 -0.2884 0.0007
vn 0.9894 -0.1453 0.0003
vn 0.9748 -0.1552 0.1606
vn 0.9575 -0.2884 0.0007
vn 0.9748 -0.1552 0.1606
vn 0.9393 -0.3036 0.1599
vn 0.9393 -0.3036 0.1599
vn 0.9748 -0.1552 0.1606
vn 0.7883 -0.1516 0.5964
vn 0.9393 -0.3036 0.1599
vn 0.7883 -0.1516 0.5964
vn 0.7603 -0.2655 0.5928
vn 0.7603 -0.2655 0.5928
vn 0.7883 -0.1516 0.5964
vn 0.5179 -0.1373 0.8444
vn 0.7603 -0.2655 0.5928
vn 0.5179 -0.1373 0.8444
vn 0.5001 -0.2120 0.8396
vn 0.5001 -0.2120 0.8396
vn 0.5179 -0.1373 0.8444
vn 0.3060 -0.1235 0.9440
vn 0.5001 -0.2120 0.8396
vn 0.3060 -0.1235 0.9440
vn 0.2959 -0.1691 0.9401
vn 0.2959 -0.1691 0.9401
vn 0.3060 -0.1235 0.9440
vn 0.1676 -0.1147 0.9792
vn 0.2959 -0.1691 0.9401
vn 0.1676 -0.1147 0.9792
vn 0.1623 -0.1425 0.9764
vn 0.1623 -0.1425 0.9764
vn 0.1676 -0.1147 0.9792
vn 0.0785 -0.1096 0.9909
vn 0.1623 -0.1425 0.9764
vn 0.0785 -0.1096 0.9909
vn 0.0761 -0.1271 0.9890
vn 0.0761 -0.1271 0.9890
vn 0.0785 -0.1096 0.9909
vn 0.0169 -0.1063 0.9942
vn 0.0761 -0.1271 0.9890
vn 0.0169 -0.1063 0.9942
vn 0.0164 -0.1179 0.9929
vn 0.0164 -0.1179 0.9929
vn 0.0169 -0.1063 0.9942
vn -0.0001 -0.1067 0.9943
vn 0.0164 -0.1179 0.9929
vn -0.0001 -0.1067 0.9943
vn -0.0001 -0.1172 0.9931
vn -0.0001 -0.1172 0.9931
vn -0.0001 -0.1067 0.9943
vn -0.0173 -0.1079 0.9940
vn -0.0001 -0.1172 0.9931
vn -0.0173 -0.1079 0.9940
vn -0.0169 -0.1190 0.9927
vn -0.0169 -0.1190 0.9927
vn -0.0173 -0.1079 0.9940
vn -0.0794 -0.1098 0.9908
vn -0.0169 -0.1190 0.9927
vn -0.0794 -0.1098 0.9908
vn -0.0773 -0.1264 0.9890
vn -0.0773 -0.1264 0.9890
vn -0.0794 -0.1098 0.9908
vn -0.1689 -0.1144 0.9790
vn -0.0773 -0.1264 0.9890
vn -0.1689 -0.1144 0.9790
vn -0.1642 -0.1408 0.9763
vn -0.1642 -0.1408 0.9763
vn -0.1689 -0.1144 0.9790
vn -0.3079 -0.1227 0.9435
vn -0.1642 -0.1408 0.9763
vn -0.3079 -0.1227 0.9435
vn -0.2989 -0.1663 0.9397
vn -0.2989 -0.1663 0.9397
vn -0.3079 -0.1227 0.9435
vn -0.5207 -0.1356 0.8429
vn -0.2989 -0.1663 0.9397
vn -0.5207 -0.1356 0.8429
vn -0.5047 -0.2071 0.8381
vn -0.5047 -0.2071 0.8381
vn -0.5207 -0.1356 0.8429
vn -0.7913 -0.1478 0.5933
vn -0.5047 -0.2071 0.8381
vn -0.7913 -0.1478 0.5933
vn -0.7664 -0.2562 0.5891
vn -0.7664 -0.2562 0.5891
vn -0.7913 -0.1478 0.5933
vn -0.9774 -0.1414 0.1575
vn -0.7664 -0.2562 0.5891
vn -0.9774 -0.1414 0.1575
vn -0.9494 -0.2725 0.1564
vn -0.9494 -0.2725 0.1564
vn -0.9774 -0.1414 0.1575
vn -0.9894 -0.1451 -0.0003
vn -0.9494 -0.2725 0.1564
vn -0.9894 -0.1451 -0.0003
vn -0.9576 -0.2882 -0.0007
vn -0.9576 -0.2882 -0.0007
vn -0.9894 -0.1451 -0.0003
vn -0.9739 -0.1603 -0.1604
vn -0.9576 -0.2882 -0.0007
vn -0.9739 -0.1603 -0.1604
vn -0.9366 -0.3121 -0.1595
vn -0.9366 -0.3121 -0.1595
vn -0.9739 -0.1603 -0.1604
vn -0.7857 -0.1712 -0.5944
vn -0.9366 -0.3121 -0.1595
vn -0.7857 -0.1712 -0.5944
vn -0.7527 -0.2983 -0.5869
vn -0.7527 -0.2983 -0.5869
vn -0.7857 -0.1712 -0.5944
vn -0.5156 -0.1654 -0.8407
vn -0.7527 -0.2983 -0.5869
vn -0.5156 -0.1654 -0.8407
vn -0.4941 -0.2599 -0.8296
vn -0.4941 -0.2599 -0.8296
vn -0.5156 -0.1654 -0.8407
vn -0.3046 -0.1551 -0.9398
vn -0.4941 -0.2599 -0.8296
vn -0.3046 -0.1551 -0.9398
vn -0.2927 -0.2239 -0.9296
vn -0.2927 -0.2239 -0.9296
vn -0.3046 -0.1551 -0.9398
vn -0.1669 -0.1475 -0.9749
vn -0.2927 -0.2239 -0.9296
vn -0.1669 -0.1475 -0.9749
vn -0.1607 -0.1999 -0.9665
vn -0.1607 -0.1999 -0.9665
vn -0.1669 -0.1475 -0.9749
vn -0.0782 -0.1428 -0.9867
vn -0.1607 -0.1999 -0.9665
vn -0.0782 -0.1428 -0.9867
vn -0.0754 -0.1854 -0.9798
vn -0.0754 -0.1854 -0.9798
vn -0.0782 -0.1428 -0.9867
vn -0.0169 -0.1384 -0.9902
vn -0.0754 -0.1854 -0.9798
vn -0.0169 -0.1384 -0.9902
vn -0.0162 -0.1752 -0.9844
vn -0.0162 -0.1752 -0.9844
vn -0.0169 -0.1384 -0.9902
vn 0.0001 -0.1407 -0.9901
vn -0.0162 -0.1752 -0.9844
vn 0.0001 -0.1407 -0.9901
vn 0.0001 -0.1769 -0.9842
vn 0.0001 -0.1769 -0.9842
vn 0.0001 -0.1407 -0.9901
vn 0.0172 -0.1436 -0.9895
vn 0.0001 -0.1769 -0.9842
vn 0.0172 -0.1436 -0.9895
vn 0.0168 -0.1810 -0.9833
vn 0.0168 -0.1810 -0.9833
vn 0.0172 -0.1436 -0.9895
vn 0.0790 -0.1444 -0.9864
vn 0.0168 -0.1810 -0.9833
vn 0.0790 -0.1444 -0.9864
vn 0.0765 -0.1865 -0.9795
vn 0.0765 -0.1865 -0.9795
vn 0.0790 -0.1444 -0.9864
vn 0.1682 -0.1484 -0.9745
vn 0.0765 -0.1865 -0.9795
vn 0.1682 -0.1484 -0.9745
vn 0.1625 -0.1997 -0.9663
vn 0.1625 -0.1997 -0.9663
vn 0.1682 -0.1484 -0.9745
vn 0.3065 -0.1554 -0.9391
vn 0.1625 -0.1997 -0.9663
vn 0.3065 -0.1554 -0.9391
vn 0.2955 -0.2224 -0.9291
vn 0.2955 -0.2224 -0.9291
vn 0.3065 -0.1554 -0.9391
vn 0.5184 -0.1648 -0.8391
vn 0.2955 -0.2224 -0.9291
vn 0.5184 -0.1648 -0.8391
vn 0.4986 -0.2564 -0.8280
vn 0.4986 -0.2564 -0.8280
vn 0.5184 -0.1648 -0.8391
vn 0.7887 -0.1684 -0.5913
vn 0.4986 -0.2564 -0.8280
vn 0.7887 -0.1684 -0.5913
vn 0.7587 -0.2904 -0.5832
vn 0.7587 -0.2904 -0.5832
vn 0.7887 -0.1684 -0.5913
vn 0.9765 -0.1470 -0.1573
vn 0.7587 -0.2904 -0.5832
vn 0.9765 -0.1470 -0.1573
vn 0.9467 -0.2817 -0.1559
vn 0.9467 -0.2817 -0.1559
vn 0.9765 -0.1470 -0.1573
vn 0.9894 -0.1453 0.0003
vn 0.9467 -0.2817 -0.1559
vn 0.9894 -0.1453 0.0003
vn 0.9575 -0.2884 0.0007
vn 0.9894 -0.1453 0.0003
vn 0.9969 -0.0792 0.0002
vn 0.9838 -0.0870 0.1568
vn 0.9894 -0.1453 0.0003
vn 0.9838 -0.0870 0.1568
vn 0.9748 -0.1552 0.1606
vn 0.9748 -0.1552 0.1606
vn 0.9838 -0.0870 0.1568
vn 0.8026 -0.0972 0.5885
vn 0.9748 -0.1552 0.1606
vn 0.8026 -0.0972 0.5885
vn 0.7883 -0.1516 0.5964
vn 0.7883 -0.1516 0.5964
vn 0.8026 -0.0972 0.5885
vn 0.5320 -0.0994 0.8409
vn 0.7883 -0.1516 0.5964
vn 0.5320 -0.0994 0.8409
vn 0.5179 -0.1373 0.8444
vn 0.5179 -0.1373 0.8444
vn 0.5320 -0.0994 0.8409
vn 0.3156 -0.0977 0.9439
vn 0.5179 -0.1373 0.8444
vn 0.3156 -0.0977 0.9439
vn 0.3060 -0.1235 0.9440
vn 0.3060 -0.1235 0.9440
vn 0.3156 -0.0977 0.9439
vn 0.1731 -0.0962 0.9802
vn 0.3060 -0.1235 0.9440
vn 0.1731 -0.0962 0.9802
vn 0.1676 -0.1147 0.9792
vn 0.1676 -0.1147 0.9792
vn 0.1731 -0.0962 0.9802
vn 0.0811 -0.0952 0.9921
vn 0.1676 -0.1147 0.9792
vn 0.0811 -0.0952 0.9921
vn 0.0785 -0.1096 0.9909
vn 0.0785 -0.1096 0.9909
vn 0.0811 -0.0952 0.9921
vn 0.0175 -0.0941 0.9954
vn 0.0785 -0.1096 0.9909
vn 0.0175 -0.0941 0.9954
vn 0.0169 -0.1063 0.9942
vn 0.0169 -0.1063 0.9942
vn 0.0175 -0.0941 0.9954
vn -0.0001 -0.0951 0.9955
vn 0.0169 -0.1063 0.9942
vn -0.0001 -0.0951 0.9955
vn -0.0001 -0.1067 0.9943
vn -0.0001 -0.1067 0.9943
vn -0.0001 -0.0951 0.9955
vn -0.0178 -0.0960 0.9952
vn -0.0001 -0.1067 0.9943
vn -0.0178 -0.0960 0.9952
vn -0.0173 -0.1079 0.9940
vn -0.0173 -0.1079 0.9940
vn -0.0178 -0.0960 0.9952
vn -0.0818 -0.0958 0.9920
vn -0.0173 -0.1079 0.9940
vn -0.0818 -0.0958 0.9920
vn -0.0794 -0.1098 0.9908
vn -0.0794 -0.1098 0.9908
vn -0.0818 -0.0958 0.9920
vn -0.1741 -0.0965 0.9800
vn -0.0794 -0.1098 0.9908
vn -0.1741 -0.0965 0.9800
vn -0.1689 -0.1144 0.9790
vn -0.1689 -0.1144 0.9790
vn -0.1741 -0.0965 0.9800
vn -0.3170 -0.0977 0.9434
vn -0.1689 -0.1144 0.9790
vn -0.3170 -0.0977 0.9434
vn -0.3079 -0.1227 0.9435
vn -0.3079 -0.1227 0.9435
vn -0.3170 -0.0977 0.9434
vn -0.5339 -0.0989 0.8397
vn -0.3079 -0.1227 0.9435
vn -0.5339 -0.0989 0.8397
vn -0.5207 -0.1356 0.8429
vn -0.5207 -0.1356 0.8429
vn -0.5339 -0.0989 0.8397
vn -0.8045 -0.0955 0.5862
vn -0.5207 -0.1356 0.8429
vn -0.8045 -0.0955 0.5862
vn -0.7913 -0.1478 0.5933
vn -0.7913 -0.1478 0.5933
vn -0.8045 -0.0955 0.5862
vn -0.9848 -0.0799 0.1545
vn -0.7913 -0.1478 0.5933
vn -0.9848 -0.0799 0.1545
vn -0.9774 -0.1414 0.1575
vn -0.9774 -0.1414 0.1575
vn -0.9848 -0.0799 0.1545
vn -0.9969 -0.0791 -0.0002
vn -0.9774 -0.1414 0.1575
vn -0.9969 -0.0791 -0.0002
vn -0.9894 -0.1451 -0.0003
vn -0.9894 -0.1451 -0.0003
vn -0.9969 -0.0791 -0.0002
vn -0.9836 -0.0891 -0.1567
vn -0.9894 -0.1451 -0.0003
vn -0.9836 -0.0891 -0.1567
vn -0.9739 -0.1603 -0.1604
vn -0.9739 -0.1603 -0.1604
vn -0.9836 -0.0891 -0.1567
vn -0.8019 -0.1057 -0.5880
vn -0.9739 -0.1603 -0.1604
vn -0.8019 -0.1057 -0.5880
vn -0.7857 -0.1712 -0.5944
vn -0.7857 -0.1712 -0.5944
vn -0.8019 -0.1057 -0.5880
vn -0.5313 -0.1117 -0.8398
vn -0.7857 -0.1712 -0.5944
vn -0.5313 -0.1117 -0.8398
vn -0.5156 -0.1654 -0.8407
vn -0.5156 -0.1654 -0.8407
vn -0.5313 -0.1117 -0.8398
vn -0.3151 -0.1116 -0.9425
vn -0.5156 -0.1654 -0.8407
vn -0.3151 -0.1116 -0.9425
vn -0.3046 -0.1551 -0.9398
vn -0.3046 -0.1551 -0.9398
vn -0.3151 -0.1116 -0.9425
vn -0.1728 -0.1106 -0.9787
vn -0.3046 -0.1551 -0.9398
vn -0.1728 -0.1106 -0.9787
vn -0.1669 -0.1475 -0.9749
vn -0.1669 -0.1475 -0.9749
vn -0.1728 -0.1106 -0.9787
vn -0.0810 -0.1098 -0.9907
vn -0.1669 -0.1475 -0.9749
vn -0.0810 -0.1098 -0.9907
vn -0.0782 -0.1428 -0.9867
vn -0.0782 -0.1428 -0.9867
vn -0.0810 -0.1098 -0.9907
vn -0.0175 -0.1079 -0.9940
vn -0.0782 -0.1428 -0.9867
vn -0.0175 -0.1079 -0.9940
vn -0.0169 -0.1384 -0.9902
vn -0.0169 -0.1384 -0.9902
vn -0.0175 -0.1079 -0.9940
vn 0.0001 -0.1101 -0.9939
vn -0.0169 -0.1384 -0.9902
vn 0.0001 -0.1101 -0.9939
vn 0.0001 -0.1407 -0.9901
vn 0.0001 -0.1407 -0.9901
vn 0.0001 -0.1101 -0.9939
vn 0.0178 -0.1123 -0.9935
vn 0.0001 -0.1407 -0.9901
vn 0.0178 -0.1123 -0.9935
vn 0.0172 -0.1436 -0.9895
vn 0.0172 -0.1436 -0.9895
vn 0.0178 -0.1123 -0.9935
vn 0.0816 -0.1113 -0.9904
vn 0.0172 -0.1436 -0.9895
vn 0.0816 -0.1113 -0.9904
vn 0.0790 -0.1444 -0.9864
vn 0.0790 -0.1444 -0.9864
vn 0.0816 -0.1113 -0.9904
vn 0.1738 -0.1116 -0.9784
vn 0.0790 -0.1444 -0.9864
vn 0.1738 -0.1116 -0.9784
vn 0.1682 -0.1484 -0.9745
vn 0.1682 -0.1484 -0.9745
vn 0.1738 -0.1116 -0.9784
vn 0.3165 -0.1124 -0.9419
vn 0.1682 -0.1484 -0.9745
vn 0.3165 -0.1124 -0.9419
vn 0.3065 -0.1554 -0.9391
vn 0.3065 -0.1554 -0.9391
vn 0.3165 -0.1124 -0.9419
vn 0.5332 -0.1120 -0.8385
vn 0.3065 -0.1554 -0.9391
vn 0.5332 -0.1120 -0.8385
vn 0.5184 -0.1648 -0.8391
vn 0.5184 -0.1648 -0.8391
vn 0.5332 -0.1120 -0.8385
vn 0.8038 -0.1048 -0.5856
vn 0.5184 -0.1648 -0.8391
vn 0.8038 -0.1048 -0.5856
vn 0.7887 -0.1684 -0.5913
vn 0.7887 -0.1684 -0.5913
vn 0.8038 -0.1048 -0.5856
vn 0.9846 -0.0825 -0.1544
vn 0.7887 -0.1684 -0.5913
vn 0.9846 -0.0825 -0.1544
vn 0.9765 -0.1470 -0.1573
vn 0.9765 -0.1470 -0.1573
vn 0.9846 -0.0825 -0.1544
vn 0.9969 -0.0792 0.0002
vn 0.9765 -0.1470 -0.1573
vn 0.9969 -0.0792 0.0002
vn 0.9894 -0.1453 0.0003
vn 0.9969 -0.0792 0.0002
vn 0.9990 -0.0440 0.0001
vn 0.9870 -0.0504 0.1528
vn 0.9969 -0.0792 0.0002
vn 0.9870 -0.0504 0.1528
vn 0.9838 -0.0870 0.1568
vn 0.9838 -0.0870 0.1568
vn 0.9870 -0.0504 0.1528
vn 0.8125 -0.0653 0.5793
vn 0.9838 -0.0870 0.1568
vn 0.8125 -0.0653 0.5793
vn 0.8026 -0.0972 0.5885
vn 0.8026 -0.0972 0.5885
vn 0.8125 -0.0653 0.5793
vn 0.5437 -0.0743 0.8360
vn 0.8026 -0.0972 0.5885
vn 0.5437 -0.0743 0.8360
vn 0.5320 -0.0994 0.8409
vn 0.5320 -0.0994 0.8409
vn 0.5437 -0.0743 0.8360
vn 0.3241 -0.0780 0.9428
vn 0.5320 -0.0994 0.8409
vn 0.3241 -0.0780 0.9428
vn 0.3156 -0.0977 0.9439
vn 0.3156 -0.0977 0.9439
vn 0.3241 -0.0780 0.9428
vn 0.1781 -0.0797 0.9808
vn 0.3156 -0.0977 0.9439
vn 0.1781 -0.0797 0.9808
vn 0.1731 -0.0962 0.9802
vn 0.1731 -0.0962 0.9802
vn 0.1781 -0.0797 0.9808
vn 0.0835 -0.0806 0.9932
vn 0.1731 -0.0962 0.9802
vn 0.0835 -0.0806 0.9932
vn 0.0811 -0.0952 0.9921
vn 0.0811 -0.0952 0.9921
vn 0.0835 -0.0806 0.9932
vn 0.0181 -0.0804 0.9966
vn 0.0811 -0.0952 0.9921
vn 0.0181 -0.0804 0.9966
vn 0.0175 -0.0941 0.9954
vn 0.0175 -0.0941 0.9954
vn 0.0181 -0.0804 0.9966
vn -0.0001 -0.0817 0.9967
vn 0.0175 -0.0941 0.9954
vn -0.0001 -0.0817 0.9967
vn -0.0001 -0.0951 0.9955
vn -0.0001 -0.0951 0.9955
vn -0.0001 -0.0817 0.9967
vn -0.0183 -0.0827 0.9964
vn -0.0001 -0.0951 0.9955
vn -0.0183 -0.0827 0.9964
vn -0.0178 -0.0960 0.9952
vn -0.0178 -0.0960 0.9952
vn -0.0183 -0.0827 0.9964
vn -0.0840 -0.0814 0.9931
vn -0.0178 -0.0960 0.9952
vn -0.0840 -0.0814 0.9931
vn -0.0818 -0.0958 0.9920
vn -0.0818 -0.0958 0.9920
vn -0.0840 -0.0814 0.9931
vn -0.1788 -0.0803 0.9806
vn -0.0818 -0.0958 0.9920
vn -0.1788 -0.0803 0.9806
vn -0.1741 -0.0965 0.9800
vn -0.1741 -0.0965 0.9800
vn -0.1788 -0.0803 0.9806
vn -0.3251 -0.0785 0.9424
vn -0.1741 -0.0965 0.9800
vn -0.3251 -0.0785 0.9424
vn -0.3170 -0.0977 0.9434
vn -0.3170 -0.0977 0.9434
vn -0.3251 -0.0785 0.9424
vn -0.5451 -0.0745 0.8350
vn -0.3170 -0.0977 0.9434
vn -0.5451 -0.0745 0.8350
vn -0.5339 -0.0989 0.8397
vn -0.5339 -0.0989 0.8397
vn -0.5451 -0.0745 0.8350
vn -0.8138 -0.0647 0.5776
vn -0.5339 -0.0989 0.8397
vn -0.8138 -0.0647 0.5776
vn -0.8045 -0.0955 0.5862
vn -0.8045 -0.0955 0.5862
vn -0.8138 -0.0647 0.5776
vn -0.9874 -0.0466 0.1511
vn -0.8045 -0.0955 0.5862
vn -0.9874 -0.0466 0.1511
vn -0.9848 -0.0799 0.1545
vn -0.9848 -0.0799 0.1545
vn -0.9874 -0.0466 0.1511
vn -0.9990 -0.0440 -0.0001
vn -0.9848 -0.0799 0.1545
vn -0.9990 -0.0440 -0.0001
vn -0.9969 -0.0791 -0.0002
vn -0.9969 -0.0791 -0.0002
vn -0.9990 -0.0440 -0.0001
vn -0.9870 -0.0507 -0.1528
vn -0.9969 -0.0791 -0.0002
vn -0.9870 -0.0507 -0.1528
vn -0.9836 -0.0891 -0.1567
vn -0.9836 -0.0891 -0.1567
vn -0.9870 -0.0507 -0.1528
vn -0.8124 -0.0668 -0.5793
vn -0.9836 -0.0891 -0.1567
vn -0.8124 -0.0668 -0.5793
vn -0.8019 -0.1057 -0.5880
vn -0.8019 -0.1057 -0.5880
vn -0.8124 -0.0668 -0.5793
vn -0.5436 -0.0766 -0.8358
vn -0.8019 -0.1057 -0.5880
vn -0.5436 -0.0766 -0.8358
vn -0.5313 -0.1117 -0.8398
vn -0.5313 -0.1117 -0.8398
vn -0.5436 -0.0766 -0.8358
vn -0.3240 -0.0806 -0.9426
vn -0.5313 -0.1117 -0.8398
vn -0.3240 -0.0806 -0.9426
vn -0.3151 -0.1116 -0.9425
vn -0.3151 -0.1116 -0.9425
vn -0.3240 -0.0806 -0.9426
vn -0.1780 -0.0824 -0.9806
vn -0.3151 -0.1116 -0.9425
vn -0.1780 -0.0824 -0.9806
vn -0.1728 -0.1106 -0.9787
vn -0.1728 -0.1106 -0.9787
vn -0.1780 -0.0824 -0.9806
vn -0.0835 -0.0833 -0.9930
vn -0.1728 -0.1106 -0.9787
vn -0.0835 -0.0833 -0.9930
vn -0.0810 -0.1098 -0.9907
vn -0.0810 -0.1098 -0.9907
vn -0.0835 -0.0833 -0.9930
vn -0.0181 -0.0826 -0.9964
vn -0.0810 -0.1098 -0.9907
vn -0.0181 -0.0826 -0.9964
vn -0.0175 -0.1079 -0.9940
vn -0.0175 -0.1079 -0.9940
vn -0.0181 -0.0826 -0.9964
vn 0.0001 -0.0846 -0.9964
vn -0.0175 -0.1079 -0.9940
vn 0.0001 -0.0846 -0.9964
vn 0.0001 -0.1101 -0.9939
vn 0.0001 -0.1101 -0.9939
vn 0.0001 -0.0846 -0.9964
vn 0.0183 -0.0863 -0.9961
vn 0.0001 -0.1101 -0.9939
vn 0.0183 -0.0863 -0.9961
vn 0.0178 -0.1123 -0.9935
vn 0.0178 -0.1123 -0.9935
vn 0.0183 -0.0863 -0.9961
vn 0.0840 -0.0846 -0.9929
vn 0.0178 -0.1123 -0.9935
vn 0.0840 -0.0846 -0.9929
vn 0.0816 -0.1113 -0.9904
vn 0.0816 -0.1113 -0.9904
vn 0.0840 -0.0846 -0.9929
vn 0.1788 -0.0834 -0.9803
vn 0.0816 -0.1113 -0.9904
vn 0.1788 -0.0834 -0.9803
vn 0.1738 -0.1116 -0.9784
vn 0.1738 -0.1116 -0.9784
vn 0.1788 -0.0834 -0.9803
vn 0.3250 -0.0815 -0.9422
vn 0.1738 -0.1116 -0.9784
vn 0.3250 -0.0815 -0.9422
vn 0.3165 -0.1124 -0.9419
vn 0.3165 -0.1124 -0.9419
vn 0.3250 -0.0815 -0.9422
vn 0.5450 -0.0772 -0.8349
vn 0.3165 -0.1124 -0.9419
vn 0.5450 -0.0772 -0.8349
vn 0.5332 -0.1120 -0.8385
vn 0.5332 -0.1120 -0.8385
vn 0.5450 -0.0772 -0.8349
vn 0.8137 -0.0667 -0.5775
vn 0.5332 -0.1120 -0.8385
vn 0.8137 -0.0667 -0.5775
vn 0.8038 -0.1048 -0.5856
vn 0.8038 -0.1048 -0.5856
vn 0.8137 -0.0667 -0.5775
vn 0.9874 -0.0472 -0.1511
vn 0.8038 -0.1048 -0.5856
vn 0.9874 -0.0472 -0.1511
vn 0.9846 -0.0825 -0.1544
vn 0.9846 -0.0825 -0.1544
vn 0.9874 -0.0472 -0.1511
vn 0.9990 -0.0440 0.0001
vn 0.9846 -0.0825 -0.1544
vn 0.9990 -0.0440 0.0001
vn 0.9969 -0.0792 0.0002
vn 0.9990 -0.0440 0.0001
vn 0.9997 -0.0243 0.0000
vn 0.9884 -0.0291 0.1493
vn 0.9990 -0.0440 0.0001
vn 0.9884 -0.0291 0.1493
vn 0.9870 -0.0504 0.1528
vn 0.9870 -0.0504 0.1528
vn 0.9884 -0.0291 0.1493
vn 0.8197 -0.0435 0.5711
vn 0.9870 -0.0504 0.1528
vn 0.8197 -0.0435 0.5711
vn 0.8125 -0.0653 0.5793
vn 0.8125 -0.0653 0.5793
vn 0.8197 -0.0435 0.5711
vn 0.5533 -0.0540 0.8313
vn 0.8125 -0.0653 0.5793
vn 0.5533 -0.0540 0.8313
vn 0.5437 -0.0743 0.8360
vn 0.5437 -0.0743 0.8360
vn 0.5533 -0.0540 0.8313
vn 0.3312 -0.0594 0.9417
vn 0.5437 -0.0743 0.8360
vn 0.3312 -0.0594 0.9417
vn 0.3241 -0.0780 0.9428
vn 0.3241 -0.0780 0.9428
vn 0.3312 -0.0594 0.9417
vn 0.1823 -0.0622 0.9813
vn 0.3241 -0.0780 0.9428
vn 0.1823 -0.0622 0.9813
vn 0.1781 -0.0797 0.9808
vn 0.1781 -0.0797 0.9808
vn 0.1823 -0.0622 0.9813
vn 0.0856 -0.0637 0.9943
vn 0.1781 -0.0797 0.9808
vn 0.0856 -0.0637 0.9943
vn 0.0835 -0.0806 0.9932
vn 0.0835 -0.0806 0.9932
vn 0.0856 -0.0637 0.9943
vn 0.0185 -0.0637 0.9978
vn 0.0835 -0.0806 0.9932
vn 0.0185 -0.0637 0.9978
vn 0.0181 -0.0804 0.9966
vn 0.0181 -0.0804 0.9966
vn 0.0185 -0.0637 0.9978
vn -0.0000 -0.0653 0.9979
vn 0.0181 -0.0804 0.9966
vn -0.0000 -0.0653 0.9979
vn -0.0001 -0.0817 0.9967
vn -0.0001 -0.0817 0.9967
vn -0.0000 -0.0653 0.9979
vn -0.0187 -0.0666 0.9976
vn -0.0001 -0.0817 0.9967
vn -0.0187 -0.0666 0.9976
vn -0.0183 -0.0827 0.9964
vn -0.0183 -0.0827 0.9964
vn -0.0187 -0.0666 0.9976
vn -0.0860 -0.0649 0.9942
vn -0.0183 -0.0827 0.9964
vn -0.0860 -0.0649 0.9942
vn -0.0840 -0.0814 0.9931
vn -0.0840 -0.0814 0.9931
vn -0.0860 -0.0649 0.9942
vn -0.1829 -0.0632 0.9811
vn -0.0840 -0.0814 0.9931
vn -0.1829 -0.0632 0.9811
vn -0.1788 -0.0803 0.9806
vn -0.1788 -0.0803 0.9806
vn -0.1829 -0.0632 0.9811
vn -0.3320 -0.0603 0.9414
vn -0.1788 -0.0803 0.9806
vn -0.3320 -0.0603 0.9414
vn -0.3251 -0.0785 0.9424
vn -0.3251 -0.0785 0.9424
vn -0.3320 -0.0603 0.9414
vn -0.5543 -0.0547 0.8305
vn -0.3251 -0.0785 0.9424
vn -0.5543 -0.0547 0.8305
vn -0.5451 -0.0745 0.8350
vn -0.5451 -0.0745 0.8350
vn -0.5543 -0.0547 0.8305
vn -0.8206 -0.0437 0.5699
vn -0.5451 -0.0745 0.8350
vn -0.8206 -0.0437 0.5699
vn -0.8138 -0.0647 0.5776
vn -0.8138 -0.0647 0.5776
vn -0.8206 -0.0437 0.5699
vn -0.9886 -0.0272 0.1481
vn -0.8138 -0.0647 0.5776
vn -0.9886 -0.0272 0.1481
vn -0.9874 -0.0466 0.1511
vn -0.9874 -0.0466 0.1511
vn -0.9886 -0.0272 0.1481
vn -0.9997 -0.0243 -0.0000
vn -0.9874 -0.0466 0.1511
vn -0.9997 -0.0243 -0.0000
vn -0.9990 -0.0440 -0.0001
vn -0.9990 -0.0440 -0.0001
vn -0.9997 -0.0243 -0.0000
vn -0.9884 -0.0289 -0.1493
vn -0.9990 -0.0440 -0.0001
vn -0.9884 -0.0289 -0.1493
vn -0.9870 -0.0507 -0.1528
vn -0.9870 -0.0507 -0.1528
vn -0.9884 -0.0289 -0.1493
vn -0.8197 -0.0426 -0.5711
vn -0.9870 -0.0507 -0.1528
vn -0.8197 -0.0426 -0.5711
vn -0.8124 -0.0668 -0.5793
vn -0.8124 -0.0668 -0.5793
vn -0.8197 -0.0426 -0.5711
vn -0.5533 -0.0527 -0.8313
vn -0.8124 -0.0668 -0.5793
vn -0.5533 -0.0527 -0.8313
vn -0.5436 -0.0766 -0.8358
vn -0.5436 -0.0766 -0.8358
vn -0.5533 -0.0527 -0.8313
vn -0.3312 -0.0579 -0.9418
vn -0.5436 -0.0766 -0.8358
vn -0.3312 -0.0579 -0.9418
vn -0.3240 -0.0806 -0.9426
vn -0.3240 -0.0806 -0.9426
vn -0.3312 -0.0579 -0.9418
vn -0.1823 -0.0607 -0.9814
vn -0.3240 -0.0806 -0.9426
vn -0.1823 -0.0607 -0.9814
vn -0.1780 -0.0824 -0.9806
vn -0.1780 -0.0824 -0.9806
vn -0.1823 -0.0607 -0.9814
vn -0.0856 -0.0622 -0.9944
vn -0.1780 -0.0824 -0.9806
vn -0.0856 -0.0622 -0.9944
vn -0.0835 -0.0833 -0.9930
vn -0.0835 -0.0833 -0.9930
vn -0.0856 -0.0622 -0.9944
vn -0.0185 -0.0621 -0.9979
vn -0.0835 -0.0833 -0.9930
vn -0.0185 -0.0621 -0.9979
vn -0.0181 -0.0826 -0.9964
vn -0.0181 -0.0826 -0.9964
vn -0.0185 -0.0621 -0.9979
vn 0.0000 -0.0638 -0.9980
vn -0.0181 -0.0826 -0.9964
vn 0.0000 -0.0638 -0.9980
vn 0.0001 -0.0846 -0.9964
vn 0.0001 -0.0846 -0.9964
vn 0.0000 -0.0638 -0.9980
vn 0.0187 -0.0651 -0.9977
vn 0.0001 -0.0846 -0.9964
vn 0.0187 -0.0651 -0.9977
vn 0.0183 -0.0863 -0.9961
vn 0.0183 -0.0863 -0.9961
vn 0.0187 -0.0651 -0.9977
vn 0.0860 -0.0633 -0.9943
vn 0.0183 -0.0863 -0.9961
vn 0.0860 -0.0633 -0.9943
vn 0.0840 -0.0846 -0.9929
vn 0.0840 -0.0846 -0.9929
vn 0.0860 -0.0633 -0.9943
vn 0.1829 -0.0616 -0.9812
vn 0.0840 -0.0846 -0.9929
vn 0.1829 -0.0616 -0.9812
vn 0.1788 -0.0834 -0.9803
vn 0.1788 -0.0834 -0.9803
vn 0.1829 -0.0616 -0.9812
vn 0.3320 -0.0588 -0.9414
vn 0.1788 -0.0834 -0.9803
vn 0.3320 -0.0588 -0.9414
vn 0.3250 -0.0815 -0.9422
vn 0.3250 -0.0815 -0.9422
vn 0.3320 -0.0588 -0.9414
vn 0.5543 -0.0534 -0.8306
vn 0.3250 -0.0815 -0.9422
vn 0.5543 -0.0534 -0.8306
vn 0.5450 -0.0772 -0.8349
vn 0.5450 -0.0772 -0.8349
vn 0.5543 -0.0534 -0.8306
vn 0.8206 -0.0428 -0.5699
vn 0.5450 -0.0772 -0.8349
vn 0.8206 -0.0428 -0.5699
vn 0.8137 -0.0667 -0.5775
vn 0.8137 -0.0667 -0.5775
vn 0.8206 -0.0428 -0.5699
vn 0.9886 -0.0270 -0.1481
vn 0.8137 -0.0667 -0.5775
vn 0.9886 -0.0270 -0.1481
vn 0.9874 -0.0472 -0.1511
vn 0.9874 -0.0472 -0.1511
vn 0.9886 -0.0270 -0.1481
vn 0.9997 -0.0243 0.0000
vn 0.9874 -0.0472 -0.1511
vn 0.9997 -0.0243 0.0000
vn 0.9990 -0.0440 0.0001
vn 0.9997 -0.0243 0.0000
vn 0.9999 -0.0130 0.0000
vn 0.9891 -0.0154 0.1467
vn 0.9997 -0.0243 0.0000
vn 0.9891 -0.0154 0.1467
vn 0.9884 -0.0291 0.1493
vn 0.9884 -0.0291 0.1493
vn 0.9891 -0.0154 0.1467
vn 0.8249 -0.0241 0.5647
vn 0.9884 -0.0291 0.1493
vn 0.8249 -0.0241 0.5647
vn 0.8197 -0.0435 0.5711
vn 0.8197 -0.0435 0.5711
vn 0.8249 -0.0241 0.5647
vn 0.5605 -0.0313 0.8276
vn 0.8197 -0.0435 0.5711
vn 0.5605 -0.0313 0.8276
vn 0.5533 -0.0540 0.8313
vn 0.5533 -0.0540 0.8313
vn 0.5605 -0.0313 0.8276
vn 0.3367 -0.0354 0.9409
vn 0.5533 -0.0540 0.8313
vn 0.3367 -0.0354 0.9409
vn 0.3312 -0.0594 0.9417
vn 0.3312 -0.0594 0.9417
vn 0.3367 -0.0354 0.9409
vn 0.1857 -0.0377 0.9819
vn 0.3312 -0.0594 0.9417
vn 0.1857 -0.0377 0.9819
vn 0.1823 -0.0622 0.9813
vn 0.1823 -0.0622 0.9813
vn 0.1857 -0.0377 0.9819
vn 0.0872 -0.0389 0.9954
vn 0.1823 -0.0622 0.9813
vn 0.0872 -0.0389 0.9954
vn 0.0856 -0.0637 0.9943
vn 0.0856 -0.0637 0.9943
vn 0.0872 -0.0389 0.9954
vn 0.0189 -0.0381 0.9991
vn 0.0856 -0.0637 0.9943
vn 0.0189 -0.0381 0.9991
vn 0.0185 -0.0637 0.9978
vn 0.0185 -0.0637 0.9978
vn 0.0189 -0.0381 0.9991
vn -0.0000 -0.0407 0.9992
vn 0.0185 -0.0637 0.9978
vn -0.0000 -0.0407 0.9992
vn -0.0000 -0.0653 0.9979
vn -0.0000 -0.0653 0.9979
vn -0.0000 -0.0407 0.9992
vn -0.0190 -0.0431 0.9989
vn -0.0000 -0.0653 0.9979
vn -0.0190 -0.0431 0.9989
vn -0.0187 -0.0666 0.9976
vn -0.0187 -0.0666 0.9976
vn -0.0190 -0.0431 0.9989
vn -0.0875 -0.0409 0.9953
vn -0.0187 -0.0666 0.9976
vn -0.0875 -0.0409 0.9953
vn -0.0860 -0.0649 0.9942
vn -0.0860 -0.0649 0.9942
vn -0.0875 -0.0409 0.9953
vn -0.1860 -0.0394 0.9818
vn -0.0860 -0.0649 0.9942
vn -0.1860 -0.0394 0.9818
vn -0.1829 -0.0632 0.9811
vn -0.1829 -0.0632 0.9811
vn -0.1860 -0.0394 0.9818
vn -0.3372 -0.0371 0.9407
vn -0.1829 -0.0632 0.9811
vn -0.3372 -0.0371 0.9407
vn -0.3320 -0.0603 0.9414
vn -0.3320 -0.0603 0.9414
vn -0.3372 -0.0371 0.9407
vn -0.5611 -0.0329 0.8271
vn -0.3320 -0.0603 0.9414
vn -0.5611 -0.0329 0.8271
vn -0.5543 -0.0547 0.8305
vn -0.5543 -0.0547 0.8305
vn -0.5611 -0.0329 0.8271
vn -0.8254 -0.0253 0.5639
vn -0.5543 -0.0547 0.8305
vn -0.8254 -0.0253 0.5639
vn -0.8206 -0.0437 0.5699
vn -0.8206 -0.0437 0.5699
vn -0.8254 -0.0253 0.5639
vn -0.9892 -0.0149 0.1459
vn -0.8206 -0.0437 0.5699
vn -0.9892 -0.0149 0.1459
vn -0.9886 -0.0272 0.1481
vn -0.9886 -0.0272 0.1481
vn -0.9892 -0.0149 0.1459
vn -0.9999 -0.0131 -0.0000
vn -0.9886 -0.0272 0.1481
vn -0.9999 -0.0131 -0.0000
vn -0.9997 -0.0243 -0.0000
vn -0.9997 -0.0243 -0.0000
vn -0.9999 -0.0131 -0.0000
vn -0.9890 -0.0166 -0.1467
vn -0.9997 -0.0243 -0.0000
vn -0.9890 -0.0166 -0.1467
vn -0.9884 -0.0289 -0.1493
vn -0.9884 -0.0289 -0.1493
vn -0.9890 -0.0166 -0.1467
vn -0.8248 -0.0280 -0.5647
vn -0.9884 -0.0289 -0.1493
vn -0.8248 -0.0280 -0.5647
vn -0.8197 -0.0426 -0.5711
vn -0.8197 -0.0426 -0.5711
vn -0.8248 -0.0280 -0.5647
vn -0.5604 -0.0369 -0.8274
vn -0.8197 -0.0426 -0.5711
vn -0.5604 -0.0369 -0.8274
vn -0.5533 -0.0527 -0.8313
vn -0.5533 -0.0527 -0.8313
vn -0.5604 -0.0369 -0.8274
vn -0.3367 -0.0417 -0.9407
vn -0.5533 -0.0527 -0.8313
vn -0.3367 -0.0417 -0.9407
vn -0.3312 -0.0579 -0.9418
vn -0.3312 -0.0579 -0.9418
vn -0.3367 -0.0417 -0.9407
vn -0.1856 -0.0442 -0.9816
vn -0.3312 -0.0579 -0.9418
vn -0.1856 -0.0442 -0.9816
vn -0.1823 -0.0607 -0.9814
vn -0.1823 -0.0607 -0.9814
vn -0.1856 -0.0442 -0.9816
vn -0.0872 -0.0456 -0.9951
vn -0.1823 -0.0607 -0.9814
vn -0.0872 -0.0456 -0.9951
vn -0.0856 -0.0622 -0.9944
vn -0.0856 -0.0622 -0.9944
vn -0.0872 -0.0456 -0.9951
vn -0.0189 -0.0456 -0.9988
vn -0.0856 -0.0622 -0.9944
vn -0.0189 -0.0456 -0.9988
vn -0.0185 -0.0621 -0.9979
vn -0.0185 -0.0621 -0.9979
vn -0.0189 -0.0456 -0.9988
vn 0.0000 -0.0470 -0.9989
vn -0.0185 -0.0621 -0.9979
vn 0.0000 -0.0470 -0.9989
vn 0.0000 -0.0638 -0.9980
vn 0.0000 -0.0638 -0.9980
vn 0.0000 -0.0470 -0.9989
vn 0.0190 -0.0481 -0.9987
vn 0.0000 -0.0638 -0.9980
vn 0.0190 -0.0481 -0.9987
vn 0.0187 -0.0651 -0.9977
vn 0.0187 -0.0651 -0.9977
vn 0.0190 -0.0481 -0.9987
vn 0.0874 -0.0466 -0.9951
vn 0.0187 -0.0651 -0.9977
vn 0.0874 -0.0466 -0.9951
vn 0.0860 -0.0633 -0.9943
vn 0.0860 -0.0633 -0.9943
vn 0.0874 -0.0466 -0.9951
vn 0.1860 -0.0452 -0.9815
vn 0.0860 -0.0633 -0.9943
vn 0.1860 -0.0452 -0.9815
vn 0.1829 -0.0616 -0.9812
vn 0.1829 -0.0616 -0.9812
vn 0.1860 -0.0452 -0.9815
vn 0.3372 -0.0426 -0.9405
vn 0.1829 -0.0616 -0.9812
vn 0.3372 -0.0426 -0.9405
vn 0.3320 -0.0588 -0.9414
vn 0.3320 -0.0588 -0.9414
vn 0.3372 -0.0426 -0.9405
vn 0.5610 -0.0377 -0.8269
vn 0.3320 -0.0588 -0.9414
vn 0.5610 -0.0377 -0.8269
vn 0.5543 -0.0534 -0.8306
vn 0.5543 -0.0534 -0.8306
vn 0.5610 -0.0377 -0.8269
vn 0.8254 -0.0285 -0.5639
vn 0.5543 -0.0534 -0.8306
vn 0.8254 -0.0285 -0.5639
vn 0.8206 -0.0428 -0.5699
vn 0.8206 -0.0428 -0.5699
vn 0.8254 -0.0285 -0.5639
vn 0.9892 -0.0156 -0.1459
vn 0.8206 -0.0428 -0.5699
vn 0.9892 -0.0156 -0.1459
vn 0.9886 -0.0270 -0.1481
vn 0.9886 -0.0270 -0.1481
vn 0.9892 -0.0156 -0.1459
vn 0.9999 -0.0130 0.0000
vn 0.9886 -0.0270 -0.1481
vn 0.9999 -0.0130 0.0000
vn 0.9997 -0.0243 0.0000
vn 0.9999 -0.0130 0.0000
vn 1.0000 -0.0067 0.0000
vn 0.9894 -0.0066 0.1451
vn 0.9999 -0.0130 0.0000
vn 0.9894 -0.0066 0.1451
vn 0.9891 -0.0154 0.1467
vn 0.9891 -0.0154 0.1467
vn 0.9894 -0.0066 0.1451
vn 0.8280 -0.0073 0.5607
vn 0.9891 -0.0154 0.1467
vn 0.8280 -0.0073 0.5607
vn 0.8249 -0.0241 0.5647
vn 0.8249 -0.0241 0.5647
vn 0.8280 -0.0073 0.5607
vn 0.5649 -0.0088 0.8251
vn 0.8249 -0.0241 0.5647
vn 0.5649 -0.0088 0.8251
vn 0.5605 -0.0313 0.8276
vn 0.5605 -0.0313 0.8276
vn 0.5649 -0.0088 0.8251
vn 0.3402 -0.0100 0.9403
vn 0.5605 -0.0313 0.8276
vn 0.3402 -0.0100 0.9403
vn 0.3367 -0.0354 0.9409
vn 0.3367 -0.0354 0.9409
vn 0.3402 -0.0100 0.9403
vn 0.1877 -0.0109 0.9822
vn 0.3367 -0.0354 0.9409
vn 0.1877 -0.0109 0.9822
vn 0.1857 -0.0377 0.9819
vn 0.1857 -0.0377 0.9819
vn 0.1877 -0.0109 0.9822
vn 0.0882 -0.0114 0.9960
vn 0.1857 -0.0377 0.9819
vn 0.0882 -0.0114 0.9960
vn 0.0872 -0.0389 0.9954
vn 0.0872 -0.0389 0.9954
vn 0.0882 -0.0114 0.9960
vn 0.0191 -0.0105 0.9998
vn 0.0872 -0.0389 0.9954
vn 0.0191 -0.0105 0.9998
vn 0.0189 -0.0381 0.9991
vn 0.0189 -0.0381 0.9991
vn 0.0191 -0.0105 0.9998
vn -0.0000 -0.0126 0.9999
vn 0.0189 -0.0381 0.9991
vn -0.0000 -0.0126 0.9999
vn -0.0000 -0.0407 0.9992
vn -0.0000 -0.0407 0.9992
vn -0.0000 -0.0126 0.9999
vn -0.0192 -0.0146 0.9997
vn -0.0000 -0.0407 0.9992
vn -0.0192 -0.0146 0.9997
vn -0.0190 -0.0431 0.9989
vn -0.0190 -0.0431 0.9989
vn -0.0192 -0.0146 0.9997
vn -0.0884 -0.0130 0.9960
vn -0.0190 -0.0431 0.9989
vn -0.0884 -0.0130 0.9960
vn -0.0875 -0.0409 0.9953
vn -0.0875 -0.0409 0.9953
vn -0.0884 -0.0130 0.9960
vn -0.1879 -0.0123 0.9821
vn -0.0875 -0.0409 0.9953
vn -0.1879 -0.0123 0.9821
vn -0.1860 -0.0394 0.9818
vn -0.1860 -0.0394 0.9818
vn -0.1879 -0.0123 0.9821
vn -0.3404 -0.0114 0.9402
vn -0.1860 -0.0394 0.9818
vn -0.3404 -0.0114 0.9402
vn -0.3372 -0.0371 0.9407
vn -0.3372 -0.0371 0.9407
vn -0.3404 -0.0114 0.9402
vn -0.5652 -0.0102 0.8249
vn -0.3372 -0.0371 0.9407
vn -0.5652 -0.0102 0.8249
vn -0.5611 -0.0329 0.8271
vn -0.5611 -0.0329 0.8271
vn -0.5652 -0.0102 0.8249
vn -0.8282 -0.0084 0.5603
vn -0.5611 -0.0329 0.8271
vn -0.8282 -0.0084 0.5603
vn -0.8254 -0.0253 0.5639
vn -0.8254 -0.0253 0.5639
vn -0.8282 -0.0084 0.5603
vn -0.9895 -0.0065 0.1447
vn -0.8254 -0.0253 0.5639
vn -0.9895 -0.0065 0.1447
vn -0.9892 -0.0149 0.1459
vn -0.9892 -0.0149 0.1459
vn -0.9895 -0.0065 0.1447
vn -1.0000 -0.0068 -0.0000
vn -0.9892 -0.0149 0.1459
vn -1.0000 -0.0068 -0.0000
vn -0.9999 -0.0131 -0.0000
vn -0.9999 -0.0131 -0.0000
vn -1.0000 -0.0068 -0.0000
vn -0.9894 -0.0098 -0.1451
vn -0.9999 -0.0131 -0.0000
vn -0.9894 -0.0098 -0.1451
vn -0.9890 -0.0166 -0.1467
vn -0.9890 -0.0166 -0.1467
vn -0.9894 -0.0098 -0.1451
vn -0.8278 -0.0195 -0.5606
vn -0.9890 -0.0166 -0.1467
vn -0.8278 -0.0195 -0.5606
vn -0.8248 -0.0280 -0.5647
vn -0.8248 -0.0280 -0.5647
vn -0.8278 -0.0195 -0.5606
vn -0.5647 -0.0266 -0.8249
vn -0.8248 -0.0280 -0.5647
vn -0.5647 -0.0266 -0.8249
vn -0.5604 -0.0369 -0.8274
vn -0.5604 -0.0369 -0.8274
vn -0.5647 -0.0266 -0.8249
vn -0.3400 -0.0302 -0.9399
vn -0.5604 -0.0369 -0.8274
vn -0.3400 -0.0302 -0.9399
vn -0.3367 -0.0417 -0.9407
vn -0.3367 -0.0417 -0.9407
vn -0.3400 -0.0302 -0.9399
vn -0.1876 -0.0320 -0.9817
vn -0.3367 -0.0417 -0.9407
vn -0.1876 -0.0320 -0.9817
vn -0.1856 -0.0442 -0.9816
vn -0.1856 -0.0442 -0.9816
vn -0.1876 -0.0320 -0.9817
vn -0.0882 -0.0329 -0.9956
vn -0.1856 -0.0442 -0.9816
vn -0.0882 -0.0329 -0.9956
vn -0.0872 -0.0456 -0.9951
vn -0.0872 -0.0456 -0.9951
vn -0.0882 -0.0329 -0.9956
vn -0.0191 -0.0328 -0.9993
vn -0.0872 -0.0456 -0.9951
vn -0.0191 -0.0328 -0.9993
vn -0.0189 -0.0456 -0.9988
vn -0.0189 -0.0456 -0.9988
vn -0.0191 -0.0328 -0.9993
vn 0.0000 -0.0338 -0.9994
vn -0.0189 -0.0456 -0.9988
vn 0.0000 -0.0338 -0.9994
vn 0.0000 -0.0470 -0.9989
vn 0.0000 -0.0470 -0.9989
vn 0.0000 -0.0338 -0.9994
vn 0.0192 -0.0347 -0.9992
vn 0.0000 -0.0470 -0.9989
vn 0.0192 -0.0347 -0.9992
vn 0.0190 -0.0481 -0.9987
vn 0.0190 -0.0481 -0.9987
vn 0.0192 -0.0347 -0.9992
vn 0.0883 -0.0337 -0.9955
vn 0.0190 -0.0481 -0.9987
vn 0.0883 -0.0337 -0.9955
vn 0.0874 -0.0466 -0.9951
vn 0.0874 -0.0466 -0.9951
vn 0.0883 -0.0337 -0.9955
vn 0.1878 -0.0328 -0.9817
vn 0.0874 -0.0466 -0.9951
vn 0.1878 -0.0328 -0.9817
vn 0.1860 -0.0452 -0.9815
vn 0.1860 -0.0452 -0.9815
vn 0.1878 -0.0328 -0.9817
vn 0.3403 -0.0310 -0.9398
vn 0.1860 -0.0452 -0.9815
vn 0.3403 -0.0310 -0.9398
vn 0.3372 -0.0426 -0.9405
vn 0.3372 -0.0426 -0.9405
vn 0.3403 -0.0310 -0.9398
vn 0.5650 -0.0273 -0.8246
vn 0.3372 -0.0426 -0.9405
vn 0.5650 -0.0273 -0.8246
vn 0.5610 -0.0377 -0.8269
vn 0.5610 -0.0377 -0.8269
vn 0.5650 -0.0273 -0.8246
vn 0.8281 -0.0200 -0.5602
vn 0.5610 -0.0377 -0.8269
vn 0.8281 -0.0200 -0.5602
vn 0.8254 -0.0285 -0.5639
vn 0.8254 -0.0285 -0.5639
vn 0.8281 -0.0200 -0.5602
vn 0.9894 -0.0094 -0.1447
vn 0.8254 -0.0285 -0.5639
vn 0.9894 -0.0094 -0.1447
vn 0.9892 -0.0156 -0.1459
vn 0.9892 -0.0156 -0.1459
vn 0.9894 -0.0094 -0.1447
vn 1.0000 -0.0067 0.0000
vn 0.9892 -0.0156 -0.1459
vn 1.0000 -0.0067 0.0000
vn 0.9999 -0.0130 0.0000
vn 1.0000 -0.0067 0.0000
vn 1.0000 -0.0033 0.0000
vn 0.9895 -0.0024 0.1443
vn 1.0000 -0.0067 0.0000
vn 0.9895 -0.0024 0.1443
vn 0.9894 -0.0066 0.1451
vn 0.9894 -0.0066 0.1451
vn 0.9895 -0.0024 0.1443
vn 0.8294 -0.0003 0.5587
vn 0.9894 -0.0066 0.1451
vn 0.8294 -0.0003 0.5587
vn 0.8280 -0.0073 0.5607
vn 0.8280 -0.0073 0.5607
vn 0.8294 -0.0003 0.5587
vn 0.5669 0.0006 0.8238
vn 0.8280 -0.0073 0.5607
vn 0.5669 0.0006 0.8238
vn 0.5649 -0.0088 0.8251
vn 0.5649 -0.0088 0.8251
vn 0.5669 0.0006 0.8238
vn 0.3418 0.0007 0.9398
vn 0.5649 -0.0088 0.8251
vn 0.3418 0.0007 0.9398
vn 0.3402 -0.0100 0.9403
vn 0.3402 -0.0100 0.9403
vn 0.3418 0.0007 0.9398
vn 0.1887 0.0005 0.9820
vn 0.3402 -0.0100 0.9403
vn 0.1887 0.0005 0.9820
vn 0.1877 -0.0109 0.9822
vn 0.1877 -0.0109 0.9822
vn 0.1887 0.0005 0.9820
vn 0.0887 0.0002 0.9961
vn 0.1877 -0.0109 0.9822
vn 0.0887 0.0002 0.9961
vn 0.0882 -0.0114 0.9960
vn 0.0882 -0.0114 0.9960
vn 0.0887 0.0002 0.9961
vn 0.0193 0.0001 0.9998
vn 0.0882 -0.0114 0.9960
vn 0.0193 0.0001 0.9998
vn 0.0191 -0.0105 0.9998
vn 0.0191 -0.0105 0.9998
vn 0.0193 0.0001 0.9998
vn -0.0000 0.0000 1.0000
vn 0.0191 -0.0105 0.9998
vn -0.0000 0.0000 1.0000
vn -0.0000 -0.0126 0.9999
vn -0.0000 -0.0126 0.9999
vn -0.0000 0.0000 1.0000
vn -0.0193 0.0001 0.9998
vn -0.0000 -0.0126 0.9999
vn -0.0193 0.0001 0.9998
vn -0.0192 -0.0146 0.9997
vn -0.0192 -0.0146 0.9997
vn -0.0193 0.0001 0.9998
vn -0.0888 0.0002 0.9961
vn -0.0192 -0.0146 0.9997
vn -0.0888 0.0002 0.9961
vn -0.0884 -0.0130 0.9960
vn -0.0884 -0.0130 0.9960
vn -0.0888 0.0002 0.9961
vn -0.1888 0.0004 0.9820
vn -0.0884 -0.0130 0.9960
vn -0.1888 0.0004 0.9820
vn -0.1879 -0.0123 0.9821
vn -0.1879 -0.0123 0.9821
vn -0.1888 0.0004 0.9820
vn -0.3419 0.0006 0.9397
vn -0.1879 -0.0123 0.9821
vn -0.3419 0.0006 0.9397
vn -0.3404 -0.0114 0.9402
vn -0.3404 -0.0114 0.9402
vn -0.3419 0.0006 0.9397
vn -0.5671 0.0006 0.8237
vn -0.3404 -0.0114 0.9402
vn -0.5671 0.0006 0.8237
vn -0.5652 -0.0102 0.8249
vn -0.5652 -0.0102 0.8249
vn -0.5671 0.0006 0.8237
vn -0.8295 -0.0002 0.5585
vn -0.5652 -0.0102 0.8249
vn -0.8295 -0.0002 0.5585
vn -0.8282 -0.0084 0.5603
vn -0.8282 -0.0084 0.5603
vn -0.8295 -0.0002 0.5585
vn -0.9896 -0.0021 0.1441
vn -0.8282 -0.0084 0.5603
vn -0.9896 -0.0021 0.1441
vn -0.9895 -0.0065 0.1447
vn -0.9895 -0.0065 0.1447
vn -0.9896 -0.0021 0.1441
vn -1.0000 -0.0032 -0.0000
vn -0.9895 -0.0065 0.1447
vn -1.0000 -0.0032 -0.0000
vn -1.0000 -0.0068 -0.0000
vn -1.0000 -0.0068 -0.0000
vn -1.0000 -0.0032 -0.0000
vn -0.9895 -0.0057 -0.1443
vn -1.0000 -0.0068 -0.0000
vn -0.9895 -0.0057 -0.1443
vn -0.9894 -0.0098 -0.1451
vn -0.9894 -0.0098 -0.1451
vn -0.9895 -0.0057 -0.1443
vn -0.8293 -0.0133 -0.5587
vn -0.9894 -0.0098 -0.1451
vn -0.8293 -0.0133 -0.5587
vn -0.8278 -0.0195 -0.5606
vn -0.8278 -0.0195 -0.5606
vn -0.8293 -0.0133 -0.5587
vn -0.5668 -0.0187 -0.8236
vn -0.8278 -0.0195 -0.5606
vn -0.5668 -0.0187 -0.8236
vn -0.5647 -0.0266 -0.8249
vn -0.5647 -0.0266 -0.8249
vn -0.5668 -0.0187 -0.8236
vn -0.3417 -0.0213 -0.9396
vn -0.5647 -0.0266 -0.8249
vn -0.3417 -0.0213 -0.9396
vn -0.3400 -0.0302 -0.9399
vn -0.3400 -0.0302 -0.9399
vn -0.3417 -0.0213 -0.9396
vn -0.1887 -0.0225 -0.9818
vn -0.3400 -0.0302 -0.9399
vn -0.1887 -0.0225 -0.9818
vn -0.1876 -0.0320 -0.9817
vn -0.1876 -0.0320 -0.9817
vn -0.1887 -0.0225 -0.9818
vn -0.0887 -0.0230 -0.9958
vn -0.1876 -0.0320 -0.9817
vn -0.0887 -0.0230 -0.9958
vn -0.0882 -0.0329 -0.9956
vn -0.0882 -0.0329 -0.9956
vn -0.0887 -0.0230 -0.9958
vn -0.0193 -0.0228 -0.9996
vn -0.0882 -0.0329 -0.9956
vn -0.0193 -0.0228 -0.9996
vn -0.0191 -0.0328 -0.9993
vn -0.0191 -0.0328 -0.9993
vn -0.0193 -0.0228 -0.9996
vn 0.0000 -0.0236 -0.9997
vn -0.0191 -0.0328 -0.9993
vn 0.0000 -0.0236 -0.9997
vn 0.0000 -0.0338 -0.9994
vn 0.0000 -0.0338 -0.9994
vn 0.0000 -0.0236 -0.9997
vn 0.0193 -0.0242 -0.9995
vn 0.0000 -0.0338 -0.9994
vn 0.0193 -0.0242 -0.9995
vn 0.0192 -0.0347 -0.9992
vn 0.0192 -0.0347 -0.9992
vn 0.0193 -0.0242 -0.9995
vn 0.0888 -0.0236 -0.9958
vn 0.0192 -0.0347 -0.9992
vn 0.0888 -0.0236 -0.9958
vn 0.0883 -0.0337 -0.9955
vn 0.0883 -0.0337 -0.9955
vn 0.0888 -0.0236 -0.9958
vn 0.1887 -0.0230 -0.9818
vn 0.0883 -0.0337 -0.9955
vn 0.1887 -0.0230 -0.9818
vn 0.1878 -0.0328 -0.9817
vn 0.1878 -0.0328 -0.9817
vn 0.1887 -0.0230 -0.9818
vn 0.3418 -0.0218 -0.9395
vn 0.1878 -0.0328 -0.9817
vn 0.3418 -0.0218 -0.9395
vn 0.3403 -0.0310 -0.9398
vn 0.3403 -0.0310 -0.9398
vn 0.3418 -0.0218 -0.9395
vn 0.5670 -0.0191 -0.8235
vn 0.3403 -0.0310 -0.9398
vn 0.5670 -0.0191 -0.8235
vn 0.5650 -0.0273 -0.8246
vn 0.5650 -0.0273 -0.8246
vn 0.5670 -0.0191 -0.8235
vn 0.8294 -0.0136 -0.5585
vn 0.5650 -0.0273 -0.8246
vn 0.8294 -0.0136 -0.5585
vn 0.8281 -0.0200 -0.5602
vn 0.8281 -0.0200 -0.5602
vn 0.8294 -0.0136 -0.5585
vn 0.9896 -0.0056 -0.1441
vn 0.8281 -0.0200 -0.5602
vn 0.9896 -0.0056 -0.1441
vn 0.9894 -0.0094 -0.1447
vn 0.9894 -0.0094 -0.1447
vn 0.9896 -0.0056 -0.1441
vn 1.0000 -0.0033 0.0000
vn 0.9894 -0.0094 -0.1447
vn 1.0000 -0.0033 0.0000
vn 1.0000 -0.0067 0.0000
vn 1.0000 -0.0033 0.0000
vn 1.0000 -0.0015 0.0000
vn 0.9896 -0.0009 0.1438
vn 1.0000 -0.0033 0.0000
vn 0.9896 -0.0009 0.1438
vn 0.9895 -0.0024 0.1443
vn 0.9895 -0.0024 0.1443
vn 0.9896 -0.0009 0.1438
vn 0.8302 0.0003 0.5575
vn 0.9895 -0.0024 0.1443
vn 0.8302 0.0003 0.5575
vn 0.8294 -0.0003 0.5587
vn 0.8294 -0.0003 0.5587
vn 0.8302 0.0003 0.5575
vn 0.5681 0.0007 0.8230
vn 0.8294 -0.0003 0.5587
vn 0.5681 0.0007 0.8230
vn 0.5669 0.0006 0.8238
vn 0.5669 0.0006 0.8238
vn 0.5681 0.0007 0.8230
vn 0.3427 0.0007 0.9394
vn 0.5669 0.0006 0.8238
vn 0.3427 0.0007 0.9394
vn 0.3418 0.0007 0.9398
vn 0.3418 0.0007 0.9398
vn 0.3427 0.0007 0.9394
vn 0.1893 0.0004 0.9819
vn 0.3418 0.0007 0.9398
vn 0.1893 0.0004 0.9819
vn 0.1887 0.0005 0.9820
vn 0.1887 0.0005 0.9820
vn 0.1893 0.0004 0.9819
vn 0.0890 0.0002 0.9960
vn 0.1887 0.0005 0.9820
vn 0.0890 0.0002 0.9960
vn 0.0887 0.0002 0.9961
vn 0.0887 0.0002 0.9961
vn 0.0890 0.0002 0.9960
vn 0.0193 0.0001 0.9998
vn 0.0887 0.0002 0.9961
vn 0.0193 0.0001 0.9998
vn 0.0193 0.0001 0.9998
vn 0.0193 0.0001 0.9998
vn 0.0193 0.0001 0.9998
vn -0.0000 0.0000 1.0000
vn 0.0193 0.0001 0.9998
vn -0.0000 0.0000 1.0000
vn -0.0000 0.0000 1.0000
vn -0.0000 0.0000 1.0000
vn -0.0000 0.0000 1.0000
vn -0.0193 0.0001 0.9998
vn -0.0000 0.0000 1.0000
vn -0.0193 0.0001 0.9998
vn -0.0193 0.0001 0.9998
vn -0.0193 0.0001 0.9998
vn -0.0193 0.0001 0.9998
vn -0.0890 0.0002 0.9960
vn -0.0193 0.0001 0.9998
vn -0.0890 0.0002 0.9960
vn -0.0888 0.0002 0.9961
vn -0.0888 0.0002 0.9961
vn -0.0890 0.0002 0.9960
vn -0.1893 0.0004 0.9819
vn -0.0888 0.0002 0.9961
vn -0.1893 0.0004 0.9819
vn -0.1888 0.0004 0.9820
vn -0.1888 0.0004 0.9820
vn -0.1893 0.0004 0.9819
vn -0.3428 0.0006 0.9394
vn -0.1888 0.0004 0.9820
vn -0.3428 0.0006 0.9394
vn -0.3419 0.0006 0.9397
vn -0.3419 0.0006 0.9397
vn -0.3428 0.0006 0.9394
vn -0.5682 0.0007 0.8229
vn -0.3419 0.0006 0.9397
vn -0.5682 0.0007 0.8229
vn -0.5671 0.0006 0.8237
vn -0.5671 0.0006 0.8237
vn -0.5682 0.0007 0.8229
vn -0.8303 0.0004 0.5574
vn -0.5671 0.0006 0.8237
vn -0.8303 0.0004 0.5574
vn -0.8295 -0.0002 0.5585
vn -0.8295 -0.0002 0.5585
vn -0.8303 0.0004 0.5574
vn -0.9896 -0.0007 0.1437
vn -0.8295 -0.0002 0.5585
vn -0.9896 -0.0007 0.1437
vn -0.9896 -0.0021 0.1441
vn -0.9896 -0.0021 0.1441
vn -0.9896 -0.0007 0.1437
vn -1.0000 -0.0015 -0.0000
vn -0.9896 -0.0021 0.1441
vn -1.0000 -0.0015 -0.0000
vn -1.0000 -0.0032 -0.0000
vn -1.0000 -0.0032 -0.0000
vn -1.0000 -0.0015 -0.0000
vn -0.9896 -0.0031 -0.1438
vn -1.0000 -0.0032 -0.0000
vn -0.9896 -0.0031 -0.1438
vn -0.9895 -0.0057 -0.1443
vn -0.9895 -0.0057 -0.1443
vn -0.9896 -0.0031 -0.1438
vn -0.8301 -0.0084 -0.5575
vn -0.9895 -0.0057 -0.1443
vn -0.8301 -0.0084 -0.5575
vn -0.8293 -0.0133 -0.5587
vn -0.8293 -0.0133 -0.5587
vn -0.8301 -0.0084 -0.5575
vn -0.5681 -0.0122 -0.8229
vn -0.8293 -0.0133 -0.5587
vn -0.5681 -0.0122 -0.8229
vn -0.5668 -0.0187 -0.8236
vn -0.5668 -0.0187 -0.8236
vn -0.5681 -0.0122 -0.8229
vn -0.3427 -0.0141 -0.9394
vn -0.5668 -0.0187 -0.8236
vn -0.3427 -0.0141 -0.9394
vn -0.3417 -0.0213 -0.9396
vn -0.3417 -0.0213 -0.9396
vn -0.3427 -0.0141 -0.9394
vn -0.1893 -0.0150 -0.9818
vn -0.3417 -0.0213 -0.9396
vn -0.1893 -0.0150 -0.9818
vn -0.1887 -0.0225 -0.9818
vn -0.1887 -0.0225 -0.9818
vn -0.1893 -0.0150 -0.9818
vn -0.0890 -0.0154 -0.9959
vn -0.1887 -0.0225 -0.9818
vn -0.0890 -0.0154 -0.9959
vn -0.0887 -0.0230 -0.9958
vn -0.0887 -0.0230 -0.9958
vn -0.0890 -0.0154 -0.9959
vn -0.0193 -0.0153 -0.9997
vn -0.0887 -0.0230 -0.9958
vn -0.0193 -0.0153 -0.9997
vn -0.0193 -0.0228 -0.9996
vn -0.0193 -0.0228 -0.9996
vn -0.0193 -0.0153 -0.9997
vn 0.0000 -0.0159 -0.9999
vn -0.0193 -0.0228 -0.9996
vn 0.0000 -0.0159 -0.9999
vn 0.0000 -0.0236 -0.9997
vn 0.0000 -0.0236 -0.9997
vn 0.0000 -0.0159 -0.9999
vn 0.0193 -0.0164 -0.9997
vn 0.0000 -0.0236 -0.9997
vn 0.0193 -0.0164 -0.9997
vn 0.0193 -0.0242 -0.9995
vn 0.0193 -0.0242 -0.9995
vn 0.0193 -0.0164 -0.9997
vn 0.0890 -0.0158 -0.9959
vn 0.0193 -0.0242 -0.9995
vn 0.0890 -0.0158 -0.9959
vn 0.0888 -0.0236 -0.9958
vn 0.0888 -0.0236 -0.9958
vn 0.0890 -0.0158 -0.9959
vn 0.1893 -0.0154 -0.9818
vn 0.0888 -0.0236 -0.9958
vn 0.1893 -0.0154 -0.9818
vn 0.1887 -0.0230 -0.9818
vn 0.1887 -0.0230 -0.9818
vn 0.1893 -0.0154 -0.9818
vn 0.3428 -0.0145 -0.9393
vn 0.1887 -0.0230 -0.9818
vn 0.3428 -0.0145 -0.9393
vn 0.3418 -0.0218 -0.9395
vn 0.3418 -0.0218 -0.9395
vn 0.3428 -0.0145 -0.9393
vn 0.5682 -0.0125 -0.8228
vn 0.3418 -0.0218 -0.9395
vn 0.5682 -0.0125 -0.8228
vn 0.5670 -0.0191 -0.8235
vn 0.5670 -0.0191 -0.8235
vn 0.5682 -0.0125 -0.8228
vn 0.8302 -0.0086 -0.5573
vn 0.5670 -0.0191 -0.8235
vn 0.8302 -0.0086 -0.5573
vn 0.8294 -0.0136 -0.5585
vn 0.8294 -0.0136 -0.5585
vn 0.8302 -0.0086 -0.5573
vn 0.9896 -0.0031 -0.1437
vn 0.8294 -0.0136 -0.5585
vn 0.9896 -0.0031 -0.1437
vn 0.9896 -0.0056 -0.1441
vn 0.9896 -0.0056 -0.1441
vn 0.9896 -0.0031 -0.1437
vn 1.0000 -0.0015 0.0000
vn 0.9896 -0.0056 -0.1441
vn 1.0000 -0.0015 0.0000
vn 1.0000 -0.0033 0.0000
vn 1.0000 -0.0015 0.0000
vn 1.0000 -0.0007 0.0000
vn 0.9897 -0.0003 0.1435
vn 1.0000 -0.0015 0.0000
vn 0.9897 -0.0003 0.1435
vn 0.9896 -0.0009 0.1438
vn 0.9896 -0.0009 0.1438
vn 0.9897 -0.0003 0.1435
vn 0.8307 0.0005 0.5567
vn 0.9896 -0.0009 0.1438
vn 0.8307 0.0005 0.5567
vn 0.8302 0.0003 0.5575
vn 0.8302 0.0003 0.5575
vn 0.8307 0.0005 0.5567
vn 0.5689 0.0007 0.8224
vn 0.8302 0.0003 0.5575
vn 0.5689 0.0007 0.8224
vn 0.5681 0.0007 0.8230
vn 0.5681 0.0007 0.8230
vn 0.5689 0.0007 0.8224
vn 0.3433 0.0005 0.9392
vn 0.5681 0.0007 0.8230
vn 0.3433 0.0005 0.9392
vn 0.3427 0.0007 0.9394
vn 0.3427 0.0007 0.9394
vn 0.3433 0.0005 0.9392
vn 0.1897 0.0003 0.9818
vn 0.3427 0.0007 0.9394
vn 0.1897 0.0003 0.9818
vn 0.1893 0.0004 0.9819
vn 0.1893 0.0004 0.9819
vn 0.1897 0.0003 0.9818
vn 0.0892 0.0002 0.9960
vn 0.1893 0.0004 0.9819
vn 0.0892 0.0002 0.9960
vn 0.0890 0.0002 0.9960
vn 0.0890 0.0002 0.9960
vn 0.0892 0.0002 0.9960
vn 0.0194 0.0000 0.9998
vn 0.0890 0.0002 0.9960
vn 0.0194 0.0000 0.9998
vn 0.0193 0.0001 0.9998
vn 0.0193 0.0001 0.9998
vn 0.0194 0.0000 0.9998
vn -0.0000 0.0000 1.0000
vn 0.0193 0.0001 0.9998
vn -0.0000 0.0000 1.0000
vn -0.0000 0.0000 1.0000
vn -0.0000 0.0000 1.0000
vn -0.0000 0.0000 1.0000
vn -0.0194 0.0000 0.9998
vn -0.0000 0.0000 1.0000
vn -0.0194 0.0000 0.9998
vn -0.0193 0.0001 0.9998
vn -0.0193 0.0001 0.9998
vn -0.0194 0.0000 0.9998
vn -0.0892 0.0001 0.9960
vn -0.0193 0.0001 0.9998
vn -0.0892 0.0001 0.9960
vn -0.0890 0.0002 0.9960
vn -0.0890 0.0002 0.9960
vn -0.0892 0.0001 0.9960
vn -0.1897 0.0003 0.9818
vn -0.0890 0.0002 0.9960
vn -0.1897 0.0003 0.9818
vn -0.1893 0.0004 0.9819
vn -0.1893 0.0004 0.9819
vn -0.1897 0.0003 0.9818
vn -0.3434 0.0005 0.9392
vn -0.1893 0.0004 0.9819
vn -0.3434 0.0005 0.9392
vn -0.3428 0.0006 0.9394
vn -0.3428 0.0006 0.9394
vn -0.3434 0.0005 0.9392
vn -0.5690 0.0006 0.8223
vn -0.3428 0.0006 0.9394
vn -0.5690 0.0006 0.8223
vn -0.5682 0.0007 0.8229
vn -0.5682 0.0007 0.8229
vn -0.5690 0.0006 0.8223
vn -0.8308 0.0005 0.5566
vn -0.5682 0.0007 0.8229
vn -0.8308 0.0005 0.5566
vn -0.8303 0.0004 0.5574
vn -0.8303 0.0004 0.5574
vn -0.8308 0.0005 0.5566
vn -0.9897 -0.0002 0.1434
vn -0.8303 0.0004 0.5574
vn -0.9897 -0.0002 0.1434
vn -0.9896 -0.0007 0.1437
vn -0.9896 -0.0007 0.1437
vn -0.9897 -0.0002 0.1434
vn -1.0000 -0.0006 -0.0000
vn -0.9896 -0.0007 0.1437
vn -1.0000 -0.0006 -0.0000
vn -1.0000 -0.0015 -0.0000
vn -1.0000 -0.0015 -0.0000
vn -1.0000 -0.0006 -0.0000
vn -0.9897 -0.0017 -0.1435
vn -1.0000 -0.0015 -0.0000
vn -0.9897 -0.0017 -0.1435
vn -0.9896 -0.0031 -0.1438
vn -0.9896 -0.0031 -0.1438
vn -0.9897 -0.0017 -0.1435
vn -0.8307 -0.0051 -0.5567
vn -0.9896 -0.0031 -0.1438
vn -0.8307 -0.0051 -0.5567
vn -0.8301 -0.0084 -0.5575
vn -0.8301 -0.0084 -0.5575
vn -0.8307 -0.0051 -0.5567
vn -0.5689 -0.0076 -0.8224
vn -0.8301 -0.0084 -0.5575
vn -0.5689 -0.0076 -0.8224
vn -0.5681 -0.0122 -0.8229
vn -0.5681 -0.0122 -0.8229
vn -0.5689 -0.0076 -0.8224
vn -0.3433 -0.0090 -0.9392
vn -0.5681 -0.0122 -0.8229
vn -0.3433 -0.0090 -0.9392
vn -0.3427 -0.0141 -0.9394
vn -0.3427 -0.0141 -0.9394
vn -0.3433 -0.0090 -0.9392
vn -0.1897 -0.0096 -0.9818
vn -0.3427 -0.0141 -0.9394
vn -0.1897 -0.0096 -0.9818
vn -0.1893 -0.0150 -0.9818
vn -0.1893 -0.0150 -0.9818
vn -0.1897 -0.0096 -0.9818
vn -0.0892 -0.0099 -0.9960
vn -0.1893 -0.0150 -0.9818
vn -0.0892 -0.0099 -0.9960
vn -0.0890 -0.0154 -0.9959
vn -0.0890 -0.0154 -0.9959
vn -0.0892 -0.0099 -0.9960
vn -0.0194 -0.0098 -0.9998
vn -0.0890 -0.0154 -0.9959
vn -0.0194 -0.0098 -0.9998
vn -0.0193 -0.0153 -0.9997
vn -0.0193 -0.0153 -0.9997
vn -0.0194 -0.0098 -0.9998
vn 0.0000 -0.0102 -0.9999
vn -0.0193 -0.0153 -0.9997
vn 0.0000 -0.0102 -0.9999
vn 0.0000 -0.0159 -0.9999
vn 0.0000 -0.0159 -0.9999
vn 0.0000 -0.0102 -0.9999
vn 0.0194 -0.0106 -0.9998
vn 0.0000 -0.0159 -0.9999
vn 0.0194 -0.0106 -0.9998
vn 0.0193 -0.0164 -0.9997
vn 0.0193 -0.0164 -0.9997
vn 0.0194 -0.0106 -0.9998
vn 0.0892 -0.0102 -0.9960
vn 0.0193 -0.0164 -0.9997
vn 0.0892 -0.0102 -0.9960
vn 0.0890 -0.0158 -0.9959
vn 0.0890 -0.0158 -0.9959
vn 0.0892 -0.0102 -0.9960
vn 0.1897 -0.0099 -0.9818
vn 0.0890 -0.0158 -0.9959
vn 0.1897 -0.0099 -0.9818
vn 0.1893 -0.0154 -0.9818
vn 0.1893 -0.0154 -0.9818
vn 0.1897 -0.0099 -0.9818
vn 0.3434 -0.0092 -0.9392
vn 0.1893 -0.0154 -0.9818
vn 0.3434 -0.0092 -0.9392
vn 0.3428 -0.0145 -0.9393
vn 0.3428 -0.0145 -0.9393
vn 0.3434 -0.0092 -0.9392
vn 0.5690 -0.0079 -0.8223
vn 0.3428 -0.0145 -0.9393
vn 0.5690 -0.0079 -0.8223
vn 0.5682 -0.0125 -0.8228
vn 0.5682 -0.0125 -0.8228
vn 0.5690 -0.0079 -0.8223
vn 0.8308 -0.0053 -0.5566
vn 0.5682 -0.0125 -0.8228
vn 0.8308 -0.0053 -0.5566
vn 0.8302 -0.0086 -0.5573
vn 0.8302 -0.0086 -0.5573
vn 0.8308 -0.0053 -0.5566
vn 0.9897 -0.0017 -0.1434
vn 0.8302 -0.0086 -0.5573
vn 0.9897 -0.0017 -0.1434
vn 0.9896 -0.0031 -0.1437
vn 0.9896 -0.0031 -0.1437
vn 0.9897 -0.0017 -0.1434
vn 1.0000 -0.0007 0.0000
vn 0.9896 -0.0031 -0.1437
vn 1.0000 -0.0007 0.0000
vn 1.0000 -0.0015 0.0000
vn 1.0000 -0.0007 0.0000
vn 1.0000 -0.0003 0.0000
vn 0.9897 -0.0000 0.1433
vn 1.0000 -0.0007 0.0000
vn 0.9897 -0.0000 0.1433
vn 0.9897 -0.0003 0.1435
vn 0.9897 -0.0003 0.1435
vn 0.9897 -0.0000 0.1433
vn 0.8311 0.0004 0.5562
vn 0.9897 -0.0003 0.1435
vn 0.8311 0.0004 0.5562
vn 0.8307 0.0005 0.5567
vn 0.8307 0.0005 0.5567
vn 0.8311 0.0004 0.5562
vn 0.5695 0.0005 0.8220
vn 0.8307 0.0005 0.5567
vn 0.5695 0.0005 0.8220
vn 0.5689 0.0007 0.8224
vn 0.5689 0.0007 0.8224
vn 0.5695 0.0005 0.8220
vn 0.3438 0.0004 0.9391
vn 0.5689 0.0007 0.8224
vn 0.3438 0.0004 0.9391
vn 0.3433 0.0005 0.9392
vn 0.3433 0.0005 0.9392
vn 0.3438 0.0004 0.9391
vn 0.1899 0.0002 0.9818
vn 0.3433 0.0005 0.9392
vn 0.1899 0.0002 0.9818
vn 0.1897 0.0003 0.9818
vn 0.1897 0.0003 0.9818
vn 0.1899 0.0002 0.9818
vn 0.0893 0.0001 0.9960
vn 0.1897 0.0003 0.9818
vn 0.0893 0.0001 0.9960
vn 0.0892 0.0002 0.9960
vn 0.0892 0.0002 0.9960
vn 0.0893 0.0001 0.9960
vn 0.0194 0.0000 0.9998
vn 0.0892 0.0002 0.9960
vn 0.0194 0.0000 0.9998
vn 0.0194 0.0000 0.9998
vn 0.0194 0.0000 0.9998
vn 0.0194 0.0000 0.9998
vn -0.0000 0.0000 1.0000
vn 0.0194 0.0000 0.9998
vn -0.0000 0.0000 1.0000
vn -0.0000 0.0000 1.0000
vn -0.0000 0.0000 1.0000
vn -0.0000 0.0000 1.0000
vn -0.0194 0.0000 0.9998
vn -0.0000 0.0000 1.0000
vn -0.0194 0.0000 0.9998
vn -0.0194 0.0000 0.9998
vn -0.0194 0.0000 0.9998
vn -0.0194 0.0000 0.9998
vn -0.0893 0.0001 0.9960
vn -0.0194 0.0000 0.9998
vn -0.0893 0.0001 0.9960
vn -0.0892 0.0001 0.9960
vn -0.0892 0.0001 0.9960
vn -0.0893 0.0001 0.9960
vn -0.1899 0.0002 0.9818
vn -0.0892 0.0001 0.9960
vn -0.1899 0.0002 0.9818
vn -0.1897 0.0003 0.9818
vn -0.1897 0.0003 0.9818
vn -0.1899 0.0002 0.9818
vn -0.3438 0.0003 0.9390
vn -0.1897 0.0003 0.9818
vn -0.3438 0.0003 0.9390
vn -0.3434 0.0005 0.9392
vn -0.3434 0.0005 0.9392
vn -0.3438 0.0003 0.9390
vn -0.5695 0.0005 0.8220
vn -0.3434 0.0005 0.9392
vn -0.5695 0.0005 0.8220
vn -0.5690 0.0006 0.8223
vn -0.5690 0.0006 0.8223
vn -0.5695 0.0005 0.8220
vn -0.8311 0.0004 0.5561
vn -0.5690 0.0006 0.8223
vn -0.8311 0.0004 0.5561
vn -0.8308 0.0005 0.5566
vn -0.8308 0.0005 0.5566
vn -0.8311 0.0004 0.5561
vn -0.9897 0.0000 0.1432
vn -0.8308 0.0005 0.5566
vn -0.9897 0.0000 0.1432
vn -0.9897 -0.0002 0.1434
vn -0.9897 -0.0002 0.1434
vn -0.9897 0.0000 0.1432
vn -1.0000 -0.0002 -0.0000
vn -0.9897 -0.0002 0.1434
vn -1.0000 -0.0002 -0.0000
vn -1.0000 -0.0006 -0.0000
vn -1.0000 -0.0006 -0.0000
vn -1.0000 -0.0002 -0.0000
vn -0.9897 -0.0009 -0.1433
vn -1.0000 -0.0006 -0.0000
vn -0.9897 -0.0009 -0.1433
vn -0.9897 -0.0017 -0.1435
vn -0.9897 -0.0017 -0.1435
vn -0.9897 -0.0009 -0.1433
vn -0.8311 -0.0030 -0.5562
vn -0.9897 -0.0017 -0.1435
vn -0.8311 -0.0030 -0.5562
vn -0.8307 -0.0051 -0.5567
vn -0.8307 -0.0051 -0.5567
vn -0.8311 -0.0030 -0.5562
vn -0.5694 -0.0046 -0.8220
vn -0.8307 -0.0051 -0.5567
vn -0.5694 -0.0046 -0.8220
vn -0.5689 -0.0076 -0.8224
vn -0.5689 -0.0076 -0.8224
vn -0.5694 -0.0046 -0.8220
vn -0.3437 -0.0054 -0.9390
vn -0.5689 -0.0076 -0.8224
vn -0.3437 -0.0054 -0.9390
vn -0.3433 -0.0090 -0.9392
vn -0.3433 -0.0090 -0.9392
vn -0.3437 -0.0054 -0.9390
vn -0.1899 -0.0058 -0.9818
vn -0.3433 -0.0090 -0.9392
vn -0.1899 -0.0058 -0.9818
vn -0.1897 -0.0096 -0.9818
vn -0.1897 -0.0096 -0.9818
vn -0.1899 -0.0058 -0.9818
vn -0.0893 -0.0060 -0.9960
vn -0.1897 -0.0096 -0.9818
vn -0.0893 -0.0060 -0.9960
vn -0.0892 -0.0099 -0.9960
vn -0.0892 -0.0099 -0.9960
vn -0.0893 -0.0060 -0.9960
vn -0.0194 -0.0060 -0.9998
vn -0.0892 -0.0099 -0.9960
vn -0.0194 -0.0060 -0.9998
vn -0.0194 -0.0098 -0.9998
vn -0.0194 -0.0098 -0.9998
vn -0.0194 -0.0060 -0.9998
vn 0.0000 -0.0062 -1.0000
vn -0.0194 -0.0098 -0.9998
vn 0.0000 -0.0062 -1.0000
vn 0.0000 -0.0102 -0.9999
vn 0.0000 -0.0102 -0.9999
vn 0.0000 -0.0062 -1.0000
vn 0.0194 -0.0065 -0.9998
vn 0.0000 -0.0102 -0.9999
vn 0.0194 -0.0065 -0.9998
vn 0.0194 -0.0106 -0.9998
vn 0.0194 -0.0106 -0.9998
vn 0.0194 -0.0065 -0.9998
vn 0.0893 -0.0062 -0.9960
vn 0.0194 -0.0106 -0.9998
vn 0.0893 -0.0062 -0.9960
vn 0.0892 -0.0102 -0.9960
vn 0.0892 -0.0102 -0.9960
vn 0.0893 -0.0062 -0.9960
vn 0.1899 -0.0060 -0.9818
vn 0.0892 -0.0102 -0.9960
vn 0.1899 -0.0060 -0.9818
vn 0.1897 -0.0099 -0.9818
vn 0.1897 -0.0099 -0.9818
vn 0.1899 -0.0060 -0.9818
vn 0.3438 -0.0056 -0.9390
vn 0.1897 -0.0099 -0.9818
vn 0.3438 -0.0056 -0.9390
vn 0.3434 -0.0092 -0.9392
vn 0.3434 -0.0092 -0.9392
vn 0.3438 -0.0056 -0.9390
vn 0.5695 -0.0048 -0.8220
vn 0.3434 -0.0092 -0.9392
vn 0.5695 -0.0048 -0.8220
vn 0.5690 -0.0079 -0.8223
vn 0.5690 -0.0079 -0.8223
vn 0.5695 -0.0048 -0.8220
vn 0.8311 -0.0031 -0.5561
vn 0.5690 -0.0079 -0.8223
vn 0.8311 -0.0031 -0.5561
vn 0.8308 -0.0053 -0.5566
vn 0.8308 -0.0053 -0.5566
vn 0.8311 -0.0031 -0.5561
vn 0.9897 -0.0009 -0.1432
vn 0.8308 -0.0053 -0.5566
vn 0.9897 -0.0009 -0.1432
vn 0.9897 -0.0017 -0.1434
vn 0.9897 -0.0017 -0.1434
vn 0.9897 -0.0009 -0.1432
vn 1.0000 -0.0003 0.0000
vn 0.9897 -0.0017 -0.1434
vn 1.0000 -0.0003 0.0000
vn 1.0000 -0.0007 0.0000
vn 1.0000 -0.0003 0.0000
vn 1.0000 -0.0001 0.0000
vn 0.9897 0.0000 0.1432
vn 1.0000 -0.0003 0.0000
vn 0.9897 0.0000 0.1432
vn 0.9897 -0.0000 0.1433
vn 0.9897 -0.0000 0.1433
vn 0.9897 0.0000 0.1432
vn 0.8313 0.0003 0.5558
vn 0.9897 -0.0000 0.1433
vn 0.8313 0.0003 0.5558
vn 0.8311 0.0004 0.5562
vn 0.8311 0.0004 0.5562
vn 0.8313 0.0003 0.5558
vn 0.5698 0.0003 0.8218
vn 0.8311 0.0004 0.5562
vn 0.5698 0.0003 0.8218
vn 0.5695 0.0005 0.8220
vn 0.5695 0.0005 0.8220
vn 0.5698 0.0003 0.8218
vn 0.3440 0.0002 0.9390
vn 0.5695 0.0005 0.8220
vn 0.3440 0.0002 0.9390
vn 0.3438 0.0004 0.9391
vn 0.3438 0.0004 0.9391
vn 0.3440 0.0002 0.9390
vn 0.1901 0.0001 0.9818
vn 0.3438 0.0004 0.9391
vn 0.1901 0.0001 0.9818
vn 0.1899 0.0002 0.9818
vn 0.1899 0.0002 0.9818
vn 0.1901 0.0001 0.9818
vn 0.0894 0.0001 0.9960
vn 0.1899 0.0002 0.9818
vn 0.0894 0.0001 0.9960
vn 0.0893 0.0001 0.9960
vn 0.0893 0.0001 0.9960
vn 0.0894 0.0001 0.9960
vn 0.0194 0.0000 0.9998
vn 0.0893 0.0001 0.9960
vn 0.0194 0.0000 0.9998
vn 0.0194 0.0000 0.9998
vn 0.0194 0.0000 0.9998
vn 0.0194 0.0000 0.9998
vn -0.0000 0.0000 1.0000
vn 0.0194 0.0000 0.9998
vn -0.0000 0.0000 1.0000
vn -0.0000 0.0000 1.0000
vn -0.0000 0.0000 1.0000
vn -0.0000 0.0000 1.0000
vn -0.0194 0.0000 0.9998
vn -0.0000 0.0000 1.0000
vn -0.0194 0.0000 0.9998
vn -0.0194 0.0000 0.9998
vn -0.0194 0.0000 0.9998
vn -0.0194 0.0000 0.9998
vn -0.0894 0.0001 0.9960
vn -0.0194 0.0000 0.9998
vn -0.0894 0.0001 0.9960
vn -0.0893 0.0001 0.9960
vn -0.0893 0.0001 0.9960
vn -0.0894 0.0001 0.9960
vn -0.1901 0.0001 0.9818
vn -0.0893 0.0001 0.9960
vn -0.1901 0.0001 0.9818
vn -0.1899 0.0002 0.9818
vn -0.1899 0.0002 0.9818
vn -0.1901 0.0001 0.9818
vn -0.3440 0.0002 0.9390
vn -0.1899 0.0002 0.9818
vn -0.3440 0.0002 0.9390
vn -0.3438 0.0003 0.9390
vn -0.3438 0.0003 0.9390
vn -0.3440 0.0002 0.9390
vn -0.5698 0.0003 0.8218
vn -0.3438 0.0003 0.9390
vn -0.5698 0.0003 0.8218
vn -0.5695 0.0005 0.8220
vn -0.5695 0.0005 0.8220
vn -0.5698 0.0003 0.8218
vn -0.8313 0.0003 0.5558
vn -0.5695 0.0005 0.8220
vn -0.8313 0.0003 0.5558
vn -0.8311 0.0004 0.5561
vn -0.8311 0.0004 0.5561
vn -0.8313 0.0003 0.5558
vn -0.9897 0.0001 0.1431
vn -0.8311 0.0004 0.5561
vn -0.9897 0.0001 0.1431
vn -0.9897 0.0000 0.1432
vn -0.9897 0.0000 0.1432
vn -0.9897 0.0001 0.1431
vn -1.0000 -0.0001 -0.0000
vn -0.9897 0.0000 0.1432
vn -1.0000 -0.0001 -0.0000
vn -1.0000 -0.0002 -0.0000
vn -1.0000 -0.0002 -0.0000
vn -1.0000 -0.0001 -0.0000
vn -0.9897 -0.0004 -0.1432
vn -1.0000 -0.0002 -0.0000
vn -0.9897 -0.0004 -0.1432
vn -0.9897 -0.0009 -0.1433
vn -0.9897 -0.0009 -0.1433
vn -0.9897 -0.0004 -0.1432
vn -0.8313 -0.0017 -0.5558
vn -0.9897 -0.0009 -0.1433
vn -0.8313 -0.0017 -0.5558
vn -0.8311 -0.0030 -0.5562
vn -0.8311 -0.0030 -0.5562
vn -0.8313 -0.0017 -0.5558
vn -0.5698 -0.0026 -0.8218
vn -0.8311 -0.0030 -0.5562
vn -0.5698 -0.0026 -0.8218
vn -0.5694 -0.0046 -0.8220
vn -0.5694 -0.0046 -0.8220
vn -0.5698 -0.0026 -0.8218
vn -0.3440 -0.0031 -0.9390
vn -0.5694 -0.0046 -0.8220
vn -0.3440 -0.0031 -0.9390
vn -0.3437 -0.0054 -0.9390
vn -0.3437 -0.0054 -0.9390
vn -0.3440 -0.0031 -0.9390
vn -0.1901 -0.0033 -0.9818
vn -0.3437 -0.0054 -0.9390
vn -0.1901 -0.0033 -0.9818
vn -0.1899 -0.0058 -0.9818
vn -0.1899 -0.0058 -0.9818
vn -0.1901 -0.0033 -0.9818
vn -0.0894 -0.0034 -0.9960
vn -0.1899 -0.0058 -0.9818
vn -0.0894 -0.0034 -0.9960
vn -0.0893 -0.0060 -0.9960
vn -0.0893 -0.0060 -0.9960
vn -0.0894 -0.0034 -0.9960
vn -0.0194 -0.0034 -0.9998
vn -0.0893 -0.0060 -0.9960
vn -0.0194 -0.0034 -0.9998
vn -0.0194 -0.0060 -0.9998
vn -0.0194 -0.0060 -0.9998
vn -0.0194 -0.0034 -0.9998
vn 0.0000 -0.0036 -1.0000
vn -0.0194 -0.0060 -0.9998
vn 0.0000 -0.0036 -1.0000
vn 0.0000 -0.0062 -1.0000
vn 0.0000 -0.0062 -1.0000
vn 0.0000 -0.0036 -1.0000
vn 0.0194 -0.0037 -0.9998
vn 0.0000 -0.0062 -1.0000
vn 0.0194 -0.0037 -0.9998
vn 0.0194 -0.0065 -0.9998
vn 0.0194 -0.0065 -0.9998
vn 0.0194 -0.0037 -0.9998
vn 0.0894 -0.0036 -0.9960
vn 0.0194 -0.0065 -0.9998
vn 0.0894 -0.0036 -0.9960
vn 0.0893 -0.0062 -0.9960
vn 0.0893 -0.0062 -0.9960
vn 0.0894 -0.0036 -0.9960
vn 0.1901 -0.0034 -0.9818
vn 0.0893 -0.0062 -0.9960
vn 0.1901 -0.0034 -0.9818
vn 0.1899 -0.0060 -0.9818
vn 0.1899 -0.0060 -0.9818
vn 0.1901 -0.0034 -0.9818
vn 0.3440 -0.0032 -0.9390
vn 0.1899 -0.0060 -0.9818
vn 0.3440 -0.0032 -0.9390
vn 0.3438 -0.0056 -0.9390
vn 0.3438 -0.0056 -0.9390
vn 0.3440 -0.0032 -0.9390
vn 0.5698 -0.0027 -0.8218
vn 0.3438 -0.0056 -0.9390
vn 0.5698 -0.0027 -0.8218
vn 0.5695 -0.0048 -0.8220
vn 0.5695 -0.0048 -0.8220
vn 0.5698 -0.0027 -0.8218
vn 0.8313 -0.0018 -0.5558
vn 0.5695 -0.0048 -0.8220
vn 0.8313 -0.0018 -0.5558
vn 0.8311 -0.0031 -0.5561
vn 0.8311 -0.0031 -0.5561
vn 0.8313 -0.0018 -0.5558
vn 0.9897 -0.0005 -0.1431
vn 0.8311 -0.0031 -0.5561
vn 0.9897 -0.0005 -0.1431
vn 0.9897 -0.0009 -0.1432
vn 0.9897 -0.0009 -0.1432
vn 0.9897 -0.0005 -0.1431
vn 1.0000 -0.0001 0.0000
vn 0.9897 -0.0009 -0.1432
vn 1.0000 -0.0001 0.0000
vn 1.0000 -0.0003 0.0000
vn 1.0000 -0.0001 0.0000
vn 1.0000 -0.0000 0.0000
vn 0.9897 0.0000 0.1431
vn 1.0000 -0.0001 0.0000
vn 0.9897 0.0000 0.1431
vn 0.9897 0.0000 0.1432
vn 0.9897 0.0000 0.1432
vn 0.9897 0.0000 0.1431
vn 0.8314 0.0002 0.5557
vn 0.9897 0.0000 0.1432
vn 0.8314 0.0002 0.5557
vn 0.8313 0.0003 0.5558
vn 0.8313 0.0003 0.5558
vn 0.8314 0.0002 0.5557
vn 0.5699 0.0002 0.8217
vn 0.8313 0.0003 0.5558
vn 0.5699 0.0002 0.8217
vn 0.5698 0.0003 0.8218
vn 0.5698 0.0003 0.8218
vn 0.5699 0.0002 0.8217
vn 0.3441 0.0001 0.9389
vn 0.5698 0.0003 0.8218
vn 0.3441 0.0001 0.9389
vn 0.3440 0.0002 0.9390
vn 0.3440 0.0002 0.9390
vn 0.3441 0.0001 0.9389
vn 0.1901 0.0001 0.9818
vn 0.3440 0.0002 0.9390
vn 0.1901 0.0001 0.9818
vn 0.1901 0.0001 0.9818
vn 0.1901 0.0001 0.9818
vn 0.1901 0.0001 0.9818
vn 0.0894 0.0000 0.9960
vn 0.1901 0.0001 0.9818
vn 0.0894 0.0000 0.9960
vn 0.0894 0.0001 0.9960
vn 0.0894 0.0001 0.9960
vn 0.0894 0.0000 0.9960
vn 0.0194 0.0000 0.9998
vn 0.0894 0.0001 0.9960
vn 0.0194 0.0000 0.9998
vn 0.0194 0.0000 0.9998
vn 0.0194 0.0000 0.9998
vn 0.0194 0.0000 0.9998
vn -0.0000 0.0000 1.0000
vn 0.0194 0.0000 0.9998
vn -0.0000 0.0000 1.0000
vn -0.0000 0.0000 1.0000
vn -0.0000 0.0000 1.0000
vn -0.0000 0.0000 1.0000
vn -0.0194 0.0000 0.9998
vn -0.0000 0.0000 1.0000
vn -0.0194 0.0000 0.9998
vn -0.0194 0.0000 0.9998
vn -0.0194 0.0000 0.9998
vn -0.0194 0.0000 0.9998
vn -0.0894 0.0000 0.9960
vn -0.0194 0.0000 0.9998
vn -0.0894 0.0000 0.9960
vn -0.0894 0.0001 0.9960
vn -0.0894 0.0001 0.9960
vn -0.0894 0.0000 0.9960
vn -0.1902 0.0001 0.9818
vn -0.0894 0.0001 0.9960
vn -0.1902 0.0001 0.9818
vn -0.1901 0.0001 0.9818
vn -0.1901 0.0001 0.9818
vn -0.1902 0.0001 0.9818
vn -0.3442 0.0001 0.9389
vn -0.1901 0.0001 0.9818
vn -0.3442 0.0001 0.9389
vn -0.3440 0.0002 0.9390
vn -0.3440 0.0002 0.9390
vn -0.3442 0.0001 0.9389
vn -0.5700 0.0002 0.8217
vn -0.3440 0.0002 0.9390
vn -0.5700 0.0002 0.8217
vn -0.5698 0.0003 0.8218
vn -0.5698 0.0003 0.8218
vn -0.5700 0.0002 0.8217
vn -0.8314 0.0002 0.5556
vn -0.5698 0.0003 0.8218
vn -0.8314 0.0002 0.5556
vn -0.8313 0.0003 0.5558
vn -0.8313 0.0003 0.5558
vn -0.8314 0.0002 0.5556
vn -0.9897 0.0000 0.1431
vn -0.8313 0.0003 0.5558
vn -0.9897 0.0000 0.1431
vn -0.9897 0.0001 0.1431
vn -0.9897 0.0001 0.1431
vn -0.9897 0.0000 0.1431
vn -1.0000 -0.0000 -0.0000
vn -0.9897 0.0001 0.1431
vn -1.0000 -0.0000 -0.0000
vn -1.0000 -0.0001 -0.0000
vn -1.0000 -0.0001 -0.0000
vn -1.0000 -0.0000 -0.0000
vn -0.9897 -0.0002 -0.1431
vn -1.0000 -0.0001 -0.0000
vn -0.9897 -0.0002 -0.1431
vn -0.9897 -0.0004 -0.1432
vn -0.9897 -0.0004 -0.1432
vn -0.9897 -0.0002 -0.1431
vn -0.8314 -0.0008 -0.5557
vn -0.9897 -0.0004 -0.1432
vn -0.8314 -0.0008 -0.5557
vn -0.8313 -0.0017 -0.5558
vn -0.8313 -0.0017 -0.5558
vn -0.8314 -0.0008 -0.5557
vn -0.5699 -0.0013 -0.8217
vn -0.8313 -0.0017 -0.5558
vn -0.5699 -0.0013 -0.8217
vn -0.5698 -0.0026 -0.8218
vn -0.5698 -0.0026 -0.8218
vn -0.5699 -0.0013 -0.8217
vn -0.3441 -0.0016 -0.9389
vn -0.5698 -0.0026 -0.8218
vn -0.3441 -0.0016 -0.9389
vn -0.3440 -0.0031 -0.9390
vn -0.3440 -0.0031 -0.9390
vn -0.3441 -0.0016 -0.9389
vn -0.1901 -0.0017 -0.9818
vn -0.3440 -0.0031 -0.9390
vn -0.1901 -0.0017 -0.9818
vn -0.1901 -0.0033 -0.9818
vn -0.1901 -0.0033 -0.9818
vn -0.1901 -0.0017 -0.9818
vn -0.0894 -0.0018 -0.9960
vn -0.1901 -0.0033 -0.9818
vn -0.0894 -0.0018 -0.9960
vn -0.0894 -0.0034 -0.9960
vn -0.0894 -0.0034 -0.9960
vn -0.0894 -0.0018 -0.9960
vn -0.0194 -0.0017 -0.9998
vn -0.0894 -0.0034 -0.9960
vn -0.0194 -0.0017 -0.9998
vn -0.0194 -0.0034 -0.9998
vn -0.0194 -0.0034 -0.9998
vn -0.0194 -0.0017 -0.9998
vn 0.0000 -0.0019 -1.0000
vn -0.0194 -0.0034 -0.9998
vn 0.0000 -0.0019 -1.0000
vn 0.0000 -0.0036 -1.0000
vn 0.0000 -0.0036 -1.0000
vn 0.0000 -0.0019 -1.0000
vn 0.0194 -0.0020 -0.9998
vn 0.0000 -0.0036 -1.0000
vn 0.0194 -0.0020 -0.9998
vn 0.0194 -0.0037 -0.9998
vn 0.0194 -0.0037 -0.9998
vn 0.0194 -0.0020 -0.9998
vn 0.0894 -0.0019 -0.9960
vn 0.0194 -0.0037 -0.9998
vn 0.0894 -0.0019 -0.9960
vn 0.0894 -0.0036 -0.9960
vn 0.0894 -0.0036 -0.9960
vn 0.0894 -0.0019 -0.9960
vn 0.1902 -0.0018 -0.9818
vn 0.0894 -0.0036 -0.9960
vn 0.1902 -0.0018 -0.9818
vn 0.1901 -0.0034 -0.9818
vn 0.1901 -0.0034 -0.9818
vn 0.1902 -0.0018 -0.9818
vn 0.3442 -0.0017 -0.9389
vn 0.1901 -0.0034 -0.9818
vn 0.3442 -0.0017 -0.9389
vn 0.3440 -0.0032 -0.9390
vn 0.3440 -0.0032 -0.9390
vn 0.3442 -0.0017 -0.9389
vn 0.5700 -0.0014 -0.8217
vn 0.3440 -0.0032 -0.9390
vn 0.5700 -0.0014 -0.8217
vn 0.5698 -0.0027 -0.8218
vn 0.5698 -0.0027 -0.8218
vn 0.5700 -0.0014 -0.8217
vn 0.8314 -0.0009 -0.5556
vn 0.5698 -0.0027 -0.8218
vn 0.8314 -0.0009 -0.5556
vn 0.8313 -0.0018 -0.5558
vn 0.8313 -0.0018 -0.5558
vn 0.8314 -0.0009 -0.5556
vn 0.9897 -0.0002 -0.1431
vn 0.8313 -0.0018 -0.5558
vn 0.9897 -0.0002 -0.1431
vn 0.9897 -0.0005 -0.1431
vn 0.9897 -0.0005 -0.1431
vn 0.9897 -0.0002 -0.1431
vn 1.0000 -0.0000 0.0000
vn 0.9897 -0.0005 -0.1431
vn 1.0000 -0.0000 0.0000
vn 1.0000 -0.0001 0.0000
vn 1.0000 -0.0000 0.0000
vn 1.0000 -0.0000 0.0000
vn 0.9897 0.0000 0.1431
vn 1.0000 -0.0000 0.0000
vn 0.9897 0.0000 0.1431
vn 0.9897 0.0000 0.1431
vn 0.9897 0.0000 0.1431
vn 0.9897 0.0000 0.1431
vn 0.8315 0.0001 0.5556
vn 0.9897 0.0000 0.1431
vn 0.8315 0.0001 0.5556
vn 0.8314 0.0002 0.5557
vn 0.8314 0.0002 0.5557
vn 0.8315 0.0001 0.5556
vn 0.5700 0.0001 0.8216
vn 0.8314 0.0002 0.5557
vn 0.5700 0.0001 0.8216
vn 0.5699 0.0002 0.8217
vn 0.5699 0.0002 0.8217
vn 0.5700 0.0001 0.8216
vn 0.3442 0.0001 0.9389
vn 0.5699 0.0002 0.8217
vn 0.3442 0.0001 0.9389
vn 0.3441 0.0001 0.9389
vn 0.3441 0.0001 0.9389
vn 0.3442 0.0001 0.9389
vn 0.1902 0.0000 0.9817
vn 0.3441 0.0001 0.9389
vn 0.1902 0.0000 0.9817
vn 0.1901 0.0001 0.9818
vn 0.1901 0.0001 0.9818
vn 0.1902 0.0000 0.9817
vn 0.0894 0.0000 0.9960
vn 0.1901 0.0001 0.9818
vn 0.0894 0.0000 0.9960
vn 0.0894 0.0000 0.9960
vn 0.0894 0.0000 0.9960
vn 0.0894 0.0000 0.9960
vn 0.0194 0.0000 0.9998
vn 0.0894 0.0000 0.9960
vn 0.0194 0.0000 0.9998
vn 0.0194 0.0000 0.9998
vn 0.0194 0.0000 0.9998
vn 0.0194 0.0000 0.9998
vn -0.0000 0.0000 1.0000
vn 0.0194 0.0000 0.9998
vn -0.0000 0.0000 1.0000
vn -0.0000 0.0000 1.0000
vn -0.0000 0.0000 1.0000
vn -0.0000 0.0000 1.0000
vn -0.0194 0.0000 0.9998
vn -0.0000 0.0000 1.0000
vn -0.0194 0.0000 0.9998
vn -0.0194 0.0000 0.9998
vn -0.0194 0.0000 0.9998
vn -0.0194 0.0000 0.9998
vn -0.0894 0.0000 0.9960
vn -0.0194 0.0000 0.9998
vn -0.0894 0.0000 0.9960
vn -0.0894 0.0000 0.9960
vn -0.0894 0.0000 0.9960
vn -0.0894 0.0000 0.9960
vn -0.1902 0.0000 0.9817
vn -0.0894 0.0000 0.9960
vn -0.1902 0.0000 0.9817
vn -0.1902 0.0001 0.9818
vn -0.1902 0.0001 0.9818
vn -0.1902 0.0000 0.9817
vn -0.3442 0.0001 0.9389
vn -0.1902 0.0001 0.9818
vn -0.3442 0.0001 0.9389
vn -0.3442 0.0001 0.9389
vn -0.3442 0.0001 0.9389
vn -0.3442 0.0001 0.9389
vn -0.5700 0.0001 0.8216
vn -0.3442 0.0001 0.9389
vn -0.5700 0.0001 0.8216
vn -0.5700 0.0002 0.8217
vn -0.5700 0.0002 0.8217
vn -0.5700 0.0001 0.8216
vn -0.8315 0.0001 0.5556
vn -0.5700 0.0002 0.8217
vn -0.8315 0.0001 0.5556
vn -0.8314 0.0002 0.5556
vn -0.8314 0.0002 0.5556
vn -0.8315 0.0001 0.5556
vn -0.9897 0.0000 0.1430
vn -0.8314 0.0002 0.5556
vn -0.9897 0.0000 0.1430
vn -0.9897 0.0000 0.1431
vn -0.9897 0.0000 0.1431
vn -0.9897 0.0000 0.1430
vn -1.0000 -0.0000 -0.0000
vn -0.9897 0.0000 0.1431
vn -1.0000 -0.0000 -0.0000
vn -1.0000 -0.0000 -0.0000
vn -1.0000 -0.0000 -0.0000
vn -1.0000 -0.0000 -0.0000
vn -0.9897 -0.0001 -0.1431
vn -1.0000 -0.0000 -0.0000
vn -0.9897 -0.0001 -0.1431
vn -0.9897 -0.0002 -0.1431
vn -0.9897 -0.0002 -0.1431
vn -0.9897 -0.0001 -0.1431
vn -0.8315 -0.0004 -0.5556
vn -0.9897 -0.0002 -0.1431
vn -0.8315 -0.0004 -0.5556
vn -0.8314 -0.0008 -0.5557
vn -0.8314 -0.0008 -0.5557
vn -0.8315 -0.0004 -0.5556
vn -0.5700 -0.0006 -0.8216
vn -0.8314 -0.0008 -0.5557
vn -0.5700 -0.0006 -0.8216
vn -0.5699 -0.0013 -0.8217
vn -0.5699 -0.0013 -0.8217
vn -0.5700 -0.0006 -0.8216
vn -0.3442 -0.0007 -0.9389
vn -0.5699 -0.0013 -0.8217
vn -0.3442 -0.0007 -0.9389
vn -0.3441 -0.0016 -0.9389
vn -0.3441 -0.0016 -0.9389
vn -0.3442 -0.0007 -0.9389
vn -0.1902 -0.0008 -0.9817
vn -0.3441 -0.0016 -0.9389
vn -0.1902 -0.0008 -0.9817
vn -0.1901 -0.0017 -0.9818
vn -0.1901 -0.0017 -0.9818
vn -0.1902 -0.0008 -0.9817
vn -0.0894 -0.0008 -0.9960
vn -0.1901 -0.0017 -0.9818
vn -0.0894 -0.0008 -0.9960
vn -0.0894 -0.0018 -0.9960
vn -0.0894 -0.0018 -0.9960
vn -0.0894 -0.0008 -0.9960
vn -0.0194 -0.0008 -0.9998
vn -0.0894 -0.0018 -0.9960
vn -0.0194 -0.0008 -0.9998
vn -0.0194 -0.0017 -0.9998
vn -0.0194 -0.0017 -0.9998
vn -0.0194 -0.0008 -0.9998
vn 0.0000 -0.0009 -1.0000
vn -0.0194 -0.0017 -0.9998
vn 0.0000 -0.0009 -1.0000
vn 0.0000 -0.0019 -1.0000
vn 0.0000 -0.0019 -1.0000
vn 0.0000 -0.0009 -1.0000
vn 0.0194 -0.0009 -0.9998
vn 0.0000 -0.0019 -1.0000
vn 0.0194 -0.0009 -0.9998
vn 0.0194 -0.0020 -0.9998
vn 0.0194 -0.0020 -0.9998
vn 0.0194 -0.0009 -0.9998
vn 0.0894 -0.0009 -0.9960
vn 0.0194 -0.0020 -0.9998
vn 0.0894 -0.0009 -0.9960
vn 0.0894 -0.0019 -0.9960
vn 0.0894 -0.0019 -0.9960
vn 0.0894 -0.0009 -0.9960
vn 0.1902 -0.0008 -0.9817
vn 0.0894 -0.0019 -0.9960
vn 0.1902 -0.0008 -0.9817
vn 0.1902 -0.0018 -0.9818
vn 0.1902 -0.0018 -0.9818
vn 0.1902 -0.0008 -0.9817
vn 0.3442 -0.0008 -0.9389
vn 0.1902 -0.0018 -0.9818
vn 0.3442 -0.0008 -0.9389
vn 0.3442 -0.0017 -0.9389
vn 0.3442 -0.0017 -0.9389
vn 0.3442 -0.0008 -0.9389
vn 0.5700 -0.0006 -0.8216
vn 0.3442 -0.0017 -0.9389
vn 0.5700 -0.0006 -0.8216
vn 0.5700 -0.0014 -0.8217
vn 0.5700 -0.0014 -0.8217
vn 0.5700 -0.0006 -0.8216
vn 0.8315 -0.0004 -0.5556
vn 0.5700 -0.0014 -0.8217
vn 0.8315 -0.0004 -0.5556
vn 0.8314 -0.0009 -0.5556
vn 0.8314 -0.0009 -0.5556
vn 0.8315 -0.0004 -0.5556
vn 0.9897 -0.0001 -0.1430
vn 0.8314 -0.0009 -0.5556
vn 0.9897 -0.0001 -0.1430
vn 0.9897 -0.0002 -0.1431
vn 0.9897 -0.0002 -0.1431
vn 0.9897 -0.0001 -0.1430
vn 1.0000 -0.0000 0.0000
vn 0.9897 -0.0002 -0.1431
vn 1.0000 -0.0000 0.0000
vn 1.0000 -0.0000 0.0000
vn 1.0000 -0.0000 0.0000
vn 1.0000 -0.0000 0.0000
vn 0.9897 0.0000 0.1430
vn 1.0000 -0.0000 0.0000
vn 0.9897 0.0000 0.1430
vn 0.9897 0.0000 0.1431
vn 0.9897 0.0000 0.1431
vn 0.9897 0.0000 0.1430
vn 0.8315 0.0000 0.5555
vn 0.9897 0.0000 0.1431
vn 0.8315 0.0000 0.5555
vn 0.8315 0.0001 0.5556
vn 0.8315 0.0001 0.5556
vn 0.8315 0.0000 0.5555
vn 0.5701 0.0000 0.8216
vn 0.8315 0.0001 0.5556
vn 0.5701 0.0000 0.8216
vn 0.5700 0.0001 0.8216
vn 0.5700 0.0001 0.8216
vn 0.5701 0.0000 0.8216
vn 0.3442 0.0000 0.9389
vn 0.5700 0.0001 0.8216
vn 0.3442 0.0000 0.9389
vn 0.3442 0.0001 0.9389
vn 0.3442 0.0001 0.9389
vn 0.3442 0.0000 0.9389
vn 0.1902 0.0000 0.9817
vn 0.3442 0.0001 0.9389
vn 0.1902 0.0000 0.9817
vn 0.1902 0.0000 0.9817
vn 0.1902 0.0000 0.9817
vn 0.1902 0.0000 0.9817
vn 0.0895 0.0000 0.9960
vn 0.1902 0.0000 0.9817
vn 0.0895 0.0000 0.9960
vn 0.0894 0.0000 0.9960
vn 0.0894 0.0000 0.9960
vn 0.0895 0.0000 0.9960
vn 0.0194 0.0000 0.9998
vn 0.0894 0.0000 0.9960
vn 0.0194 0.0000 0.9998
vn 0.0194 0.0000 0.9998
vn 0.0194 0.0000 0.9998
vn 0.0194 0.0000 0.9998
vn -0.0000 0.0000 1.0000
vn 0.0194 0.0000 0.9998
vn -0.0000 0.0000 1.0000
vn -0.0000 0.0000 1.0000
vn -0.0000 0.0000 1.0000
vn -0.0000 0.0000 1.0000
vn -0.0194 0.0000 0.9998
vn -0.0000 0.0000 1.0000
vn -0.0194 0.0000 0.9998
vn -0.0194 0.0000 0.9998
vn -0.0194 0.0000 0.9998
vn -0.0194 0.0000 0.9998
vn -0.0895 0.0000 0.9960
vn -0.0194 0.0000 0.9998
vn -0.0895 0.0000 0.9960
vn -0.0894 0.0000 0.9960
vn -0.0894 0.0000 0.9960
vn -0.0895 0.0000 0.9960
vn -0.1902 0.0000 0.9817
vn -0.0894 0.0000 0.9960
vn -0.1902 0.0000 0.9817
vn -0.1902 0.0000 0.9817
vn -0.1902 0.0000 0.9817
vn -0.1902 0.0000 0.9817
vn -0.3442 0.0000 0.9389
vn -0.1902 0.0000 0.9817
vn -0.3442 0.0000 0.9389
vn -0.3442 0.0001 0.9389
vn -0.3442 0.0001 0.9389
vn -0.3442 0.0000 0.9389
vn -0.5701 0.0000 0.8216
vn -0.3442 0.0001 0.9389
vn -0.5701 0.0000 0.8216
vn -0.5700 0.0001 0.8216
vn -0.5700 0.0001 0.8216
vn -0.5701 0.0000 0.8216
vn -0.8315 0.0000 0.5555
vn -0.5700 0.0001 0.8216
vn -0.8315 0.0000 0.5555
vn -0.8315 0.0001 0.5556
vn -0.8315 0.0001 0.5556
vn -0.8315 0.0000 0.5555
vn -0.9897 0.0000 0.1430
vn -0.8315 0.0001 0.5556
vn -0.9897 0.0000 0.1430
vn -0.9897 0.0000 0.1430
vn -0.9897 0.0000 0.1430
vn -0.9897 0.0000 0.1430
vn -1.0000 -0.0000 -0.0000
vn -0.9897 0.0000 0.1430
vn -1.0000 -0.0000 -0.0000
vn -1.0000 -0.0000 -0.0000
vn -1.0000 -0.0000 -0.0000
vn -1.0000 -0.0000 -0.0000
vn -0.9897 -0.0000 -0.1430
vn -1.0000 -0.0000 -0.0000
vn -0.9897 -0.0000 -0.1430
vn -0.9897 -0.0001 -0.1431
vn -0.9897 -0.0001 -0.1431
vn -0.9897 -0.0000 -0.1430
vn -0.8315 -0.0001 -0.5555
vn -0.9897 -0.0001 -0.1431
vn -0.8315 -0.0001 -0.5555
vn -0.8315 -0.0004 -0.5556
vn -0.8315 -0.0004 -0.5556
vn -0.8315 -0.0001 -0.5555
vn -0.5701 -0.0002 -0.8216
vn -0.8315 -0.0004 -0.5556
vn -0.5701 -0.0002 -0.8216
vn -0.5700 -0.0006 -0.8216
vn -0.5700 -0.0006 -0.8216
vn -0.5701 -0.0002 -0.8216
vn -0.3442 -0.0003 -0.9389
vn -0.5700 -0.0006 -0.8216
vn -0.3442 -0.0003 -0.9389
vn -0.3442 -0.0007 -0.9389
vn -0.3442 -0.0007 -0.9389
vn -0.3442 -0.0003 -0.9389
vn -0.1902 -0.0003 -0.9817
vn -0.3442 -0.0007 -0.9389
vn -0.1902 -0.0003 -0.9817
vn -0.1902 -0.0008 -0.9817
vn -0.1902 -0.0008 -0.9817
vn -0.1902 -0.0003 -0.9817
vn -0.0895 -0.0003 -0.9960
vn -0.1902 -0.0008 -0.9817
vn -0.0895 -0.0003 -0.9960
vn -0.0894 -0.0008 -0.9960
vn -0.0894 -0.0008 -0.9960
vn -0.0895 -0.0003 -0.9960
vn -0.0194 -0.0003 -0.9998
vn -0.0894 -0.0008 -0.9960
vn -0.0194 -0.0003 -0.9998
vn -0.0194 -0.0008 -0.9998
vn -0.0194 -0.0008 -0.9998
vn -0.0194 -0.0003 -0.9998
vn 0.0000 -0.0003 -1.0000
vn -0.0194 -0.0008 -0.9998
vn 0.0000 -0.0003 -1.0000
vn 0.0000 -0.0009 -1.0000
vn 0.0000 -0.0009 -1.0000
vn 0.0000 -0.0003 -1.0000
vn 0.0194 -0.0004 -0.9998
vn 0.0000 -0.0009 -1.0000
vn 0.0194 -0.0004 -0.9998
vn 0.0194 -0.0009 -0.9998
vn 0.0194 -0.0009 -0.9998
vn 0.0194 -0.0004 -0.9998
vn 0.0895 -0.0003 -0.9960
vn 0.0194 -0.0009 -0.9998
vn 0.0895 -0.0003 -0.9960
vn 0.0894 -0.0009 -0.9960
vn 0.0894 -0.0009 -0.9960
vn 0.0895 -0.0003 -0.9960
vn 0.1902 -0.0003 -0.9817
vn 0.0894 -0.0009 -0.9960
vn 0.1902 -0.0003 -0.9817
vn 0.1902 -0.0008 -0.9817
vn 0.1902 -0.0008 -0.9817
vn 0.1902 -0.0003 -0.9817
vn 0.3442 -0.0003 -0.9389
vn 0.1902 -0.0008 -0.9817
vn 0.3442 -0.0003 -0.9389
vn 0.3442 -0.0008 -0.9389
vn 0.3442 -0.0008 -0.9389
vn 0.3442 -0.0003 -0.9389
vn 0.5701 -0.0003 -0.8216
vn 0.3442 -0.0008 -0.9389
vn 0.5701 -0.0003 -0.8216
vn 0.5700 -0.0006 -0.8216
vn 0.5700 -0.0006 -0.8216
vn 0.5701 -0.0003 -0.8216
vn 0.8315 -0.0002 -0.5555
vn 0.5700 -0.0006 -0.8216
vn 0.8315 -0.0002 -0.5555
vn 0.8315 -0.0004 -0.5556
vn 0.8315 -0.0004 -0.5556
vn 0.8315 -0.0002 -0.5555
vn 0.9897 -0.0000 -0.1430
vn 0.8315 -0.0004 -0.5556
vn 0.9897 -0.0000 -0.1430
vn 0.9897 -0.0001 -0.1430
vn 0.9897 -0.0001 -0.1430
vn 0.9897 -0.0000 -0.1430
vn 1.0000 -0.0000 0.0000
vn 0.9897 -0.0001 -0.1430
vn 1.0000 -0.0000 0.0000
vn 1.0000 -0.0000 0.0000
vn 1.0000 -0.0000 0.0000
vn 1.0000 -0.0000 0.0000
vn 0.9897 0.0000 0.1430
vn 1.0000 -0.0000 0.0000
vn 0.9897 0.0000 0.1430
vn 0.9897 0.0000 0.1430
vn 0.9897 0.0000 0.1430
vn 0.9897 0.0000 0.1430
vn 0.8315 0.0000 0.5555
vn 0.9897 0.0000 0.1430
vn 0.8315 0.0000 0.5555
vn 0.8315 0.0000 0.5555
vn 0.8315 0.0000 0.5555
vn 0.8315 0.0000 0.5555
vn 0.5701 0.0000 0.8216
vn 0.8315 0.0000 0.5555
vn 0.5701 0.0000 0.8216
vn 0.5701 0.0000 0.8216
vn 0.5701 0.0000 0.8216
vn 0.5701 0.0000 0.8216
vn 0.3443 0.0000 0.9389
vn 0.5701 0.0000 0.8216
vn 0.3443 0.0000 0.9389
vn 0.3442 0.0000 0.9389
vn 0.3442 0.0000 0.9389
vn 0.3443 0.0000 0.9389
vn 0.1902 0.0000 0.9817
vn 0.3442 0.0000 0.9389
vn 0.1902 0.0000 0.9817
vn 0.1902 0.0000 0.9817
vn 0.1902 0.0000 0.9817
vn 0.1902 0.0000 0.9817
vn 0.0895 0.0000 0.9960
vn 0.1902 0.0000 0.9817
vn 0.0895 0.0000 0.9960
vn 0.0895 0.0000 0.9960
vn 0.0895 0.0000 0.9960
vn 0.0895 0.0000 0.9960
vn 0.0194 0.0000 0.9998
vn 0.0895 0.0000 0.9960
vn 0.0194 0.0000 0.9998
vn 0.0194 0.0000 0.9998
vn 0.0194 0.0000 0.9998
vn 0.0194 0.0000 0.9998
vn -0.0000 0.0000 1.0000
vn 0.0194 0.0000 0.9998
vn -0.0000 0.0000 1.0000
vn -0.0000 0.0000 1.0000
vn -0.0000 0.0000 1.0000
vn -0.0000 0.0000 1.0000
vn -0.0194 0.0000 0.9998
vn -0.0000 0.0000 1.0000
vn -0.0194 0.0000 0.9998
vn -0.0194 0.0000 0.9998
vn -0.0194 0.0000 0.9998
vn -0.0194 0.0000 0.9998
vn -0.0895 0.0000 0.9960
vn -0.0194 0.0000 0.9998
vn -0.0895 0.0000 0.9960
vn -0.0895 0.0000 0.9960
vn -0.0895 0.0000 0.9960
vn -0.0895 0.0000 0.9960
vn -0.1902 0.0000 0.9817
vn -0.0895 0.0000 0.9960
vn -0.1902 0.0000 0.9817
vn -0.1902 0.0000 0.9817
vn -0.1902 0.0000 0.9817
vn -0.1902 0.0000 0.9817
vn -0.3443 0.0000 0.9389
vn -0.1902 0.0000 0.9817
vn -0.3443 0.0000 0.9389
vn -0.3442 0.0000 0.9389
vn -0.3442 0.0000 0.9389
vn -0.3443 0.0000 0.9389
vn -0.5701 0.0000 0.8216
vn -0.3442 0.0000 0.9389
vn -0.5701 0.0000 0.8216
vn -0.5701 0.0000 0.8216
vn -0.5701 0.0000 0.8216
vn -0.5701 0.0000 0.8216
vn -0.8315 0.0000 0.5555
vn -0.5701 0.0000 0.8216
vn -0.8315 0.0000 0.5555
vn -0.8315 0.0000 0.5555
vn -0.8315 0.0000 0.5555
vn -0.8315 0.0000 0.5555
vn -0.9897 0.0000 0.1430
vn -0.8315 0.0000 0.5555
vn -0.9897 0.0000 0.1430
vn -0.9897 0.0000 0.1430
vn -0.9897 0.0000 0.1430
vn -0.9897 0.0000 0.1430
vn -1.0000 0.0000 -0.0000
vn -0.9897 0.0000 0.1430
vn -1.0000 0.0000 -0.0000
vn -1.0000 -0.0000 -0.0000
vn -1.0000 -0.0000 -0.0000
vn -1.0000 0.0000 -0.0000
vn -0.9897 -0.0000 -0.1430
vn -1.0000 -0.0000 -0.0000
vn -0.9897 -0.0000 -0.1430
vn -0.9897 -0.0000 -0.1430
vn -0.9897 -0.0000 -0.1430
vn -0.9897 -0.0000 -0.1430
vn -0.8315 -0.0000 -0.5555
vn -0.9897 -0.0000 -0.1430
vn -0.8315 -0.0000 -0.5555
vn -0.8315 -0.0001 -0.5555
vn -0.8315 -0.0001 -0.5555
vn -0.8315 -0.0000 -0.5555
vn -0.5701 -0.0001 -0.8216
vn -0.8315 -0.0001 -0.5555
vn -0.5701 -0.0001 -0.8216
vn -0.5701 -0.0002 -0.8216
vn -0.5701 -0.0002 -0.8216
vn -0.5701 -0.0001 -0.8216
vn -0.3443 -0.0001 -0.9389
vn -0.5701 -0.0002 -0.8216
vn -0.3443 -0.0001 -0.9389
vn -0.3442 -0.0003 -0.9389
vn -0.3442 -0.0003 -0.9389
vn -0.3443 -0.0001 -0.9389
vn -0.1902 -0.0001 -0.9817
vn -0.3442 -0.0003 -0.9389
vn -0.1902 -0.0001 -0.9817
vn -0.1902 -0.0003 -0.9817
vn -0.1902 -0.0003 -0.9817
vn -0.1902 -0.0001 -0.9817
vn -0.0895 -0.0001 -0.9960
vn -0.1902 -0.0003 -0.9817
vn -0.0895 -0.0001 -0.9960
vn -0.0895 -0.0003 -0.9960
vn -0.0895 -0.0003 -0.9960
vn -0.0895 -0.0001 -0.9960
vn -0.0194 -0.0001 -0.9998
vn -0.0895 -0.0003 -0.9960
vn -0.0194 -0.0001 -0.9998
vn -0.0194 -0.0003 -0.9998
vn -0.0194 -0.0003 -0.9998
vn -0.0194 -0.0001 -0.9998
vn 0.0000 -0.0001 -1.0000
vn -0.0194 -0.0003 -0.9998
vn 0.0000 -0.0001 -1.0000
vn 0.0000 -0.0003 -1.0000
vn 0.0000 -0.0003 -1.0000
vn 0.0000 -0.0001 -1.0000
vn 0.0194 -0.0001 -0.9998
vn 0.0000 -0.0003 -1.0000
vn 0.0194 -0.0001 -0.9998
vn 0.0194 -0.0004 -0.9998
vn 0.0194 -0.0004 -0.9998
vn 0.0194 -0.0001 -0.9998
vn 0.0895 -0.0001 -0.9960
vn 0.0194 -0.0004 -0.9998
vn 0.0895 -0.0001 -0.9960
vn 0.0895 -0.0003 -0.9960
vn 0.0895 -0.0003 -0.9960
vn 0.0895 -0.0001 -0.9960
vn 0.1902 -0.0001 -0.9817
vn 0.0895 -0.0003 -0.9960
vn 0.1902 -0.0001 -0.9817
vn 0.1902 -0.0003 -0.9817
vn 0.1902 -0.0003 -0.9817
vn 0.1902 -0.0001 -0.9817
vn 0.3443 -0.0001 -0.9389
vn 0.1902 -0.0003 -0.9817
vn 0.3443 -0.0001 -0.9389
vn 0.3442 -0.0003 -0.9389
vn 0.3442 -0.0003 -0.9389
vn 0.3443 -0.0001 -0.9389
vn 0.5701 -0.0001 -0.8216
vn 0.3442 -0.0003 -0.9389
vn 0.5701 -0.0001 -0.8216
vn 0.5701 -0.0003 -0.8216
vn 0.5701 -0.0003 -0.8216
vn 0.5701 -0.0001 -0.8216
vn 0.8315 -0.0000 -0.5555
vn 0.5701 -0.0003 -0.8216
vn 0.8315 -0.0000 -0.5555
vn 0.8315 -0.0002 -0.5555
vn 0.8315 -0.0002 -0.5555
vn 0.8315 -0.0000 -0.5555
vn 0.9897 -0.0000 -0.1430
vn 0.8315 -0.0002 -0.5555
vn 0.9897 -0.0000 -0.1430
vn 0.9897 -0.0000 -0.1430
vn 0.9897 -0.0000 -0.1430
vn 0.9897 -0.0000 -0.1430
vn 1.0000 -0.0000 0.0000
vn 0.9897 -0.0000 -0.1430
vn 1.0000 -0.0000 0.0000
vn 1.0000 -0.0000 0.0000
vn 1.0000 -0.0000 0.0000
vn 1.0000 -0.0000 0.0000
vn 0.9897 0.0000 0.1430
vn 1.0000 -0.0000 0.0000
vn 0.9897 0.0000 0.1430
vn 0.9897 0.0000 0.1430
vn 0.9897 0.0000 0.1430
vn 0.9897 0.0000 0.1430
vn 0.8315 0.0000 0.5555
vn 0.9897 0.0000 0.1430
vn 0.8315 0.0000 0.5555
vn 0.8315 0.0000 0.5555
vn 0.8315 0.0000 0.5555
vn 0.8315 0.0000 0.5555
vn 0.5701 0.0000 0.8216
vn 0.8315 0.0000 0.5555
vn 0.5701 0.0000 0.8216
vn 0.5701 0.0000 0.8216
vn 0.5701 0.0000 0.8216
vn 0.5701 0.0000 0.8216
vn 0.3443 0.0000 0.9389
vn 0.5701 0.0000 0.8216
vn 0.3443 0.0000 0.9389
vn 0.3443 0.0000 0.9389
vn 0.3443 0.0000 0.9389
vn 0.3443 0.0000 0.9389
vn 0.1902 0.0000 0.9817
vn 0.3443 0.0000 0.9389
vn 0.1902 0.0000 0.9817
vn 0.1902 0.0000 0.9817
vn 0.1902 0.0000 0.9817
vn 0.1902 0.0000 0.9817
vn 0.0895 0.0000 0.9960
vn 0.1902 0.0000 0.9817
vn 0.0895 0.0000 0.9960
vn 0.0895 0.0000 0.9960
vn 0.0895 0.0000 0.9960
vn 0.0895 0.0000 0.9960
vn 0.0194 0.0000 0.9998
vn 0.0895 0.0000 0.9960
vn 0.0194 0.0000 0.9998
vn 0.0194 0.0000 0.9998
vn 0.0194 0.0000 0.9998
vn 0.0194 0.0000 0.9998
vn -0.0000 0.0000 1.0000
vn 0.0194 0.0000 0.9998
vn -0.0000 0.0000 1.0000
vn -0.0000 0.0000 1.0000
vn -0.0000 0.0000 1.0000
vn -0.0000 0.0000 1.0000
vn -0.0194 0.0000 0.9998
vn -0.0000 0.0000 1.0000
vn -0.0194 0.0000 0.9998
vn -0.0194 0.0000 0.9998
vn -0.0194 0.0000 0.9998
vn -0.0194 0.0000 0.9998
vn -0.0895 0.0000 0.9960
vn -0.0194 0.0000 0.9998
vn -0.0895 0.0000 0.9960
vn -0.0895 0.0000 0.9960
vn -0.0895 0.0000 0.9960
vn -0.0895 0.0000 0.9960
vn -0.1902 0.0000 0.9817
vn -0.0895 0.0000 0.9960
vn -0.1902 0.0000 0.9817
vn -0.1902 0.0000 0.9817
vn -0.1902 0.0000 0.9817
vn -0.1902 0.0000 0.9817
vn -0.3443 0.0000 0.9389
vn -0.1902 0.0000 0.9817
vn -0.3443 0.0000 0.9389
vn -0.3443 0.0000 0.9389
vn -0.3443 0.0000 0.9389
vn -0.3443 0.0000 0.9389
vn -0.5701 0.0000 0.8216
vn -0.3443 0.0000 0.9389
vn -0.5701 0.0000 0.8216
vn -0.5701 0.0000 0.8216
vn -0.5701 0.0000 0.8216
vn -0.5701 0.0000 0.8216
vn -0.8315 0.0000 0.5555
vn -0.5701 0.0000 0.8216
vn -0.8315 0.0000 0.5555
vn -0.8315 0.0000 0.5555
vn -0.8315 0.0000 0.5555
vn -0.8315 0.0000 0.5555
vn -0.9897 0.0000 0.1430
vn -0.8315 0.0000 0.5555
vn -0.9897 0.0000 0.1430
vn -0.9897 0.0000 0.1430
vn -0.9897 0.0000 0.1430
vn -0.9897 0.0000 0.1430
vn -1.0000 0.0000 -0.0000
vn -0.9897 0.0000 0.1430
vn -1.0000 0.0000 -0.0000
vn -1.0000 0.0000 -0.0000
vn -1.0000 0.0000 -0.0000
vn -1.0000 0.0000 -0.0000
vn -0.9897 -0.0000 -0.1430
vn -1.0000 0.0000 -0.0000
vn -0.9897 -0.0000 -0.1430
vn -0.9897 -0.0000 -0.1430
vn -0.9897 -0.0000 -0.1430
vn -0.9897 -0.0000 -0.1430
vn -0.8315 -0.0000 -0.5555
vn -0.9897 -0.0000 -0.1430
vn -0.8315 -0.0000 -0.5555
vn -0.8315 -0.0000 -0.5555
vn -0.8315 -0.0000 -0.5555
vn -0.8315 -0.0000 -0.5555
vn -0.5701 -0.0000 -0.8216
vn -0.8315 -0.0000 -0.5555
vn -0.5701 -0.0000 -0.8216
vn -0.5701 -0.0001 -0.8216
vn -0.5701 -0.0001 -0.8216
vn -0.5701 -0.0000 -0.8216
vn -0.3443 -0.0000 -0.9389
vn -0.5701 -0.0001 -0.8216
vn -0.3443 -0.0000 -0.9389
vn -0.3443 -0.0001 -0.9389
vn -0.3443 -0.0001 -0.9389
vn -0.3443 -0.0000 -0.9389
vn -0.1902 -0.0000 -0.9817
vn -0.3443 -0.0001 -0.9389
vn -0.1902 -0.0000 -0.9817
vn -0.1902 -0.0001 -0.9817
vn -0.1902 -0.0001 -0.9817
vn -0.1902 -0.0000 -0.9817
vn -0.0895 -0.0000 -0.9960
vn -0.1902 -0.0001 -0.9817
vn -0.0895 -0.0000 -0.9960
vn -0.0895 -0.0001 -0.9960
vn -0.0895 -0.0001 -0.9960
vn -0.0895 -0.0000 -0.9960
vn -0.0194 -0.0000 -0.9998
vn -0.0895 -0.0001 -0.9960
vn -0.0194 -0.0000 -0.9998
vn -0.0194 -0.0001 -0.9998
vn -0.0194 -0.0001 -0.9998
vn -0.0194 -0.0000 -0.9998
vn 0.0000 -0.0000 -1.0000
vn -0.0194 -0.0001 -0.9998
vn 0.0000 -0.0000 -1.0000
vn 0.0000 -0.0001 -1.0000
vn 0.0000 -0.0001 -1.0000
vn 0.0000 -0.0000 -1.0000
vn 0.0194 -0.0000 -0.9998
vn 0.0000 -0.0001 -1.0000
vn 0.0194 -0.0000 -0.9998
vn 0.0194 -0.0001 -0.9998
vn 0.0194 -0.0001 -0.9998
vn 0.0194 -0.0000 -0.9998
vn 0.0895 -0.0000 -0.9960
vn 0.0194 -0.0001 -0.9998
vn 0.0895 -0.0000 -0.9960
vn 0.0895 -0.0001 -0.9960
vn 0.0895 -0.0001 -0.9960
vn 0.0895 -0.0000 -0.9960
vn 0.1902 -0.0000 -0.9817
vn 0.0895 -0.0001 -0.9960
vn 0.1902 -0.0000 -0.9817
vn 0.1902 -0.0001 -0.9817
vn 0.1902 -0.0001 -0.9817
vn 0.1902 -0.0000 -0.9817
vn 0.3443 -0.0000 -0.9389
vn 0.1902 -0.0001 -0.9817
vn 0.3443 -0.0000 -0.9389
vn 0.3443 -0.0001 -0.9389
vn 0.3443 -0.0001 -0.9389
vn 0.3443 -0.0000 -0.9389
vn 0.5701 -0.0000 -0.8216
vn 0.3443 -0.0001 -0.9389
vn 0.5701 -0.0000 -0.8216
vn 0.5701 -0.0001 -0.8216
vn 0.5701 -0.0001 -0.8216
vn 0.5701 -0.0000 -0.8216
vn 0.8315 -0.0000 -0.5555
vn 0.5701 -0.0001 -0.8216
vn 0.8315 -0.0000 -0.5555
vn 0.8315 -0.0000 -0.5555
vn 0.8315 -0.0000 -0.5555
vn 0.8315 -0.0000 -0.5555
vn 0.9897 -0.0000 -0.1430
vn 0.8315 -0.0000 -0.5555
vn 0.9897 -0.0000 -0.1430
vn 0.9897 -0.0000 -0.1430
vn 0.9897 -0.0000 -0.1430
vn 0.9897 -0.0000 -0.1430
vn 1.0000 -0.0000 0.0000
vn 0.9897 -0.0000 -0.1430
vn 1.0000 -0.0000 0.0000
vn 1.0000 -0.0000 0.0000
vn 1.0000 -0.0000 0.0000
vn 1.0000 0.0022 0.0000
vn 0.9893 0.0234 0.1437
vn 1.0000 -0.0000 0.0000
vn 0.9893 0.0234 0.1437
vn 0.9897 0.0000 0.1430
vn 0.9897 0.0000 0.1430
vn 0.9893 0.0234 0.1437
vn 0.8258 0.0920 0.5563
vn 0.9897 0.0000 0.1430
vn 0.8258 0.0920 0.5563
vn 0.8315 0.0000 0.5555
vn 0.8315 0.0000 0.5555
vn 0.8258 0.0920 0.5563
vn 0.5612 0.1399 0.8158
vn 0.8315 0.0000 0.5555
vn 0.5612 0.1399 0.8158
vn 0.5701 0.0000 0.8216
vn 0.5701 0.0000 0.8216
vn 0.5612 0.1399 0.8158
vn 0.3370 0.1643 0.9271
vn 0.5701 0.0000 0.8216
vn 0.3370 0.1643 0.9271
vn 0.3443 0.0000 0.9389
vn 0.3443 0.0000 0.9389
vn 0.3370 0.1643 0.9271
vn 0.1858 0.1762 0.9667
vn 0.3443 0.0000 0.9389
vn 0.1858 0.1762 0.9667
vn 0.1902 0.0000 0.9817
vn 0.1902 0.0000 0.9817
vn 0.1858 0.1762 0.9667
vn 0.0873 0.1837 0.9791
vn 0.1902 0.0000 0.9817
vn 0.0873 0.1837 0.9791
vn 0.0895 0.0000 0.9960
vn 0.0895 0.0000 0.9960
vn 0.0873 0.1837 0.9791
vn 0.0189 0.2033 0.9789
vn 0.0895 0.0000 0.9960
vn 0.0189 0.2033 0.9789
vn 0.0194 0.0000 0.9998
vn 0.0194 0.0000 0.9998
vn 0.0189 0.2033 0.9789
vn 0.0001 0.1763 0.9843
vn 0.0194 0.0000 0.9998
vn 0.0001 0.1763 0.9843
vn -0.0000 0.0000 1.0000
vn -0.0000 0.0000 1.0000
vn 0.0001 0.1763 0.9843
vn -0.0189 0.1478 0.9888
vn -0.0000 0.0000 1.0000
vn -0.0189 0.1478 0.9888
vn -0.0194 0.0000 0.9998
vn -0.0194 0.0000 0.9998
vn -0.0189 0.1478 0.9888
vn -0.0872 0.1618 0.9830
vn -0.0194 0.0000 0.9998
vn -0.0872 0.1618 0.9830
vn -0.0895 0.0000 0.9960
vn -0.0895 0.0000 0.9960
vn -0.0872 0.1618 0.9830
vn -0.1857 0.1572 0.9700
vn -0.0895 0.0000 0.9960
vn -0.1857 0.1572 0.9700
vn -0.1902 0.0000 0.9817
vn -0.1902 0.0000 0.9817
vn -0.1857 0.1572 0.9700
vn -0.3371 0.1449 0.9302
vn -0.1902 0.0000 0.9817
vn -0.3371 0.1449 0.9302
vn -0.3443 0.0000 0.9389
vn -0.3443 0.0000 0.9389
vn -0.3371 0.1449 0.9302
vn -0.5615 0.1196 0.8188
vn -0.3443 0.0000 0.9389
vn -0.5615 0.1196 0.8188
vn -0.5701 0.0000 0.8216
vn -0.5701 0.0000 0.8216
vn -0.5615 0.1196 0.8188
vn -0.8262 0.0735 0.5586
vn -0.5701 0.0000 0.8216
vn -0.8262 0.0735 0.5586
vn -0.8315 0.0000 0.5555
vn -0.8315 0.0000 0.5555
vn -0.8262 0.0735 0.5586
vn -0.9893 0.0150 0.1451
vn -0.8315 0.0000 0.5555
vn -0.9893 0.0150 0.1451
vn -0.9897 0.0000 0.1430
vn -0.9897 0.0000 0.1430
vn -0.9893 0.0150 0.1451
vn -1.0000 -0.0008 -0.0000
vn -0.9897 0.0000 0.1430
vn -1.0000 -0.0008 -0.0000
vn -1.0000 0.0000 -0.0000
vn -1.0000 0.0000 -0.0000
vn -1.0000 -0.0008 -0.0000
vn -0.9896 -0.0067 -0.1438
vn -1.0000 0.0000 -0.0000
vn -0.9896 -0.0067 -0.1438
vn -0.9897 -0.0000 -0.1430
vn -0.9897 -0.0000 -0.1430
vn -0.9896 -0.0067 -0.1438
vn -0.8292 -0.0164 -0.5586
vn -0.9897 -0.0000 -0.1430
vn -0.8292 -0.0164 -0.5586
vn -0.8315 -0.0000 -0.5555
vn -0.8315 -0.0000 -0.5555
vn -0.8292 -0.0164 -0.5586
vn -0.5667 -0.0155 -0.8238
vn -0.8315 -0.0000 -0.5555
vn -0.5667 -0.0155 -0.8238
vn -0.5701 -0.0000 -0.8216
vn -0.5701 -0.0000 -0.8216
vn -0.5667 -0.0155 -0.8238
vn -0.3416 -0.0106 -0.9398
vn -0.5701 -0.0000 -0.8216
vn -0.3416 -0.0106 -0.9398
vn -0.3443 -0.0000 -0.9389
vn -0.3443 -0.0000 -0.9389
vn -0.3416 -0.0106 -0.9398
vn -0.1887 -0.0058 -0.9820
vn -0.3443 -0.0000 -0.9389
vn -0.1887 -0.0058 -0.9820
vn -0.1902 -0.0000 -0.9817
vn -0.1902 -0.0000 -0.9817
vn -0.1887 -0.0058 -0.9820
vn -0.0888 -0.0024 -0.9960
vn -0.1902 -0.0000 -0.9817
vn -0.0888 -0.0024 -0.9960
vn -0.0895 -0.0000 -0.9960
vn -0.0895 -0.0000 -0.9960
vn -0.0888 -0.0024 -0.9960
vn -0.0193 -0.0005 -0.9998
vn -0.0895 -0.0000 -0.9960
vn -0.0193 -0.0005 -0.9998
vn -0.0194 -0.0000 -0.9998
vn -0.0194 -0.0000 -0.9998
vn -0.0193 -0.0005 -0.9998
vn -0.0001 -0.0003 -1.0000
vn -0.0194 -0.0000 -0.9998
vn -0.0001 -0.0003 -1.0000
vn 0.0000 -0.0000 -1.0000
vn 0.0000 -0.0000 -1.0000
vn -0.0001 -0.0003 -1.0000
vn 0.0191 -0.0010 -0.9998
vn 0.0000 -0.0000 -1.0000
vn 0.0191 -0.0010 -0.9998
vn 0.0194 -0.0000 -0.9998
vn 0.0194 -0.0000 -0.9998
vn 0.0191 -0.0010 -0.9998
vn 0.0883 -0.0040 -0.9961
vn 0.0194 -0.0000 -0.9998
vn 0.0883 -0.0040 -0.9961
vn 0.0895 -0.0000 -0.9960
vn 0.0895 -0.0000 -0.9960
vn 0.0883 -0.0040 -0.9961
vn 0.1880 -0.0082 -0.9821
vn 0.0895 -0.0000 -0.9960
vn 0.1880 -0.0082 -0.9821
vn 0.1902 -0.0000 -0.9817
vn 0.1902 -0.0000 -0.9817
vn 0.1880 -0.0082 -0.9821
vn 0.3407 -0.0135 -0.9401
vn 0.1902 -0.0000 -0.9817
vn 0.3407 -0.0135 -0.9401
vn 0.3443 -0.0000 -0.9389
vn 0.3443 -0.0000 -0.9389
vn 0.3407 -0.0135 -0.9401
vn 0.5655 -0.0183 -0.8245
vn 0.3443 -0.0000 -0.9389
vn 0.5655 -0.0183 -0.8245
vn 0.5701 -0.0000 -0.8216
vn 0.5701 -0.0000 -0.8216
vn 0.5655 -0.0183 -0.8245
vn 0.8283 -0.0180 -0.5600
vn 0.5701 -0.0000 -0.8216
vn 0.8283 -0.0180 -0.5600
vn 0.8315 -0.0000 -0.5555
vn 0.8315 -0.0000 -0.5555
vn 0.8283 -0.0180 -0.5600
vn 0.9894 -0.0066 -0.1452
vn 0.8315 -0.0000 -0.5555
vn 0.9894 -0.0066 -0.1452
vn 0.9897 -0.0000 -0.1430
vn 0.9897 -0.0000 -0.1430
vn 0.9894 -0.0066 -0.1452
vn 1.0000 0.0022 0.0000
vn 0.9897 -0.0000 -0.1430
vn 1.0000 0.0022 0.0000
vn 1.0000 -0.0000 0.0000
vn 1.0000 0.0022 0.0000
vn 1.0000 -0.0008 -0.0000
vn 0.9886 0.0155 0.1497
vn 1.0000 0.0022 0.0000
vn 0.9886 0.0155 0.1497
vn 0.9893 0.0234 0.1437
vn 0.9893 0.0234 0.1437
vn 0.9886 0.0155 0.1497
vn 0.8160 0.0754 0.5731
vn 0.9893 0.0234 0.1437
vn 0.8160 0.0754 0.5731
vn 0.8258 0.0920 0.5563
vn 0.8258 0.0920 0.5563
vn 0.8160 0.0754 0.5731
vn 0.5467 0.1211 0.8285
vn 0.8258 0.0920 0.5563
vn 0.5467 0.1211 0.8285
vn 0.5612 0.1399 0.8158
vn 0.5612 0.1399 0.8158
vn 0.5467 0.1211 0.8285
vn 0.3258 0.1456 0.9342
vn 0.5612 0.1399 0.8158
vn 0.3258 0.1456 0.9342
vn 0.3370 0.1643 0.9271
vn 0.3370 0.1643 0.9271
vn 0.3258 0.1456 0.9342
vn 0.1790 0.1574 0.9712
vn 0.3370 0.1643 0.9271
vn 0.1790 0.1574 0.9712
vn 0.1858 0.1762 0.9667
vn 0.1858 0.1762 0.9667
vn 0.1790 0.1574 0.9712
vn 0.0841 0.1619 0.9832
vn 0.1858 0.1762 0.9667
vn 0.0841 0.1619 0.9832
vn 0.0873 0.1837 0.9791
vn 0.0873 0.1837 0.9791
vn 0.0841 0.1619 0.9832
vn 0.0183 0.1478 0.9889
vn 0.0873 0.1837 0.9791
vn 0.0183 0.1478 0.9889
vn 0.0189 0.2033 0.9789
vn 0.0189 0.2033 0.9789
vn 0.0183 0.1478 0.9889
vn 0.0001 0.1763 0.9843
vn 0.0189 0.2033 0.9789
vn 0.0001 0.1763 0.9843
vn 0.0001 0.1763 0.9843
vn 0.0001 0.1763 0.9843
vn 0.0001 0.1763 0.9843
vn -0.0180 0.2033 0.9790
vn 0.0001 0.1763 0.9843
vn -0.0180 0.2033 0.9790
vn -0.0189 0.1478 0.9888
vn -0.0189 0.1478 0.9888
vn -0.0180 0.2033 0.9790
vn -0.0833 0.1838 0.9794
vn -0.0189 0.1478 0.9888
vn -0.0833 0.1838 0.9794
vn -0.0872 0.1618 0.9830
vn -0.0872 0.1618 0.9830
vn -0.0833 0.1838 0.9794
vn -0.1778 0.1765 0.9681
vn -0.0872 0.1618 0.9830
vn -0.1778 0.1765 0.9681
vn -0.1857 0.1572 0.9700
vn -0.1857 0.1572 0.9700
vn -0.1778 0.1765 0.9681
vn -0.3238 0.1651 0.9316
vn -0.1857 0.1572 0.9700
vn -0.3238 0.1651 0.9316
vn -0.3371 0.1449 0.9302
vn -0.3371 0.1449 0.9302
vn -0.3238 0.1651 0.9316
vn -0.5440 0.1418 0.8270
vn -0.3371 0.1449 0.9302
vn -0.5440 0.1418 0.8270
vn -0.5615 0.1196 0.8188
vn -0.5615 0.1196 0.8188
vn -0.5440 0.1418 0.8270
vn -0.8136 0.0949 0.5736
vn -0.5615 0.1196 0.8188
vn -0.8136 0.0949 0.5736
vn -0.8262 0.0735 0.5586
vn -0.8262 0.0735 0.5586
vn -0.8136 0.0949 0.5736
vn -0.9882 0.0246 0.1512
vn -0.8262 0.0735 0.5586
vn -0.9882 0.0246 0.1512
vn -0.9893 0.0150 0.1451
vn -0.9893 0.0150 0.1451
vn -0.9882 0.0246 0.1512
vn -1.0000 0.0023 0.0000
vn -0.9893 0.0150 0.1451
vn -1.0000 0.0023 0.0000
vn -1.0000 -0.0008 -0.0000
vn -1.0000 -0.0008 -0.0000
vn -1.0000 0.0023 0.0000
vn -0.9887 -0.0068 -0.1497
vn -1.0000 -0.0008 -0.0000
vn -0.9887 -0.0068 -0.1497
vn -0.9896 -0.0067 -0.1438
vn -0.9896 -0.0067 -0.1438
vn -0.9887 -0.0068 -0.1497
vn -0.8182 -0.0185 -0.5746
vn -0.9896 -0.0067 -0.1438
vn -0.8182 -0.0185 -0.5746
vn -0.8292 -0.0164 -0.5586
vn -0.8292 -0.0164 -0.5586
vn -0.8182 -0.0185 -0.5746
vn -0.5507 -0.0185 -0.8345
vn -0.8292 -0.0164 -0.5586
vn -0.5507 -0.0185 -0.8345
vn -0.5667 -0.0155 -0.8238
vn -0.5667 -0.0155 -0.8238
vn -0.5507 -0.0185 -0.8345
vn -0.3292 -0.0135 -0.9441
vn -0.5667 -0.0155 -0.8238
vn -0.3292 -0.0135 -0.9441
vn -0.3416 -0.0106 -0.9398
vn -0.3416 -0.0106 -0.9398
vn -0.3292 -0.0135 -0.9441
vn -0.1813 -0.0082 -0.9834
vn -0.3416 -0.0106 -0.9398
vn -0.1813 -0.0082 -0.9834
vn -0.1887 -0.0058 -0.9820
vn -0.1887 -0.0058 -0.9820
vn -0.1813 -0.0082 -0.9834
vn -0.0852 -0.0040 -0.9964
vn -0.1887 -0.0058 -0.9820
vn -0.0852 -0.0040 -0.9964
vn -0.0888 -0.0024 -0.9960
vn -0.0888 -0.0024 -0.9960
vn -0.0852 -0.0040 -0.9964
vn -0.0185 -0.0010 -0.9998
vn -0.0888 -0.0024 -0.9960
vn -0.0185 -0.0010 -0.9998
vn -0.0193 -0.0005 -0.9998
vn -0.0193 -0.0005 -0.9998
vn -0.0185 -0.0010 -0.9998
vn -0.0001 -0.0003 -1.0000
vn -0.0193 -0.0005 -0.9998
vn -0.0001 -0.0003 -1.0000
vn -0.0001 -0.0003 -1.0000
vn -0.0001 -0.0003 -1.0000
vn -0.0001 -0.0003 -1.0000
vn 0.0183 -0.0005 -0.9998
vn -0.0001 -0.0003 -1.0000
vn 0.0183 -0.0005 -0.9998
vn 0.0191 -0.0010 -0.9998
vn 0.0191 -0.0010 -0.9998
vn 0.0183 -0.0005 -0.9998
vn 0.0847 -0.0024 -0.9964
vn 0.0191 -0.0010 -0.9998
vn 0.0847 -0.0024 -0.9964
vn 0.0883 -0.0040 -0.9961
vn 0.0883 -0.0040 -0.9961
vn 0.0847 -0.0024 -0.9964
vn 0.1806 -0.0058 -0.9835
vn 0.0883 -0.0040 -0.9961
vn 0.1806 -0.0058 -0.9835
vn 0.1880 -0.0082 -0.9821
vn 0.1880 -0.0082 -0.9821
vn 0.1806 -0.0058 -0.9835
vn 0.3283 -0.0106 -0.9445
vn 0.1880 -0.0082 -0.9821
vn 0.3283 -0.0106 -0.9445
vn 0.3407 -0.0135 -0.9401
vn 0.3407 -0.0135 -0.9401
vn 0.3283 -0.0106 -0.9445
vn 0.5495 -0.0157 -0.8354
vn 0.3407 -0.0135 -0.9401
vn 0.5495 -0.0157 -0.8354
vn 0.5655 -0.0183 -0.8245
vn 0.5655 -0.0183 -0.8245
vn 0.5495 -0.0157 -0.8354
vn 0.8172 -0.0169 -0.5761
vn 0.5655 -0.0183 -0.8245
vn 0.8172 -0.0169 -0.5761
vn 0.8283 -0.0180 -0.5600
vn 0.8283 -0.0180 -0.5600
vn 0.8172 -0.0169 -0.5761
vn 0.9885 -0.0070 -0.1512
vn 0.8283 -0.0180 -0.5600
vn 0.9885 -0.0070 -0.1512
vn 0.9894 -0.0066 -0.1452
vn 0.9894 -0.0066 -0.1452
vn 0.9885 -0.0070 -0.1512
vn 1.0000 -0.0008 -0.0000
vn 0.9894 -0.0066 -0.1452
vn 1.0000 -0.0008 -0.0000
vn 1.0000 0.0022 0.0000
vn 1.0000 -0.0008 -0.0000
vn 1.0000 -0.0000 -0.0000
vn 0.9884 -0.0000 0.1520
vn 1.0000 -0.0008 -0.0000
vn 0.9884 -0.0000 0.1520
vn 0.9886 0.0155 0.1497
vn 0.9886 0.0155 0.1497
vn 0.9884 -0.0000 0.1520
vn 0.8149 -0.0000 0.5796
vn 0.9886 0.0155 0.1497
vn 0.8149 -0.0000 0.5796
vn 0.8160 0.0754 0.5731
vn 0.8160 0.0754 0.5731
vn 0.8149 -0.0000 0.5796
vn 0.5461 -0.0000 0.8377
vn 0.8160 0.0754 0.5731
vn 0.5461 -0.0000 0.8377
vn 0.5467 0.1211 0.8285
vn 0.5467 0.1211 0.8285
vn 0.5461 -0.0000 0.8377
vn 0.3257 -0.0000 0.9455
vn 0.5467 0.1211 0.8285
vn 0.3257 -0.0000 0.9455
vn 0.3258 0.1456 0.9342
vn 0.3258 0.1456 0.9342
vn 0.3257 -0.0000 0.9455
vn 0.1791 -0.0000 0.9838
vn 0.3258 0.1456 0.9342
vn 0.1791 -0.0000 0.9838
vn 0.1790 0.1574 0.9712
vn 0.1790 0.1574 0.9712
vn 0.1791 -0.0000 0.9838
vn 0.0841 -0.0000 0.9965
vn 0.1790 0.1574 0.9712
vn 0.0841 -0.0000 0.9965
vn 0.0841 0.1619 0.9832
vn 0.0841 0.1619 0.9832
vn 0.0841 -0.0000 0.9965
vn 0.0182 -0.0000 0.9998
vn 0.0841 0.1619 0.9832
vn 0.0182 -0.0000 0.9998
vn 0.0183 0.1478 0.9889
vn 0.0183 0.1478 0.9889
vn 0.0182 -0.0000 0.9998
vn 0.0000 -0.0000 1.0000
vn 0.0183 0.1478 0.9889
vn 0.0000 -0.0000 1.0000
vn 0.0001 0.1763 0.9843
vn 0.0001 0.1763 0.9843
vn 0.0000 -0.0000 1.0000
vn -0.0182 -0.0000 0.9998
vn 0.0001 0.1763 0.9843
vn -0.0182 -0.0000 0.9998
vn -0.0180 0.2033 0.9790
vn -0.0180 0.2033 0.9790
vn -0.0182 -0.0000 0.9998
vn -0.0841 -0.0000 0.9965
vn -0.0180 0.2033 0.9790
vn -0.0841 -0.0000 0.9965
vn -0.0833 0.1838 0.9794
vn -0.0833 0.1838 0.9794
vn -0.0841 -0.0000 0.9965
vn -0.1791 -0.0000 0.9838
vn -0.0833 0.1838 0.9794
vn -0.1791 -0.0000 0.9838
vn -0.1778 0.1765 0.9681
vn -0.1778 0.1765 0.9681
vn -0.1791 -0.0000 0.9838
vn -0.3257 -0.0000 0.9455
vn -0.1778 0.1765 0.9681
vn -0.3257 -0.0000 0.9455
vn -0.3238 0.1651 0.9316
vn -0.3238 0.1651 0.9316
vn -0.3257 -0.0000 0.9455
vn -0.5461 -0.0000 0.8377
vn -0.3238 0.1651 0.9316
vn -0.5461 -0.0000 0.8377
vn -0.5440 0.1418 0.8270
vn -0.5440 0.1418 0.8270
vn -0.5461 -0.0000 0.8377
vn -0.8149 -0.0000 0.5796
vn -0.5440 0.1418 0.8270
vn -0.8149 -0.0000 0.5796
vn -0.8136 0.0949 0.5736
vn -0.8136 0.0949 0.5736
vn -0.8149 -0.0000 0.5796
vn -0.9884 -0.0000 0.1520
vn -0.8136 0.0949 0.5736
vn -0.9884 -0.0000 0.1520
vn -0.9882 0.0246 0.1512
vn -0.9882 0.0246 0.1512
vn -0.9884 -0.0000 0.1520
vn -1.0000 0.0000 0.0000
vn -0.9882 0.0246 0.1512
vn -1.0000 0.0000 0.0000
vn -1.0000 0.0023 0.0000
vn -1.0000 0.0023 0.0000
vn -1.0000 0.0000 0.0000
vn -0.9884 0.0000 -0.1520
vn -1.0000 0.0023 0.0000
vn -0.9884 0.0000 -0.1520
vn -0.9887 -0.0068 -0.1497
vn -0.9887 -0.0068 -0.1497
vn -0.9884 0.0000 -0.1520
vn -0.8149 0.0000 -0.5796
vn -0.9887 -0.0068 -0.1497
vn -0.8149 0.0000 -0.5796
vn -0.8182 -0.0185 -0.5746
vn -0.8182 -0.0185 -0.5746
vn -0.8149 0.0000 -0.5796
vn -0.5461 0.0000 -0.8377
vn -0.8182 -0.0185 -0.5746
vn -0.5461 0.0000 -0.8377
vn -0.5507 -0.0185 -0.8345
vn -0.5507 -0.0185 -0.8345
vn -0.5461 0.0000 -0.8377
vn -0.3257 0.0000 -0.9455
vn -0.5507 -0.0185 -0.8345
vn -0.3257 0.0000 -0.9455
vn -0.3292 -0.0135 -0.9441
vn -0.3292 -0.0135 -0.9441
vn -0.3257 0.0000 -0.9455
vn -0.1791 0.0000 -0.9838
vn -0.3292 -0.0135 -0.9441
vn -0.1791 0.0000 -0.9838
vn -0.1813 -0.0082 -0.9834
vn -0.1813 -0.0082 -0.9834
vn -0.1791 0.0000 -0.9838
vn -0.0841 0.0000 -0.9965
vn -0.1813 -0.0082 -0.9834
vn -0.0841 0.0000 -0.9965
vn -0.0852 -0.0040 -0.9964
vn -0.0852 -0.0040 -0.9964
vn -0.0841 0.0000 -0.9965
vn -0.0182 0.0000 -0.9998
vn -0.0852 -0.0040 -0.9964
vn -0.0182 0.0000 -0.9998
vn -0.0185 -0.0010 -0.9998
vn -0.0185 -0.0010 -0.9998
vn -0.0182 0.0000 -0.9998
vn -0.0000 0.0000 -1.0000
vn -0.0185 -0.0010 -0.9998
vn -0.0000 0.0000 -1.0000
vn -0.0001 -0.0003 -1.0000
vn -0.0001 -0.0003 -1.0000
vn -0.0000 0.0000 -1.0000
vn 0.0182 0.0000 -0.9998
vn -0.0001 -0.0003 -1.0000
vn 0.0182 0.0000 -0.9998
vn 0.0183 -0.0005 -0.9998
vn 0.0183 -0.0005 -0.9998
vn 0.0182 0.0000 -0.9998
vn 0.0841 0.0000 -0.9965
vn 0.0183 -0.0005 -0.9998
vn 0.0841 0.0000 -0.9965
vn 0.0847 -0.0024 -0.9964
vn 0.0847 -0.0024 -0.9964
vn 0.0841 0.0000 -0.9965
vn 0.1791 0.0000 -0.9838
vn 0.0847 -0.0024 -0.9964
vn 0.1791 0.0000 -0.9838
vn 0.1806 -0.0058 -0.9835
vn 0.1806 -0.0058 -0.9835
vn 0.1791 0.0000 -0.9838
vn 0.3257 0.0000 -0.9455
vn 0.1806 -0.0058 -0.9835
vn 0.3257 0.0000 -0.9455
vn 0.3283 -0.0106 -0.9445
vn 0.3283 -0.0106 -0.9445
vn 0.3257 0.0000 -0.9455
vn 0.5461 0.0000 -0.8377
vn 0.3283 -0.0106 -0.9445
vn 0.5461 0.0000 -0.8377
vn 0.5495 -0.0157 -0.8354
vn 0.5495 -0.0157 -0.8354
vn 0.5461 0.0000 -0.8377
vn 0.8149 0.0000 -0.5796
vn 0.5495 -0.0157 -0.8354
vn 0.8149 0.0000 -0.5796
vn 0.8172 -0.0169 -0.5761
vn 0.8172 -0.0169 -0.5761
vn 0.8149 0.0000 -0.5796
vn 0.9884 0.0000 -0.1520
vn 0.8172 -0.0169 -0.5761
vn 0.9884 0.0000 -0.1520
vn 0.9885 -0.0070 -0.1512
vn 0.9885 -0.0070 -0.1512
vn 0.9884 0.0000 -0.1520
vn 1.0000 -0.0000 -0.0000
vn 0.9885 -0.0070 -0.1512
vn 1.0000 -0.0000 -0.0000
vn 1.0000 -0.0008 -0.0000
vn 1.0000 -0.0000 -0.0000
vn 1.0000 -0.0000 -0.0000
vn 0.9884 -0.0000 0.1521
vn 1.0000 -0.0000 -0.0000
vn 0.9884 -0.0000 0.1521
vn 0.9884 -0.0000 0.1520
vn 0.9884 -0.0000 0.1520
vn 0.9884 -0.0000 0.1521
vn 0.8149 -0.0000 0.5796
vn 0.9884 -0.0000 0.1520
vn 0.8149 -0.0000 0.5796
vn 0.8149 -0.0000 0.5796
vn 0.8149 -0.0000 0.5796
vn 0.8149 -0.0000 0.5796
vn 0.5461 -0.0000 0.8377
vn 0.8149 -0.0000 0.5796
vn 0.5461 -0.0000 0.8377
vn 0.5461 -0.0000 0.8377
vn 0.5461 -0.0000 0.8377
vn 0.5461 -0.0000 0.8377
vn 0.3257 -0.0000 0.9455
vn 0.5461 -0.0000 0.8377
vn 0.3257 -0.0000 0.9455
vn 0.3257 -0.0000 0.9455
vn 0.3257 -0.0000 0.9455
vn 0.3257 -0.0000 0.9455
vn 0.1791 -0.0000 0.9838
vn 0.3257 -0.0000 0.9455
vn 0.1791 -0.0000 0.9838
vn 0.1791 -0.0000 0.9838
vn 0.1791 -0.0000 0.9838
vn 0.1791 -0.0000 0.9838
vn 0.0841 -0.0000 0.9965
vn 0.1791 -0.0000 0.9838
vn 0.0841 -0.0000 0.9965
vn 0.0841 -0.0000 0.9965
vn 0.0841 -0.0000 0.9965
vn 0.0841 -0.0000 0.9965
vn 0.0182 -0.0000 0.9998
vn 0.0841 -0.0000 0.9965
vn 0.0182 -0.0000 0.9998
vn 0.0182 -0.0000 0.9998
vn 0.0182 -0.0000 0.9998
vn 0.0182 -0.0000 0.9998
vn 0.0000 -0.0000 1.0000
vn 0.0182 -0.0000 0.9998
vn 0.0000 -0.0000 1.0000
vn 0.0000 -0.0000 1.0000
vn 0.0000 -0.0000 1.0000
vn 0.0000 -0.0000 1.0000
vn -0.0182 -0.0000 0.9998
vn 0.0000 -0.0000 1.0000
vn -0.0182 -0.0000 0.9998
vn -0.0182 -0.0000 0.9998
vn -0.0182 -0.0000 0.9998
vn -0.0182 -0.0000 0.9998
vn -0.0841 -0.0000 0.9965
vn -0.0182 -0.0000 0.9998
vn -0.0841 -0.0000 0.9965
vn -0.0841 -0.0000 0.9965
vn -0.0841 -0.0000 0.9965
vn -0.0841 -0.0000 0.9965
vn -0.1791 -0.0000 0.9838
vn -0.0841 -0.0000 0.9965
vn -0.1791 -0.0000 0.9838
vn -0.1791 -0.0000 0.9838
vn -0.1791 -0.0000 0.9838
vn -0.1791 -0.0000 0.9838
vn -0.3257 -0.0000 0.9455
vn -0.1791 -0.0000 0.9838
vn -0.3257 -0.0000 0.9455
vn -0.3257 -0.0000 0.9455
vn -0.3257 -0.0000 0.9455
vn -0.3257 -0.0000 0.9455
vn -0.5461 -0.0000 0.8377
vn -0.3257 -0.0000 0.9455
vn -0.5461 -0.0000 0.8377
vn -0.5461 -0.0000 0.8377
vn -0.5461 -0.0000 0.8377
vn -0.5461 -0.0000 0.8377
vn -0.8149 -0.0000 0.5796
vn -0.5461 -0.0000 0.8377
vn -0.8149 -0.0000 0.5796
vn -0.8149 -0.0000 0.5796
vn -0.8149 -0.0000 0.5796
vn -0.8149 -0.0000 0.5796
vn -0.9884 -0.0000 0.1521
vn -0.8149 -0.0000 0.5796
vn -0.9884 -0.0000 0.1521
vn -0.9884 -0.0000 0.1520
vn -0.9884 -0.0000 0.1520
vn -0.9884 -0.0000 0.1521
vn -1.0000 0.0000 0.0000
vn -0.9884 -0.0000 0.1520
vn -1.0000 0.0000 0.0000
vn -1.0000 0.0000 0.0000
vn -1.0000 0.0000 0.0000
vn -1.0000 0.0000 0.0000
vn -0.9884 0.0000 -0.1521
vn -1.0000 0.0000 0.0000
vn -0.9884 0.0000 -0.1521
vn -0.9884 0.0000 -0.1520
vn -0.9884 0.0000 -0.1520
vn -0.9884 0.0000 -0.1521
vn -0.8149 0.0001 -0.5796
vn -0.9884 0.0000 -0.1520
vn -0.8149 0.0001 -0.5796
vn -0.8149 0.0000 -0.5796
vn -0.8149 0.0000 -0.5796
vn -0.8149 0.0001 -0.5796
vn -0.5461 0.0001 -0.8377
vn -0.8149 0.0000 -0.5796
vn -0.5461 0.0001 -0.8377
vn -0.5461 0.0000 -0.8377
vn -0.5461 0.0000 -0.8377
vn -0.5461 0.0001 -0.8377
vn -0.3257 0.0001 -0.9455
vn -0.5461 0.0000 -0.8377
vn -0.3257 0.0001 -0.9455
vn -0.3257 0.0000 -0.9455
vn -0.3257 0.0000 -0.9455
vn -0.3257 0.0001 -0.9455
vn -0.1791 0.0001 -0.9838
vn -0.3257 0.0000 -0.9455
vn -0.1791 0.0001 -0.9838
vn -0.1791 0.0000 -0.9838
vn -0.1791 0.0000 -0.9838
vn -0.1791 0.0001 -0.9838
vn -0.0841 0.0001 -0.9965
vn -0.1791 0.0000 -0.9838
vn -0.0841 0.0001 -0.9965
vn -0.0841 0.0000 -0.9965
vn -0.0841 0.0000 -0.9965
vn -0.0841 0.0001 -0.9965
vn -0.0182 0.0001 -0.9998
vn -0.0841 0.0000 -0.9965
vn -0.0182 0.0001 -0.9998
vn -0.0182 0.0000 -0.9998
vn -0.0182 0.0000 -0.9998
vn -0.0182 0.0001 -0.9998
vn -0.0000 0.0001 -1.0000
vn -0.0182 0.0000 -0.9998
vn -0.0000 0.0001 -1.0000
vn -0.0000 0.0000 -1.0000
vn -0.0000 0.0000 -1.0000
vn -0.0000 0.0001 -1.0000
vn 0.0182 0.0001 -0.9998
vn -0.0000 0.0000 -1.0000
vn 0.0182 0.0001 -0.9998
vn 0.0182 0.0000 -0.9998
vn 0.0182 0.0000 -0.9998
vn 0.0182 0.0001 -0.9998
vn 0.0841 0.0001 -0.9965
vn 0.0182 0.0000 -0.9998
vn 0.0841 0.0001 -0.9965
vn 0.0841 0.0000 -0.9965
vn 0.0841 0.0000 -0.9965
vn 0.0841 0.0001 -0.9965
vn 0.1791 0.0001 -0.9838
vn 0.0841 0.0000 -0.9965
vn 0.1791 0.0001 -0.9838
vn 0.1791 0.0000 -0.9838
vn 0.1791 0.0000 -0.9838
vn 0.1791 0.0001 -0.9838
vn 0.3257 0.0001 -0.9455
vn 0.1791 0.0000 -0.9838
vn 0.3257 0.0001 -0.9455
vn 0.3257 0.0000 -0.9455
vn 0.3257 0.0000 -0.9455
vn 0.3257 0.0001 -0.9455
vn 0.5461 0.0001 -0.8377
vn 0.3257 0.0000 -0.9455
vn 0.5461 0.0001 -0.8377
vn 0.5461 0.0000 -0.8377
vn 0.5461 0.0000 -0.8377
vn 0.5461 0.0001 -0.8377
vn 0.8149 0.0000 -0.5796
vn 0.5461 0.0000 -0.8377
vn 0.8149 0.0000 -0.5796
vn 0.8149 0.0000 -0.5796
vn 0.8149 0.0000 -0.5796
vn 0.8149 0.0000 -0.5796
vn 0.9884 0.0000 -0.1521
vn 0.8149 0.0000 -0.5796
vn 0.9884 0.0000 -0.1521
vn 0.9884 0.0000 -0.1520
vn 0.9884 0.0000 -0.1520
vn 0.9884 0.0000 -0.1521
vn 1.0000 -0.0000 -0.0000
vn 0.9884 0.0000 -0.1520
vn 1.0000 -0.0000 -0.0000
vn 1.0000 -0.0000 -0.0000
vn 1.0000 -0.0000 -0.0000
vn 1.0000 0.0000 -0.0000
vn 0.9884 -0.0000 0.1521
vn 1.0000 -0.0000 -0.0000
vn 0.9884 -0.0000 0.1521
vn 0.9884 -0.0000 0.1521
vn 0.9884 -0.0000 0.1521
vn 0.9884 -0.0000 0.1521
vn 0.8149 -0.0000 0.5796
vn 0.9884 -0.0000 0.1521
vn 0.8149 -0.0000 0.5796
vn 0.8149 -0.0000 0.5796
vn 0.8149 -0.0000 0.5796
vn 0.8149 -0.0000 0.5796
vn 0.5461 -0.0000 0.8378
vn 0.8149 -0.0000 0.5796
vn 0.5461 -0.0000 0.8378
vn 0.5461 -0.0000 0.8377
vn 0.5461 -0.0000 0.8377
vn 0.5461 -0.0000 0.8378
vn 0.3257 -0.0000 0.9455
vn 0.5461 -0.0000 0.8377
vn 0.3257 -0.0000 0.9455
vn 0.3257 -0.0000 0.9455
vn 0.3257 -0.0000 0.9455
vn 0.3257 -0.0000 0.9455
vn 0.1791 -0.0000 0.9838
vn 0.3257 -0.0000 0.9455
vn 0.1791 -0.0000 0.9838
vn 0.1791 -0.0000 0.9838
vn 0.1791 -0.0000 0.9838
vn 0.1791 -0.0000 0.9838
vn 0.0841 -0.0000 0.9965
vn 0.1791 -0.0000 0.9838
vn 0.0841 -0.0000 0.9965
vn 0.0841 -0.0000 0.9965
vn 0.0841 -0.0000 0.9965
vn 0.0841 -0.0000 0.9965
vn 0.0182 -0.0000 0.9998
vn 0.0841 -0.0000 0.9965
vn 0.0182 -0.0000 0.9998
vn 0.0182 -0.0000 0.9998
vn 0.0182 -0.0000 0.9998
vn 0.0182 -0.0000 0.9998
vn 0.0000 -0.0000 1.0000
vn 0.0182 -0.0000 0.9998
vn 0.0000 -0.0000 1.0000
vn 0.0000 -0.0000 1.0000
vn 0.0000 -0.0000 1.0000
vn 0.0000 -0.0000 1.0000
vn -0.0182 -0.0000 0.9998
vn 0.0000 -0.0000 1.0000
vn -0.0182 -0.0000 0.9998
vn -0.0182 -0.0000 0.9998
vn -0.0182 -0.0000 0.9998
vn -0.0182 -0.0000 0.9998
vn -0.0841 -0.0000 0.9965
vn -0.0182 -0.0000 0.9998
vn -0.0841 -0.0000 0.9965
vn -0.0841 -0.0000 0.9965
vn -0.0841 -0.0000 0.9965
vn -0.0841 -0.0000 0.9965
vn -0.1791 -0.0000 0.9838
vn -0.0841 -0.0000 0.9965
vn -0.1791 -0.0000 0.9838
vn -0.1791 -0.0000 0.9838
vn -0.1791 -0.0000 0.9838
vn -0.1791 -0.0000 0.9838
vn -0.3257 -0.0000 0.9455
vn -0.1791 -0.0000 0.9838
vn -0.3257 -0.0000 0.9455
vn -0.3257 -0.0000 0.9455
vn -0.3257 -0.0000 0.9455
vn -0.3257 -0.0000 0.9455
vn -0.5460 -0.0000 0.8378
vn -0.3257 -0.0000 0.9455
vn -0.5460 -0.0000 0.8378
vn -0.5461 -0.0000 0.8377
vn -0.5461 -0.0000 0.8377
vn -0.5460 -0.0000 0.8378
vn -0.8149 -0.0000 0.5796
vn -0.5461 -0.0000 0.8377
vn -0.8149 -0.0000 0.5796
vn -0.8149 -0.0000 0.5796
vn -0.8149 -0.0000 0.5796
vn -0.8149 -0.0000 0.5796
vn -0.9884 -0.0000 0.1521
vn -0.8149 -0.0000 0.5796
vn -0.9884 -0.0000 0.1521
vn -0.9884 -0.0000 0.1521
vn -0.9884 -0.0000 0.1521
vn -0.9884 -0.0000 0.1521
vn -1.0000 0.0000 0.0000
vn -0.9884 -0.0000 0.1521
vn -1.0000 0.0000 0.0000
vn -1.0000 0.0000 0.0000
vn -1.0000 0.0000 0.0000
vn -1.0000 0.0000 0.0000
vn -0.9884 0.0000 -0.1521
vn -1.0000 0.0000 0.0000
vn -0.9884 0.0000 -0.1521
vn -0.9884 0.0000 -0.1521
vn -0.9884 0.0000 -0.1521
vn -0.9884 0.0000 -0.1521
vn -0.8149 0.0002 -0.5796
vn -0.9884 0.0000 -0.1521
vn -0.8149 0.0002 -0.5796
vn -0.8149 0.0001 -0.5796
vn -0.8149 0.0001 -0.5796
vn -0.8149 0.0002 -0.5796
vn -0.5461 0.0003 -0.8378
vn -0.8149 0.0001 -0.5796
vn -0.5461 0.0003 -0.8378
vn -0.5461 0.0001 -0.8377
vn -0.5461 0.0001 -0.8377
vn -0.5461 0.0003 -0.8378
vn -0.3257 0.0003 -0.9455
vn -0.5461 0.0001 -0.8377
vn -0.3257 0.0003 -0.9455
vn -0.3257 0.0001 -0.9455
vn -0.3257 0.0001 -0.9455
vn -0.3257 0.0003 -0.9455
vn -0.1791 0.0003 -0.9838
vn -0.3257 0.0001 -0.9455
vn -0.1791 0.0003 -0.9838
vn -0.1791 0.0001 -0.9838
vn -0.1791 0.0001 -0.9838
vn -0.1791 0.0003 -0.9838
vn -0.0841 0.0003 -0.9965
vn -0.1791 0.0001 -0.9838
vn -0.0841 0.0003 -0.9965
vn -0.0841 0.0001 -0.9965
vn -0.0841 0.0001 -0.9965
vn -0.0841 0.0003 -0.9965
vn -0.0182 0.0004 -0.9998
vn -0.0841 0.0001 -0.9965
vn -0.0182 0.0004 -0.9998
vn -0.0182 0.0001 -0.9998
vn -0.0182 0.0001 -0.9998
vn -0.0182 0.0004 -0.9998
vn -0.0000 0.0003 -1.0000
vn -0.0182 0.0001 -0.9998
vn -0.0000 0.0003 -1.0000
vn -0.0000 0.0001 -1.0000
vn -0.0000 0.0001 -1.0000
vn -0.0000 0.0003 -1.0000
vn 0.0182 0.0003 -0.9998
vn -0.0000 0.0001 -1.0000
vn 0.0182 0.0003 -0.9998
vn 0.0182 0.0001 -0.9998
vn 0.0182 0.0001 -0.9998
vn 0.0182 0.0003 -0.9998
vn 0.0841 0.0003 -0.9965
vn 0.0182 0.0001 -0.9998
vn 0.0841 0.0003 -0.9965
vn 0.0841 0.0001 -0.9965
vn 0.0841 0.0001 -0.9965
vn 0.0841 0.0003 -0.9965
vn 0.1791 0.0003 -0.9838
vn 0.0841 0.0001 -0.9965
vn 0.1791 0.0003 -0.9838
vn 0.1791 0.0001 -0.9838
vn 0.1791 0.0001 -0.9838
vn 0.1791 0.0003 -0.9838
vn 0.3257 0.0003 -0.9455
vn 0.1791 0.0001 -0.9838
vn 0.3257 0.0003 -0.9455
vn 0.3257 0.0001 -0.9455
vn 0.3257 0.0001 -0.9455
vn 0.3257 0.0003 -0.9455
vn 0.5460 0.0002 -0.8378
vn 0.3257 0.0001 -0.9455
vn 0.5460 0.0002 -0.8378
vn 0.5461 0.0001 -0.8377
vn 0.5461 0.0001 -0.8377
vn 0.5460 0.0002 -0.8378
vn 0.8149 0.0002 -0.5796
vn 0.5461 0.0001 -0.8377
vn 0.8149 0.0002 -0.5796
vn 0.8149 0.0000 -0.5796
vn 0.8149 0.0000 -0.5796
vn 0.8149 0.0002 -0.5796
vn 0.9884 0.0000 -0.1521
vn 0.8149 0.0000 -0.5796
vn 0.9884 0.0000 -0.1521
vn 0.9884 0.0000 -0.1521
vn 0.9884 0.0000 -0.1521
vn 0.9884 0.0000 -0.1521
vn 1.0000 0.0000 -0.0000
vn 0.9884 0.0000 -0.1521
vn 1.0000 0.0000 -0.0000
vn 1.0000 -0.0000 -0.0000
vn 1.0000 0.0000 -0.0000
vn 1.0000 0.0000 -0.0000
vn 0.9884 -0.0000 0.1521
vn 1.0000 0.0000 -0.0000
vn 0.9884 -0.0000 0.1521
vn 0.9884 -0.0000 0.1521
vn 0.9884 -0.0000 0.1521
vn 0.9884 -0.0000 0.1521
vn 0.8149 -0.0001 0.5796
vn 0.9884 -0.0000 0.1521
vn 0.8149 -0.0001 0.5796
vn 0.8149 -0.0000 0.5796
vn 0.8149 -0.0000 0.5796
vn 0.8149 -0.0001 0.5796
vn 0.5460 -0.0001 0.8378
vn 0.8149 -0.0000 0.5796
vn 0.5460 -0.0001 0.8378
vn 0.5461 -0.0000 0.8378
vn 0.5461 -0.0000 0.8378
vn 0.5460 -0.0001 0.8378
vn 0.3256 -0.0001 0.9455
vn 0.5461 -0.0000 0.8378
vn 0.3256 -0.0001 0.9455
vn 0.3257 -0.0000 0.9455
vn 0.3257 -0.0000 0.9455
vn 0.3256 -0.0001 0.9455
vn 0.1790 -0.0000 0.9838
vn 0.3257 -0.0000 0.9455
vn 0.1790 -0.0000 0.9838
vn 0.1791 -0.0000 0.9838
vn 0.1791 -0.0000 0.9838
vn 0.1790 -0.0000 0.9838
vn 0.0841 -0.0000 0.9965
vn 0.1791 -0.0000 0.9838
vn 0.0841 -0.0000 0.9965
vn 0.0841 -0.0000 0.9965
vn 0.0841 -0.0000 0.9965
vn 0.0841 -0.0000 0.9965
vn 0.0182 -0.0000 0.9998
vn 0.0841 -0.0000 0.9965
vn 0.0182 -0.0000 0.9998
vn 0.0182 -0.0000 0.9998
vn 0.0182 -0.0000 0.9998
vn 0.0182 -0.0000 0.9998
vn 0.0000 -0.0000 1.0000
vn 0.0182 -0.0000 0.9998
vn 0.0000 -0.0000 1.0000
vn 0.0000 -0.0000 1.0000
vn 0.0000 -0.0000 1.0000
vn 0.0000 -0.0000 1.0000
vn -0.0182 -0.0000 0.9998
vn 0.0000 -0.0000 1.0000
vn -0.0182 -0.0000 0.9998
vn -0.0182 -0.0000 0.9998
vn -0.0182 -0.0000 0.9998
vn -0.0182 -0.0000 0.9998
vn -0.0841 -0.0000 0.9965
vn -0.0182 -0.0000 0.9998
vn -0.0841 -0.0000 0.9965
vn -0.0841 -0.0000 0.9965
vn -0.0841 -0.0000 0.9965
vn -0.0841 -0.0000 0.9965
vn -0.1790 -0.0000 0.9838
vn -0.0841 -0.0000 0.9965
vn -0.1790 -0.0000 0.9838
vn -0.1791 -0.0000 0.9838
vn -0.1791 -0.0000 0.9838
vn -0.1790 -0.0000 0.9838
vn -0.3256 -0.0001 0.9455
vn -0.1791 -0.0000 0.9838
vn -0.3256 -0.0001 0.9455
vn -0.3257 -0.0000 0.9455
vn -0.3257 -0.0000 0.9455
vn -0.3256 -0.0001 0.9455
vn -0.5460 -0.0001 0.8378
vn -0.3257 -0.0000 0.9455
vn -0.5460 -0.0001 0.8378
vn -0.5460 -0.0000 0.8378
vn -0.5460 -0.0000 0.8378
vn -0.5460 -0.0001 0.8378
vn -0.8149 -0.0001 0.5796
vn -0.5460 -0.0000 0.8378
vn -0.8149 -0.0001 0.5796
vn -0.8149 -0.0000 0.5796
vn -0.8149 -0.0000 0.5796
vn -0.8149 -0.0001 0.5796
vn -0.9884 -0.0000 0.1521
vn -0.8149 -0.0000 0.5796
vn -0.9884 -0.0000 0.1521
vn -0.9884 -0.0000 0.1521
vn -0.9884 -0.0000 0.1521
vn -0.9884 -0.0000 0.1521
vn -1.0000 0.0000 0.0000
vn -0.9884 -0.0000 0.1521
vn -1.0000 0.0000 0.0000
vn -1.0000 0.0000 0.0000
vn -1.0000 0.0000 0.0000
vn -1.0000 0.0000 0.0000
vn -0.9884 0.0001 -0.1521
vn -1.0000 0.0000 0.0000
vn -0.9884 0.0001 -0.1521
vn -0.9884 0.0000 -0.1521
vn -0.9884 0.0000 -0.1521
vn -0.9884 0.0001 -0.1521
vn -0.8149 0.0004 -0.5796
vn -0.9884 0.0000 -0.1521
vn -0.8149 0.0004 -0.5796
vn -0.8149 0.0002 -0.5796
vn -0.8149 0.0002 -0.5796
vn -0.8149 0.0004 -0.5796
vn -0.5460 0.0007 -0.8378
vn -0.8149 0.0002 -0.5796
vn -0.5460 0.0007 -0.8378
vn -0.5461 0.0003 -0.8378
vn -0.5461 0.0003 -0.8378
vn -0.5460 0.0007 -0.8378
vn -0.3256 0.0008 -0.9455
vn -0.5461 0.0003 -0.8378
vn -0.3256 0.0008 -0.9455
vn -0.3257 0.0003 -0.9455
vn -0.3257 0.0003 -0.9455
vn -0.3256 0.0008 -0.9455
vn -0.1790 0.0008 -0.9838
vn -0.3257 0.0003 -0.9455
vn -0.1790 0.0008 -0.9838
vn -0.1791 0.0003 -0.9838
vn -0.1791 0.0003 -0.9838
vn -0.1790 0.0008 -0.9838
vn -0.0841 0.0009 -0.9965
vn -0.1791 0.0003 -0.9838
vn -0.0841 0.0009 -0.9965
vn -0.0841 0.0003 -0.9965
vn -0.0841 0.0003 -0.9965
vn -0.0841 0.0009 -0.9965
vn -0.0182 0.0009 -0.9998
vn -0.0841 0.0003 -0.9965
vn -0.0182 0.0009 -0.9998
vn -0.0182 0.0004 -0.9998
vn -0.0182 0.0004 -0.9998
vn -0.0182 0.0009 -0.9998
vn -0.0000 0.0009 -1.0000
vn -0.0182 0.0004 -0.9998
vn -0.0000 0.0009 -1.0000
vn -0.0000 0.0003 -1.0000
vn -0.0000 0.0003 -1.0000
vn -0.0000 0.0009 -1.0000
vn 0.0182 0.0008 -0.9998
vn -0.0000 0.0003 -1.0000
vn 0.0182 0.0008 -0.9998
vn 0.0182 0.0003 -0.9998
vn 0.0182 0.0003 -0.9998
vn 0.0182 0.0008 -0.9998
vn 0.0841 0.0008 -0.9965
vn 0.0182 0.0003 -0.9998
vn 0.0841 0.0008 -0.9965
vn 0.0841 0.0003 -0.9965
vn 0.0841 0.0003 -0.9965
vn 0.0841 0.0008 -0.9965
vn 0.1790 0.0008 -0.9838
vn 0.0841 0.0003 -0.9965
vn 0.1790 0.0008 -0.9838
vn 0.1791 0.0003 -0.9838
vn 0.1791 0.0003 -0.9838
vn 0.1790 0.0008 -0.9838
vn 0.3256 0.0007 -0.9455
vn 0.1791 0.0003 -0.9838
vn 0.3256 0.0007 -0.9455
vn 0.3257 0.0003 -0.9455
vn 0.3257 0.0003 -0.9455
vn 0.3256 0.0007 -0.9455
vn 0.5460 0.0006 -0.8378
vn 0.3257 0.0003 -0.9455
vn 0.5460 0.0006 -0.8378
vn 0.5460 0.0002 -0.8378
vn 0.5460 0.0002 -0.8378
vn 0.5460 0.0006 -0.8378
vn 0.8149 0.0004 -0.5796
vn 0.5460 0.0002 -0.8378
vn 0.8149 0.0004 -0.5796
vn 0.8149 0.0002 -0.5796
vn 0.8149 0.0002 -0.5796
vn 0.8149 0.0004 -0.5796
vn 0.9884 0.0001 -0.1521
vn 0.8149 0.0002 -0.5796
vn 0.9884 0.0001 -0.1521
vn 0.9884 0.0000 -0.1521
vn 0.9884 0.0000 -0.1521
vn 0.9884 0.0001 -0.1521
vn 1.0000 0.0000 -0.0000
vn 0.9884 0.0000 -0.1521
vn 1.0000 0.0000 -0.0000
vn 1.0000 0.0000 -0.0000
vn 1.0000 0.0000 -0.0000
vn 1.0000 0.0000 -0.0000
vn 0.9884 -0.0001 0.1521
vn 1.0000 0.0000 -0.0000
vn 0.9884 -0.0001 0.1521
vn 0.9884 -0.0000 0.1521
vn 0.9884 -0.0000 0.1521
vn 0.9884 -0.0001 0.1521
vn 0.8148 -0.0002 0.5797
vn 0.9884 -0.0000 0.1521
vn 0.8148 -0.0002 0.5797
vn 0.8149 -0.0001 0.5796
vn 0.8149 -0.0001 0.5796
vn 0.8148 -0.0002 0.5797
vn 0.5459 -0.0002 0.8378
vn 0.8149 -0.0001 0.5796
vn 0.5459 -0.0002 0.8378
vn 0.5460 -0.0001 0.8378
vn 0.5460 -0.0001 0.8378
vn 0.5459 -0.0002 0.8378
vn 0.3256 -0.0001 0.9455
vn 0.5460 -0.0001 0.8378
vn 0.3256 -0.0001 0.9455
vn 0.3256 -0.0001 0.9455
vn 0.3256 -0.0001 0.9455
vn 0.3256 -0.0001 0.9455
vn 0.1790 -0.0001 0.9838
vn 0.3256 -0.0001 0.9455
vn 0.1790 -0.0001 0.9838
vn 0.1790 -0.0000 0.9838
vn 0.1790 -0.0000 0.9838
vn 0.1790 -0.0001 0.9838
vn 0.0840 -0.0000 0.9965
vn 0.1790 -0.0000 0.9838
vn 0.0840 -0.0000 0.9965
vn 0.0841 -0.0000 0.9965
vn 0.0841 -0.0000 0.9965
vn 0.0840 -0.0000 0.9965
vn 0.0182 -0.0000 0.9998
vn 0.0841 -0.0000 0.9965
vn 0.0182 -0.0000 0.9998
vn 0.0182 -0.0000 0.9998
vn 0.0182 -0.0000 0.9998
vn 0.0182 -0.0000 0.9998
vn 0.0000 -0.0000 1.0000
vn 0.0182 -0.0000 0.9998
vn 0.0000 -0.0000 1.0000
vn 0.0000 -0.0000 1.0000
vn 0.0000 -0.0000 1.0000
vn 0.0000 -0.0000 1.0000
vn -0.0182 -0.0000 0.9998
vn 0.0000 -0.0000 1.0000
vn -0.0182 -0.0000 0.9998
vn -0.0182 -0.0000 0.9998
vn -0.0182 -0.0000 0.9998
vn -0.0182 -0.0000 0.9998
vn -0.0840 -0.0000 0.9965
vn -0.0182 -0.0000 0.9998
vn -0.0840 -0.0000 0.9965
vn -0.0841 -0.0000 0.9965
vn -0.0841 -0.0000 0.9965
vn -0.0840 -0.0000 0.9965
vn -0.1790 -0.0001 0.9838
vn -0.0841 -0.0000 0.9965
vn -0.1790 -0.0001 0.9838
vn -0.1790 -0.0000 0.9838
vn -0.1790 -0.0000 0.9838
vn -0.1790 -0.0001 0.9838
vn -0.3256 -0.0001 0.9455
vn -0.1790 -0.0000 0.9838
vn -0.3256 -0.0001 0.9455
vn -0.3256 -0.0001 0.9455
vn -0.3256 -0.0001 0.9455
vn -0.3256 -0.0001 0.9455
vn -0.5459 -0.0002 0.8378
vn -0.3256 -0.0001 0.9455
vn -0.5459 -0.0002 0.8378
vn -0.5460 -0.0001 0.8378
vn -0.5460 -0.0001 0.8378
vn -0.5459 -0.0002 0.8378
vn -0.8148 -0.0002 0.5797
vn -0.5460 -0.0001 0.8378
vn -0.8148 -0.0002 0.5797
vn -0.8149 -0.0001 0.5796
vn -0.8149 -0.0001 0.5796
vn -0.8148 -0.0002 0.5797
vn -0.9884 -0.0000 0.1521
vn -0.8149 -0.0001 0.5796
vn -0.9884 -0.0000 0.1521
vn -0.9884 -0.0000 0.1521
vn -0.9884 -0.0000 0.1521
vn -0.9884 -0.0000 0.1521
vn -1.0000 0.0000 0.0000
vn -0.9884 -0.0000 0.1521
vn -1.0000 0.0000 0.0000
vn -1.0000 0.0000 0.0000
vn -1.0000 0.0000 0.0000
vn -1.0000 0.0000 0.0000
vn -0.9884 0.0002 -0.1521
vn -1.0000 0.0000 0.0000
vn -0.9884 0.0002 -0.1521
vn -0.9884 0.0001 -0.1521
vn -0.9884 0.0001 -0.1521
vn -0.9884 0.0002 -0.1521
vn -0.8148 0.0009 -0.5797
vn -0.9884 0.0001 -0.1521
vn -0.8148 0.0009 -0.5797
vn -0.8149 0.0004 -0.5796
vn -0.8149 0.0004 -0.5796
vn -0.8148 0.0009 -0.5797
vn -0.5459 0.0014 -0.8378
vn -0.8149 0.0004 -0.5796
vn -0.5459 0.0014 -0.8378
vn -0.5460 0.0007 -0.8378
vn -0.5460 0.0007 -0.8378
vn -0.5459 0.0014 -0.8378
vn -0.3256 0.0017 -0.9455
vn -0.5460 0.0007 -0.8378
vn -0.3256 0.0017 -0.9455
vn -0.3256 0.0008 -0.9455
vn -0.3256 0.0008 -0.9455
vn -0.3256 0.0017 -0.9455
vn -0.1790 0.0018 -0.9838
vn -0.3256 0.0008 -0.9455
vn -0.1790 0.0018 -0.9838
vn -0.1790 0.0008 -0.9838
vn -0.1790 0.0008 -0.9838
vn -0.1790 0.0018 -0.9838
vn -0.0840 0.0019 -0.9965
vn -0.1790 0.0008 -0.9838
vn -0.0840 0.0019 -0.9965
vn -0.0841 0.0009 -0.9965
vn -0.0841 0.0009 -0.9965
vn -0.0840 0.0019 -0.9965
vn -0.0182 0.0020 -0.9998
vn -0.0841 0.0009 -0.9965
vn -0.0182 0.0020 -0.9998
vn -0.0182 0.0009 -0.9998
vn -0.0182 0.0009 -0.9998
vn -0.0182 0.0020 -0.9998
vn -0.0000 0.0019 -1.0000
vn -0.0182 0.0009 -0.9998
vn -0.0000 0.0019 -1.0000
vn -0.0000 0.0009 -1.0000
vn -0.0000 0.0009 -1.0000
vn -0.0000 0.0019 -1.0000
vn 0.0182 0.0017 -0.9998
vn -0.0000 0.0009 -1.0000
vn 0.0182 0.0017 -0.9998
vn 0.0182 0.0008 -0.9998
vn 0.0182 0.0008 -0.9998
vn 0.0182 0.0017 -0.9998
vn 0.0840 0.0018 -0.9965
vn 0.0182 0.0008 -0.9998
vn 0.0840 0.0018 -0.9965
vn 0.0841 0.0008 -0.9965
vn 0.0841 0.0008 -0.9965
vn 0.0840 0.0018 -0.9965
vn 0.1790 0.0017 -0.9838
vn 0.0841 0.0008 -0.9965
vn 0.1790 0.0017 -0.9838
vn 0.1790 0.0008 -0.9838
vn 0.1790 0.0008 -0.9838
vn 0.1790 0.0017 -0.9838
vn 0.3256 0.0016 -0.9455
vn 0.1790 0.0008 -0.9838
vn 0.3256 0.0016 -0.9455
vn 0.3256 0.0007 -0.9455
vn 0.3256 0.0007 -0.9455
vn 0.3256 0.0016 -0.9455
vn 0.5459 0.0014 -0.8378
vn 0.3256 0.0007 -0.9455
vn 0.5459 0.0014 -0.8378
vn 0.5460 0.0006 -0.8378
vn 0.5460 0.0006 -0.8378
vn 0.5459 0.0014 -0.8378
vn 0.8148 0.0009 -0.5797
vn 0.5460 0.0006 -0.8378
vn 0.8148 0.0009 -0.5797
vn 0.8149 0.0004 -0.5796
vn 0.8149 0.0004 -0.5796
vn 0.8148 0.0009 -0.5797
vn 0.9884 0.0002 -0.1521
vn 0.8149 0.0004 -0.5796
vn 0.9884 0.0002 -0.1521
vn 0.9884 0.0001 -0.1521
vn 0.9884 0.0001 -0.1521
vn 0.9884 0.0002 -0.1521
vn 1.0000 0.0000 -0.0000
vn 0.9884 0.0001 -0.1521
vn 1.0000 0.0000 -0.0000
vn 1.0000 0.0000 -0.0000
vn 1.0000 0.0000 -0.0000
vn 1.0000 0.0001 -0.0000
vn 0.9884 -0.0001 0.1522
vn 1.0000 0.0000 -0.0000
vn 0.9884 -0.0001 0.1522
vn 0.9884 -0.0001 0.1521
vn 0.9884 -0.0001 0.1521
vn 0.9884 -0.0001 0.1522
vn 0.8147 -0.0003 0.5799
vn 0.9884 -0.0001 0.1521
vn 0.8147 -0.0003 0.5799
vn 0.8148 -0.0002 0.5797
vn 0.8148 -0.0002 0.5797
vn 0.8147 -0.0003 0.5799
vn 0.5458 -0.0003 0.8379
vn 0.8148 -0.0002 0.5797
vn 0.5458 -0.0003 0.8379
vn 0.5459 -0.0002 0.8378
vn 0.5459 -0.0002 0.8378
vn 0.5458 -0.0003 0.8379
vn 0.3254 -0.0002 0.9456
vn 0.5459 -0.0002 0.8378
vn 0.3254 -0.0002 0.9456
vn 0.3256 -0.0001 0.9455
vn 0.3256 -0.0001 0.9455
vn 0.3254 -0.0002 0.9456
vn 0.1789 -0.0001 0.9839
vn 0.3256 -0.0001 0.9455
vn 0.1789 -0.0001 0.9839
vn 0.1790 -0.0001 0.9838
vn 0.1790 -0.0001 0.9838
vn 0.1789 -0.0001 0.9839
vn 0.0840 -0.0001 0.9965
vn 0.1790 -0.0001 0.9838
vn 0.0840 -0.0001 0.9965
vn 0.0840 -0.0000 0.9965
vn 0.0840 -0.0000 0.9965
vn 0.0840 -0.0001 0.9965
vn 0.0182 -0.0000 0.9998
vn 0.0840 -0.0000 0.9965
vn 0.0182 -0.0000 0.9998
vn 0.0182 -0.0000 0.9998
vn 0.0182 -0.0000 0.9998
vn 0.0182 -0.0000 0.9998
vn 0.0000 -0.0000 1.0000
vn 0.0182 -0.0000 0.9998
vn 0.0000 -0.0000 1.0000
vn 0.0000 -0.0000 1.0000
vn 0.0000 -0.0000 1.0000
vn 0.0000 -0.0000 1.0000
vn -0.0182 -0.0000 0.9998
vn 0.0000 -0.0000 1.0000
vn -0.0182 -0.0000 0.9998
vn -0.0182 -0.0000 0.9998
vn -0.0182 -0.0000 0.9998
vn -0.0182 -0.0000 0.9998
vn -0.0840 -0.0001 0.9965
vn -0.0182 -0.0000 0.9998
vn -0.0840 -0.0001 0.9965
vn -0.0840 -0.0000 0.9965
vn -0.0840 -0.0000 0.9965
vn -0.0840 -0.0001 0.9965
vn -0.1789 -0.0001 0.9839
vn -0.0840 -0.0000 0.9965
vn -0.1789 -0.0001 0.9839
vn -0.1790 -0.0001 0.9838
vn -0.1790 -0.0001 0.9838
vn -0.1789 -0.0001 0.9839
vn -0.3254 -0.0002 0.9456
vn -0.1790 -0.0001 0.9838
vn -0.3254 -0.0002 0.9456
vn -0.3256 -0.0001 0.9455
vn -0.3256 -0.0001 0.9455
vn -0.3254 -0.0002 0.9456
vn -0.5457 -0.0003 0.8380
vn -0.3256 -0.0001 0.9455
vn -0.5457 -0.0003 0.8380
vn -0.5459 -0.0002 0.8378
vn -0.5459 -0.0002 0.8378
vn -0.5457 -0.0003 0.8380
vn -0.8147 -0.0003 0.5799
vn -0.5459 -0.0002 0.8378
vn -0.8147 -0.0003 0.5799
vn -0.8148 -0.0002 0.5797
vn -0.8148 -0.0002 0.5797
vn -0.8147 -0.0003 0.5799
vn -0.9884 -0.0001 0.1522
vn -0.8148 -0.0002 0.5797
vn -0.9884 -0.0001 0.1522
vn -0.9884 -0.0000 0.1521
vn -0.9884 -0.0000 0.1521
vn -0.9884 -0.0001 0.1522
vn -1.0000 0.0001 0.0000
vn -0.9884 -0.0000 0.1521
vn -1.0000 0.0001 0.0000
vn -1.0000 0.0000 0.0000
vn -1.0000 0.0000 0.0000
vn -1.0000 0.0001 0.0000
vn -0.9884 0.0005 -0.1522
vn -1.0000 0.0000 0.0000
vn -0.9884 0.0005 -0.1522
vn -0.9884 0.0002 -0.1521
vn -0.9884 0.0002 -0.1521
vn -0.9884 0.0005 -0.1522
vn -0.8147 0.0018 -0.5799
vn -0.9884 0.0002 -0.1521
vn -0.8147 0.0018 -0.5799
vn -0.8148 0.0009 -0.5797
vn -0.8148 0.0009 -0.5797
vn -0.8147 0.0018 -0.5799
vn -0.5458 0.0027 -0.8379
vn -0.8148 0.0009 -0.5797
vn -0.5458 0.0027 -0.8379
vn -0.5459 0.0014 -0.8378
vn -0.5459 0.0014 -0.8378
vn -0.5458 0.0027 -0.8379
vn -0.3254 0.0032 -0.9456
vn -0.5459 0.0014 -0.8378
vn -0.3254 0.0032 -0.9456
vn -0.3256 0.0017 -0.9455
vn -0.3256 0.0017 -0.9455
vn -0.3254 0.0032 -0.9456
vn -0.1789 0.0034 -0.9839
vn -0.3256 0.0017 -0.9455
vn -0.1789 0.0034 -0.9839
vn -0.1790 0.0018 -0.9838
vn -0.1790 0.0018 -0.9838
vn -0.1789 0.0034 -0.9839
vn -0.0840 0.0036 -0.9965
vn -0.1790 0.0018 -0.9838
vn -0.0840 0.0036 -0.9965
vn -0.0840 0.0019 -0.9965
vn -0.0840 0.0019 -0.9965
vn -0.0840 0.0036 -0.9965
vn -0.0182 0.0037 -0.9998
vn -0.0840 0.0019 -0.9965
vn -0.0182 0.0037 -0.9998
vn -0.0182 0.0020 -0.9998
vn -0.0182 0.0020 -0.9998
vn -0.0182 0.0037 -0.9998
vn -0.0000 0.0036 -1.0000
vn -0.0182 0.0020 -0.9998
vn -0.0000 0.0036 -1.0000
vn -0.0000 0.0019 -1.0000
vn -0.0000 0.0019 -1.0000
vn -0.0000 0.0036 -1.0000
vn 0.0182 0.0034 -0.9998
vn -0.0000 0.0019 -1.0000
vn 0.0182 0.0034 -0.9998
vn 0.0182 0.0017 -0.9998
vn 0.0182 0.0017 -0.9998
vn 0.0182 0.0034 -0.9998
vn 0.0840 0.0034 -0.9965
vn 0.0182 0.0017 -0.9998
vn 0.0840 0.0034 -0.9965
vn 0.0840 0.0018 -0.9965
vn 0.0840 0.0018 -0.9965
vn 0.0840 0.0034 -0.9965
vn 0.1789 0.0033 -0.9839
vn 0.0840 0.0018 -0.9965
vn 0.1789 0.0033 -0.9839
vn 0.1790 0.0017 -0.9838
vn 0.1790 0.0017 -0.9838
vn 0.1789 0.0033 -0.9839
vn 0.3254 0.0031 -0.9456
vn 0.1790 0.0017 -0.9838
vn 0.3254 0.0031 -0.9456
vn 0.3256 0.0016 -0.9455
vn 0.3256 0.0016 -0.9455
vn 0.3254 0.0031 -0.9456
vn 0.5457 0.0026 -0.8380
vn 0.3256 0.0016 -0.9455
vn 0.5457 0.0026 -0.8380
vn 0.5459 0.0014 -0.8378
vn 0.5459 0.0014 -0.8378
vn 0.5457 0.0026 -0.8380
vn 0.8147 0.0017 -0.5799
vn 0.5459 0.0014 -0.8378
vn 0.8147 0.0017 -0.5799
vn 0.8148 0.0009 -0.5797
vn 0.8148 0.0009 -0.5797
vn 0.8147 0.0017 -0.5799
vn 0.9884 0.0005 -0.1522
vn 0.8148 0.0009 -0.5797
vn 0.9884 0.0005 -0.1522
vn 0.9884 0.0002 -0.1521
vn 0.9884 0.0002 -0.1521
vn 0.9884 0.0005 -0.1522
vn 1.0000 0.0001 -0.0000
vn 0.9884 0.0002 -0.1521
vn 1.0000 0.0001 -0.0000
vn 1.0000 0.0000 -0.0000
vn 1.0000 0.0001 -0.0000
vn 1.0000 0.0003 -0.0000
vn 0.9883 0.0005 0.1523
vn 1.0000 0.0001 -0.0000
vn 0.9883 0.0005 0.1523
vn 0.9884 -0.0001 0.1522
vn 0.9884 -0.0001 0.1522
vn 0.9883 0.0005 0.1523
vn 0.8144 0.0016 0.5803
vn 0.9884 -0.0001 0.1522
vn 0.8144 0.0016 0.5803
vn 0.8147 -0.0003 0.5799
vn 0.8147 -0.0003 0.5799
vn 0.8144 0.0016 0.5803
vn 0.5454 0.0026 0.8382
vn 0.8147 -0.0003 0.5799
vn 0.5454 0.0026 0.8382
vn 0.5458 -0.0003 0.8379
vn 0.5458 -0.0003 0.8379
vn 0.5454 0.0026 0.8382
vn 0.3251 0.0032 0.9457
vn 0.5458 -0.0003 0.8379
vn 0.3251 0.0032 0.9457
vn 0.3254 -0.0002 0.9456
vn 0.3254 -0.0002 0.9456
vn 0.3251 0.0032 0.9457
vn 0.1788 0.0036 0.9839
vn 0.3254 -0.0002 0.9456
vn 0.1788 0.0036 0.9839
vn 0.1789 -0.0001 0.9839
vn 0.1789 -0.0001 0.9839
vn 0.1788 0.0036 0.9839
vn 0.0839 0.0039 0.9965
vn 0.1789 -0.0001 0.9839
vn 0.0839 0.0039 0.9965
vn 0.0840 -0.0001 0.9965
vn 0.0840 -0.0001 0.9965
vn 0.0839 0.0039 0.9965
vn 0.0182 0.0044 0.9998
vn 0.0840 -0.0001 0.9965
vn 0.0182 0.0044 0.9998
vn 0.0182 -0.0000 0.9998
vn 0.0182 -0.0000 0.9998
vn 0.0182 0.0044 0.9998
vn 0.0000 0.0038 1.0000
vn 0.0182 -0.0000 0.9998
vn 0.0000 0.0038 1.0000
vn 0.0000 -0.0000 1.0000
vn 0.0000 -0.0000 1.0000
vn 0.0000 0.0038 1.0000
vn -0.0182 0.0031 0.9998
vn 0.0000 -0.0000 1.0000
vn -0.0182 0.0031 0.9998
vn -0.0182 -0.0000 0.9998
vn -0.0182 -0.0000 0.9998
vn -0.0182 0.0031 0.9998
vn -0.0839 0.0034 0.9965
vn -0.0182 -0.0000 0.9998
vn -0.0839 0.0034 0.9965
vn -0.0840 -0.0001 0.9965
vn -0.0840 -0.0001 0.9965
vn -0.0839 0.0034 0.9965
vn -0.1787 0.0031 0.9839
vn -0.0840 -0.0001 0.9965
vn -0.1787 0.0031 0.9839
vn -0.1789 -0.0001 0.9839
vn -0.1789 -0.0001 0.9839
vn -0.1787 0.0031 0.9839
vn -0.3251 0.0027 0.9457
vn -0.1789 -0.0001 0.9839
vn -0.3251 0.0027 0.9457
vn -0.3254 -0.0002 0.9456
vn -0.3254 -0.0002 0.9456
vn -0.3251 0.0027 0.9457
vn -0.5453 0.0021 0.8382
vn -0.3254 -0.0002 0.9456
vn -0.5453 0.0021 0.8382
vn -0.5457 -0.0003 0.8380
vn -0.5457 -0.0003 0.8380
vn -0.5453 0.0021 0.8382
vn -0.8144 0.0012 0.5804
vn -0.5457 -0.0003 0.8380
vn -0.8144 0.0012 0.5804
vn -0.8147 -0.0003 0.5799
vn -0.8147 -0.0003 0.5799
vn -0.8144 0.0012 0.5804
vn -0.9883 0.0003 0.1524
vn -0.8147 -0.0003 0.5799
vn -0.9883 0.0003 0.1524
vn -0.9884 -0.0001 0.1522
vn -0.9884 -0.0001 0.1522
vn -0.9883 0.0003 0.1524
vn -1.0000 0.0003 0.0000
vn -0.9884 -0.0001 0.1522
vn -1.0000 0.0003 0.0000
vn -1.0000 0.0001 0.0000
vn -1.0000 0.0001 0.0000
vn -1.0000 0.0003 0.0000
vn -0.9883 0.0008 -0.1523
vn -1.0000 0.0001 0.0000
vn -0.9883 0.0008 -0.1523
vn -0.9884 0.0005 -0.1522
vn -0.9884 0.0005 -0.1522
vn -0.9883 0.0008 -0.1523
vn -0.8144 0.0029 -0.5803
vn -0.9884 0.0005 -0.1522
vn -0.8144 0.0029 -0.5803
vn -0.8147 0.0018 -0.5799
vn -0.8147 0.0018 -0.5799
vn -0.8144 0.0029 -0.5803
vn -0.5454 0.0045 -0.8382
vn -0.8147 0.0018 -0.5799
vn -0.5454 0.0045 -0.8382
vn -0.5458 0.0027 -0.8379
vn -0.5458 0.0027 -0.8379
vn -0.5454 0.0045 -0.8382
vn -0.3251 0.0054 -0.9457
vn -0.5458 0.0027 -0.8379
vn -0.3251 0.0054 -0.9457
vn -0.3254 0.0032 -0.9456
vn -0.3254 0.0032 -0.9456
vn -0.3251 0.0054 -0.9457
vn -0.1788 0.0059 -0.9839
vn -0.3254 0.0032 -0.9456
vn -0.1788 0.0059 -0.9839
vn -0.1789 0.0034 -0.9839
vn -0.1789 0.0034 -0.9839
vn -0.1788 0.0059 -0.9839
vn -0.0839 0.0062 -0.9965
vn -0.1789 0.0034 -0.9839
vn -0.0839 0.0062 -0.9965
vn -0.0840 0.0036 -0.9965
vn -0.0840 0.0036 -0.9965
vn -0.0839 0.0062 -0.9965
vn -0.0182 0.0065 -0.9998
vn -0.0840 0.0036 -0.9965
vn -0.0182 0.0065 -0.9998
vn -0.0182 0.0037 -0.9998
vn -0.0182 0.0037 -0.9998
vn -0.0182 0.0065 -0.9998
vn -0.0000 0.0062 -1.0000
vn -0.0182 0.0037 -0.9998
vn -0.0000 0.0062 -1.0000
vn -0.0000 0.0036 -1.0000
vn -0.0000 0.0036 -1.0000
vn -0.0000 0.0062 -1.0000
vn 0.0182 0.0059 -0.9998
vn -0.0000 0.0036 -1.0000
vn 0.0182 0.0059 -0.9998
vn 0.0182 0.0034 -0.9998
vn 0.0182 0.0034 -0.9998
vn 0.0182 0.0059 -0.9998
vn 0.0839 0.0059 -0.9965
vn 0.0182 0.0034 -0.9998
vn 0.0839 0.0059 -0.9965
vn 0.0840 0.0034 -0.9965
vn 0.0840 0.0034 -0.9965
vn 0.0839 0.0059 -0.9965
vn 0.1787 0.0057 -0.9839
vn 0.0840 0.0034 -0.9965
vn 0.1787 0.0057 -0.9839
vn 0.1789 0.0033 -0.9839
vn 0.1789 0.0033 -0.9839
vn 0.1787 0.0057 -0.9839
vn 0.3251 0.0052 -0.9457
vn 0.1789 0.0033 -0.9839
vn 0.3251 0.0052 -0.9457
vn 0.3254 0.0031 -0.9456
vn 0.3254 0.0031 -0.9456
vn 0.3251 0.0052 -0.9457
vn 0.5453 0.0043 -0.8382
vn 0.3254 0.0031 -0.9456
vn 0.5453 0.0043 -0.8382
vn 0.5457 0.0026 -0.8380
vn 0.5457 0.0026 -0.8380
vn 0.5453 0.0043 -0.8382
vn 0.8144 0.0027 -0.5803
vn 0.5457 0.0026 -0.8380
vn 0.8144 0.0027 -0.5803
vn 0.8147 0.0017 -0.5799
vn 0.8147 0.0017 -0.5799
vn 0.8144 0.0027 -0.5803
vn 0.9883 0.0008 -0.1524
vn 0.8147 0.0017 -0.5799
vn 0.9883 0.0008 -0.1524
vn 0.9884 0.0005 -0.1522
vn 0.9884 0.0005 -0.1522
vn 0.9883 0.0008 -0.1524
vn 1.0000 0.0003 -0.0000
vn 0.9884 0.0005 -0.1522
vn 1.0000 0.0003 -0.0000
vn 1.0000 0.0001 -0.0000
vn 1.0000 0.0003 -0.0000
vn 1.0000 0.0009 -0.0000
vn 0.9883 0.0035 0.1527
vn 1.0000 0.0003 -0.0000
vn 0.9883 0.0035 0.1527
vn 0.9883 0.0005 0.1523
vn 0.9883 0.0005 0.1523
vn 0.9883 0.0035 0.1527
vn 0.8134 0.0129 0.5815
vn 0.9883 0.0005 0.1523
vn 0.8134 0.0129 0.5815
vn 0.8144 0.0016 0.5803
vn 0.8144 0.0016 0.5803
vn 0.8134 0.0129 0.5815
vn 0.5439 0.0196 0.8389
vn 0.8144 0.0016 0.5803
vn 0.5439 0.0196 0.8389
vn 0.5454 0.0026 0.8382
vn 0.5454 0.0026 0.8382
vn 0.5439 0.0196 0.8389
vn 0.3241 0.0232 0.9458
vn 0.5454 0.0026 0.8382
vn 0.3241 0.0232 0.9458
vn 0.3251 0.0032 0.9457
vn 0.3251 0.0032 0.9457
vn 0.3241 0.0232 0.9458
vn 0.1781 0.0251 0.9837
vn 0.3251 0.0032 0.9457
vn 0.1781 0.0251 0.9837
vn 0.1788 0.0036 0.9839
vn 0.1788 0.0036 0.9839
vn 0.1781 0.0251 0.9837
vn 0.0836 0.0263 0.9962
vn 0.1788 0.0036 0.9839
vn 0.0836 0.0263 0.9962
vn 0.0839 0.0039 0.9965
vn 0.0839 0.0039 0.9965
vn 0.0836 0.0263 0.9962
vn 0.0182 0.0286 0.9994
vn 0.0839 0.0039 0.9965
vn 0.0182 0.0286 0.9994
vn 0.0182 0.0044 0.9998
vn 0.0182 0.0044 0.9998
vn 0.0182 0.0286 0.9994
vn 0.0000 0.0257 0.9997
vn 0.0182 0.0044 0.9998
vn 0.0000 0.0257 0.9997
vn 0.0000 0.0038 1.0000
vn 0.0000 0.0038 1.0000
vn 0.0000 0.0257 0.9997
vn -0.0181 0.0227 0.9996
vn 0.0000 0.0038 1.0000
vn -0.0181 0.0227 0.9996
vn -0.0182 0.0031 0.9998
vn -0.0182 0.0031 0.9998
vn -0.0181 0.0227 0.9996
vn -0.0835 0.0239 0.9962
vn -0.0182 0.0031 0.9998
vn -0.0835 0.0239 0.9962
vn -0.0839 0.0034 0.9965
vn -0.0839 0.0034 0.9965
vn -0.0835 0.0239 0.9962
vn -0.1780 0.0230 0.9838
vn -0.0839 0.0034 0.9965
vn -0.1780 0.0230 0.9838
vn -0.1787 0.0031 0.9839
vn -0.1787 0.0031 0.9839
vn -0.1780 0.0230 0.9838
vn -0.3239 0.0211 0.9459
vn -0.1787 0.0031 0.9839
vn -0.3239 0.0211 0.9459
vn -0.3251 0.0027 0.9457
vn -0.3251 0.0027 0.9457
vn -0.3239 0.0211 0.9459
vn -0.5437 0.0174 0.8391
vn -0.3251 0.0027 0.9457
vn -0.5437 0.0174 0.8391
vn -0.5453 0.0021 0.8382
vn -0.5453 0.0021 0.8382
vn -0.5437 0.0174 0.8391
vn -0.8132 0.0109 0.5818
vn -0.5453 0.0021 0.8382
vn -0.8132 0.0109 0.5818
vn -0.8144 0.0012 0.5804
vn -0.8144 0.0012 0.5804
vn -0.8132 0.0109 0.5818
vn -0.9882 0.0027 0.1530
vn -0.8144 0.0012 0.5804
vn -0.9882 0.0027 0.1530
vn -0.9883 0.0003 0.1524
vn -0.9883 0.0003 0.1524
vn -0.9882 0.0027 0.1530
vn -1.0000 0.0006 0.0000
vn -0.9883 0.0003 0.1524
vn -1.0000 0.0006 0.0000
vn -1.0000 0.0003 0.0000
vn -1.0000 0.0003 0.0000
vn -1.0000 0.0006 0.0000
vn -0.9883 0.0008 -0.1527
vn -1.0000 0.0003 0.0000
vn -0.9883 0.0008 -0.1527
vn -0.9883 0.0008 -0.1523
vn -0.9883 0.0008 -0.1523
vn -0.9883 0.0008 -0.1527
vn -0.8135 0.0030 -0.5816
vn -0.9883 0.0008 -0.1523
vn -0.8135 0.0030 -0.5816
vn -0.8144 0.0029 -0.5803
vn -0.8144 0.0029 -0.5803
vn -0.8135 0.0030 -0.5816
vn -0.5440 0.0057 -0.8390
vn -0.8144 0.0029 -0.5803
vn -0.5440 0.0057 -0.8390
vn -0.5454 0.0045 -0.8382
vn -0.5454 0.0045 -0.8382
vn -0.5440 0.0057 -0.8390
vn -0.3241 0.0077 -0.9460
vn -0.5454 0.0045 -0.8382
vn -0.3241 0.0077 -0.9460
vn -0.3251 0.0054 -0.9457
vn -0.3251 0.0054 -0.9457
vn -0.3241 0.0077 -0.9460
vn -0.1782 0.0090 -0.9840
vn -0.3251 0.0054 -0.9457
vn -0.1782 0.0090 -0.9840
vn -0.1788 0.0059 -0.9839
vn -0.1788 0.0059 -0.9839
vn -0.1782 0.0090 -0.9840
vn -0.0837 0.0098 -0.9964
vn -0.1788 0.0059 -0.9839
vn -0.0837 0.0098 -0.9964
vn -0.0839 0.0062 -0.9965
vn -0.0839 0.0062 -0.9965
vn -0.0837 0.0098 -0.9964
vn -0.0182 0.0105 -0.9998
vn -0.0839 0.0062 -0.9965
vn -0.0182 0.0105 -0.9998
vn -0.0182 0.0065 -0.9998
vn -0.0182 0.0065 -0.9998
vn -0.0182 0.0105 -0.9998
vn -0.0000 0.0102 -0.9999
vn -0.0182 0.0065 -0.9998
vn -0.0000 0.0102 -0.9999
vn -0.0000 0.0062 -1.0000
vn -0.0000 0.0062 -1.0000
vn -0.0000 0.0102 -0.9999
vn 0.0181 0.0097 -0.9998
vn -0.0000 0.0062 -1.0000
vn 0.0181 0.0097 -0.9998
vn 0.0182 0.0059 -0.9998
vn 0.0182 0.0059 -0.9998
vn 0.0181 0.0097 -0.9998
vn 0.0836 0.0094 -0.9965
vn 0.0182 0.0059 -0.9998
vn 0.0836 0.0094 -0.9965
vn 0.0839 0.0059 -0.9965
vn 0.0839 0.0059 -0.9965
vn 0.0836 0.0094 -0.9965
vn 0.1780 0.0085 -0.9840
vn 0.0839 0.0059 -0.9965
vn 0.1780 0.0085 -0.9840
vn 0.1787 0.0057 -0.9839
vn 0.1787 0.0057 -0.9839
vn 0.1780 0.0085 -0.9840
vn 0.3239 0.0071 -0.9461
vn 0.1787 0.0057 -0.9839
vn 0.3239 0.0071 -0.9461
vn 0.3251 0.0052 -0.9457
vn 0.3251 0.0052 -0.9457
vn 0.3239 0.0071 -0.9461
vn 0.5438 0.0052 -0.8392
vn 0.3251 0.0052 -0.9457
vn 0.5438 0.0052 -0.8392
vn 0.5453 0.0043 -0.8382
vn 0.5453 0.0043 -0.8382
vn 0.5438 0.0052 -0.8392
vn 0.8133 0.0026 -0.5819
vn 0.5453 0.0043 -0.8382
vn 0.8133 0.0026 -0.5819
vn 0.8144 0.0027 -0.5803
vn 0.8144 0.0027 -0.5803
vn 0.8133 0.0026 -0.5819
vn 0.9882 0.0007 -0.1530
vn 0.8144 0.0027 -0.5803
vn 0.9882 0.0007 -0.1530
vn 0.9883 0.0008 -0.1524
vn 0.9883 0.0008 -0.1524
vn 0.9882 0.0007 -0.1530
vn 1.0000 0.0009 -0.0000
vn 0.9883 0.0008 -0.1524
vn 1.0000 0.0009 -0.0000
vn 1.0000 0.0003 -0.0000
vn 1.0000 0.0009 -0.0000
vn 1.0000 0.0018 -0.0000
vn 0.9880 0.0075 0.1540
vn 1.0000 0.0009 -0.0000
vn 0.9880 0.0075 0.1540
vn 0.9883 0.0035 0.1527
vn 0.9883 0.0035 0.1527
vn 0.9880 0.0075 0.1540
vn 0.8106 0.0276 0.5850
vn 0.9883 0.0035 0.1527
vn 0.8106 0.0276 0.5850
vn 0.8134 0.0129 0.5815
vn 0.8134 0.0129 0.5815
vn 0.8106 0.0276 0.5850
vn 0.5399 0.0420 0.8407
vn 0.8134 0.0129 0.5815
vn 0.5399 0.0420 0.8407
vn 0.5439 0.0196 0.8389
vn 0.5439 0.0196 0.8389
vn 0.5399 0.0420 0.8407
vn 0.3210 0.0496 0.9458
vn 0.5439 0.0196 0.8389
vn 0.3210 0.0496 0.9458
vn 0.3241 0.0232 0.9458
vn 0.3241 0.0232 0.9458
vn 0.3210 0.0496 0.9458
vn 0.1763 0.0536 0.9829
vn 0.3241 0.0232 0.9458
vn 0.1763 0.0536 0.9829
vn 0.1781 0.0251 0.9837
vn 0.1781 0.0251 0.9837
vn 0.1763 0.0536 0.9829
vn 0.0828 0.0558 0.9950
vn 0.1781 0.0251 0.9837
vn 0.0828 0.0558 0.9950
vn 0.0836 0.0263 0.9962
vn 0.0836 0.0263 0.9962
vn 0.0828 0.0558 0.9950
vn 0.0180 0.0581 0.9982
vn 0.0836 0.0263 0.9962
vn 0.0180 0.0581 0.9982
vn 0.0182 0.0286 0.9994
vn 0.0182 0.0286 0.9994
vn 0.0180 0.0581 0.9982
vn 0.0000 0.0563 0.9984
vn 0.0182 0.0286 0.9994
vn 0.0000 0.0563 0.9984
vn 0.0000 0.0257 0.9997
vn 0.0000 0.0257 0.9997
vn 0.0000 0.0563 0.9984
vn -0.0179 0.0541 0.9984
vn 0.0000 0.0257 0.9997
vn -0.0179 0.0541 0.9984
vn -0.0181 0.0227 0.9996
vn -0.0181 0.0227 0.9996
vn -0.0179 0.0541 0.9984
vn -0.0826 0.0542 0.9951
vn -0.0181 0.0227 0.9996
vn -0.0826 0.0542 0.9951
vn -0.0835 0.0239 0.9962
vn -0.0835 0.0239 0.9962
vn -0.0826 0.0542 0.9951
vn -0.1760 0.0522 0.9830
vn -0.0835 0.0239 0.9962
vn -0.1760 0.0522 0.9830
vn -0.1780 0.0230 0.9838
vn -0.1780 0.0230 0.9838
vn -0.1760 0.0522 0.9830
vn -0.3206 0.0482 0.9460
vn -0.1780 0.0230 0.9838
vn -0.3206 0.0482 0.9460
vn -0.3239 0.0211 0.9459
vn -0.3239 0.0211 0.9459
vn -0.3206 0.0482 0.9460
vn -0.5394 0.0405 0.8410
vn -0.3239 0.0211 0.9459
vn -0.5394 0.0405 0.8410
vn -0.5437 0.0174 0.8391
vn -0.5437 0.0174 0.8391
vn -0.5394 0.0405 0.8410
vn -0.8102 0.0263 0.5856
vn -0.5437 0.0174 0.8391
vn -0.8102 0.0263 0.5856
vn -0.8132 0.0109 0.5818
vn -0.8132 0.0109 0.5818
vn -0.8102 0.0263 0.5856
vn -0.9879 0.0071 0.1547
vn -0.8132 0.0109 0.5818
vn -0.9879 0.0071 0.1547
vn -0.9882 0.0027 0.1530
vn -0.9882 0.0027 0.1530
vn -0.9879 0.0071 0.1547
vn -1.0000 0.0017 0.0000
vn -0.9882 0.0027 0.1530
vn -1.0000 0.0017 0.0000
vn -1.0000 0.0006 0.0000
vn -1.0000 0.0006 0.0000
vn -1.0000 0.0017 0.0000
vn -0.9881 0.0010 -0.1540
vn -1.0000 0.0006 0.0000
vn -0.9881 0.0010 -0.1540
vn -0.9883 0.0008 -0.1527
vn -0.9883 0.0008 -0.1527
vn -0.9881 0.0010 -0.1540
vn -0.8109 0.0034 -0.5852
vn -0.9883 0.0008 -0.1527
vn -0.8109 0.0034 -0.5852
vn -0.8135 0.0030 -0.5816
vn -0.8135 0.0030 -0.5816
vn -0.8109 0.0034 -0.5852
vn -0.5404 0.0074 -0.8414
vn -0.8135 0.0030 -0.5816
vn -0.5404 0.0074 -0.8414
vn -0.5440 0.0057 -0.8390
vn -0.5440 0.0057 -0.8390
vn -0.5404 0.0074 -0.8414
vn -0.3214 0.0108 -0.9469
vn -0.5440 0.0057 -0.8390
vn -0.3214 0.0108 -0.9469
vn -0.3241 0.0077 -0.9460
vn -0.3241 0.0077 -0.9460
vn -0.3214 0.0108 -0.9469
vn -0.1765 0.0133 -0.9842
vn -0.3241 0.0077 -0.9460
vn -0.1765 0.0133 -0.9842
vn -0.1782 0.0090 -0.9840
vn -0.1782 0.0090 -0.9840
vn -0.1765 0.0133 -0.9842
vn -0.0829 0.0149 -0.9964
vn -0.1782 0.0090 -0.9840
vn -0.0829 0.0149 -0.9964
vn -0.0837 0.0098 -0.9964
vn -0.0837 0.0098 -0.9964
vn -0.0829 0.0149 -0.9964
vn -0.0180 0.0161 -0.9997
vn -0.0837 0.0098 -0.9964
vn -0.0180 0.0161 -0.9997
vn -0.0182 0.0105 -0.9998
vn -0.0182 0.0105 -0.9998
vn -0.0180 0.0161 -0.9997
vn -0.0000 0.0158 -0.9999
vn -0.0182 0.0105 -0.9998
vn -0.0000 0.0158 -0.9999
vn -0.0000 0.0102 -0.9999
vn -0.0000 0.0102 -0.9999
vn -0.0000 0.0158 -0.9999
vn 0.0179 0.0150 -0.9997
vn -0.0000 0.0102 -0.9999
vn 0.0179 0.0150 -0.9997
vn 0.0181 0.0097 -0.9998
vn 0.0181 0.0097 -0.9998
vn 0.0179 0.0150 -0.9997
vn 0.0827 0.0144 -0.9965
vn 0.0181 0.0097 -0.9998
vn 0.0827 0.0144 -0.9965
vn 0.0836 0.0094 -0.9965
vn 0.0836 0.0094 -0.9965
vn 0.0827 0.0144 -0.9965
vn 0.1763 0.0127 -0.9843
vn 0.0836 0.0094 -0.9965
vn 0.1763 0.0127 -0.9843
vn 0.1780 0.0085 -0.9840
vn 0.1780 0.0085 -0.9840
vn 0.1763 0.0127 -0.9843
vn 0.3210 0.0103 -0.9470
vn 0.1780 0.0085 -0.9840
vn 0.3210 0.0103 -0.9470
vn 0.3239 0.0071 -0.9461
vn 0.3239 0.0071 -0.9461
vn 0.3210 0.0103 -0.9470
vn 0.5399 0.0069 -0.8417
vn 0.3239 0.0071 -0.9461
vn 0.5399 0.0069 -0.8417
vn 0.5438 0.0052 -0.8392
vn 0.5438 0.0052 -0.8392
vn 0.5399 0.0069 -0.8417
vn 0.8104 0.0030 -0.5858
vn 0.5438 0.0052 -0.8392
vn 0.8104 0.0030 -0.5858
vn 0.8133 0.0026 -0.5819
vn 0.8133 0.0026 -0.5819
vn 0.8104 0.0030 -0.5858
vn 0.9880 0.0010 -0.1547
vn 0.8133 0.0026 -0.5819
vn 0.9880 0.0010 -0.1547
vn 0.9882 0.0007 -0.1530
vn 0.9882 0.0007 -0.1530
vn 0.9880 0.0010 -0.1547
vn 1.0000 0.0018 -0.0000
vn 0.9882 0.0007 -0.1530
vn 1.0000 0.0018 -0.0000
vn 1.0000 0.0009 -0.0000
vn 1.0000 0.0018 -0.0000
vn 1.0000 0.0037 -0.0000
vn 0.9876 0.0114 0.1563
vn 1.0000 0.0018 -0.0000
vn 0.9876 0.0114 0.1563
vn 0.9880 0.0075 0.1540
vn 0.9880 0.0075 0.1540
vn 0.9876 0.0114 0.1563
vn 0.8059 0.0391 0.5907
vn 0.9880 0.0075 0.1540
vn 0.8059 0.0391 0.5907
vn 0.8106 0.0276 0.5850
vn 0.8106 0.0276 0.5850
vn 0.8059 0.0391 0.5907
vn 0.5335 0.0587 0.8437
vn 0.8106 0.0276 0.5850
vn 0.5335 0.0587 0.8437
vn 0.5399 0.0420 0.8407
vn 0.5399 0.0420 0.8407
vn 0.5335 0.0587 0.8437
vn 0.3162 0.0690 0.9462
vn 0.5399 0.0420 0.8407
vn 0.3162 0.0690 0.9462
vn 0.3210 0.0496 0.9458
vn 0.3210 0.0496 0.9458
vn 0.3162 0.0690 0.9462
vn 0.1734 0.0743 0.9820
vn 0.3210 0.0496 0.9458
vn 0.1734 0.0743 0.9820
vn 0.1763 0.0536 0.9829
vn 0.1763 0.0536 0.9829
vn 0.1734 0.0743 0.9820
vn 0.0814 0.0773 0.9937
vn 0.1763 0.0536 0.9829
vn 0.0814 0.0773 0.9937
vn 0.0828 0.0558 0.9950
vn 0.0828 0.0558 0.9950
vn 0.0814 0.0773 0.9937
vn 0.0177 0.0797 0.9967
vn 0.0828 0.0558 0.9950
vn 0.0177 0.0797 0.9967
vn 0.0180 0.0581 0.9982
vn 0.0180 0.0581 0.9982
vn 0.0177 0.0797 0.9967
vn 0.0000 0.0784 0.9969
vn 0.0180 0.0581 0.9982
vn 0.0000 0.0784 0.9969
vn 0.0000 0.0563 0.9984
vn 0.0000 0.0563 0.9984
vn 0.0000 0.0784 0.9969
vn -0.0176 0.0765 0.9969
vn 0.0000 0.0563 0.9984
vn -0.0176 0.0765 0.9969
vn -0.0179 0.0541 0.9984
vn -0.0179 0.0541 0.9984
vn -0.0176 0.0765 0.9969
vn -0.0811 0.0760 0.9938
vn -0.0179 0.0541 0.9984
vn -0.0811 0.0760 0.9938
vn -0.0826 0.0542 0.9951
vn -0.0826 0.0542 0.9951
vn -0.0811 0.0760 0.9938
vn -0.1731 0.0732 0.9822
vn -0.0826 0.0542 0.9951
vn -0.1731 0.0732 0.9822
vn -0.1760 0.0522 0.9830
vn -0.1760 0.0522 0.9830
vn -0.1731 0.0732 0.9822
vn -0.3156 0.0679 0.9464
vn -0.1760 0.0522 0.9830
vn -0.3156 0.0679 0.9464
vn -0.3206 0.0482 0.9460
vn -0.3206 0.0482 0.9460
vn -0.3156 0.0679 0.9464
vn -0.5328 0.0576 0.8443
vn -0.3206 0.0482 0.9460
vn -0.5328 0.0576 0.8443
vn -0.5394 0.0405 0.8410
vn -0.5394 0.0405 0.8410
vn -0.5328 0.0576 0.8443
vn -0.8053 0.0382 0.5916
vn -0.5394 0.0405 0.8410
vn -0.8053 0.0382 0.5916
vn -0.8102 0.0263 0.5856
vn -0.8102 0.0263 0.5856
vn -0.8053 0.0382 0.5916
vn -0.9875 0.0113 0.1572
vn -0.8102 0.0263 0.5856
vn -0.9875 0.0113 0.1572
vn -0.9879 0.0071 0.1547
vn -0.9879 0.0071 0.1547
vn -0.9875 0.0113 0.1572
vn -1.0000 0.0036 0.0000
vn -0.9879 0.0071 0.1547
vn -1.0000 0.0036 0.0000
vn -1.0000 0.0017 0.0000
vn -1.0000 0.0017 0.0000
vn -1.0000 0.0036 0.0000
vn -0.9877 0.0026 -0.1563
vn -1.0000 0.0017 0.0000
vn -0.9877 0.0026 -0.1563
vn -0.9881 0.0010 -0.1540
vn -0.9881 0.0010 -0.1540
vn -0.9877 0.0026 -0.1563
vn -0.8065 0.0063 -0.5912
vn -0.9881 0.0010 -0.1540
vn -0.8065 0.0063 -0.5912
vn -0.8109 0.0034 -0.5852
vn -0.8109 0.0034 -0.5852
vn -0.8065 0.0063 -0.5912
vn -0.5344 0.0119 -0.8451
vn -0.8109 0.0034 -0.5852
vn -0.5344 0.0119 -0.8451
vn -0.5404 0.0074 -0.8414
vn -0.5404 0.0074 -0.8414
vn -0.5344 0.0119 -0.8451
vn -0.3169 0.0166 -0.9483
vn -0.5404 0.0074 -0.8414
vn -0.3169 0.0166 -0.9483
vn -0.3214 0.0108 -0.9469
vn -0.3214 0.0108 -0.9469
vn -0.3169 0.0166 -0.9483
vn -0.1739 0.0200 -0.9846
vn -0.3214 0.0108 -0.9469
vn -0.1739 0.0200 -0.9846
vn -0.1765 0.0133 -0.9842
vn -0.1765 0.0133 -0.9842
vn -0.1739 0.0200 -0.9846
vn -0.0816 0.0222 -0.9964
vn -0.1765 0.0133 -0.9842
vn -0.0816 0.0222 -0.9964
vn -0.0829 0.0149 -0.9964
vn -0.0829 0.0149 -0.9964
vn -0.0816 0.0222 -0.9964
vn -0.0177 0.0239 -0.9996
vn -0.0829 0.0149 -0.9964
vn -0.0177 0.0239 -0.9996
vn -0.0180 0.0161 -0.9997
vn -0.0180 0.0161 -0.9997
vn -0.0177 0.0239 -0.9996
vn -0.0000 0.0235 -0.9997
vn -0.0180 0.0161 -0.9997
vn -0.0000 0.0235 -0.9997
vn -0.0000 0.0158 -0.9999
vn -0.0000 0.0158 -0.9999
vn -0.0000 0.0235 -0.9997
vn 0.0176 0.0225 -0.9996
vn -0.0000 0.0158 -0.9999
vn 0.0176 0.0225 -0.9996
vn 0.0179 0.0150 -0.9997
vn 0.0179 0.0150 -0.9997
vn 0.0176 0.0225 -0.9996
vn 0.0813 0.0216 -0.9965
vn 0.0179 0.0150 -0.9997
vn 0.0813 0.0216 -0.9965
vn 0.0827 0.0144 -0.9965
vn 0.0827 0.0144 -0.9965
vn 0.0813 0.0216 -0.9965
vn 0.1735 0.0194 -0.9846
vn 0.0827 0.0144 -0.9965
vn 0.1735 0.0194 -0.9846
vn 0.1763 0.0127 -0.9843
vn 0.1763 0.0127 -0.9843
vn 0.1735 0.0194 -0.9846
vn 0.3163 0.0160 -0.9485
vn 0.1763 0.0127 -0.9843
vn 0.3163 0.0160 -0.9485
vn 0.3210 0.0103 -0.9470
vn 0.3210 0.0103 -0.9470
vn 0.3163 0.0160 -0.9485
vn 0.5337 0.0113 -0.8456
vn 0.3210 0.0103 -0.9470
vn 0.5337 0.0113 -0.8456
vn 0.5399 0.0069 -0.8417
vn 0.5399 0.0069 -0.8417
vn 0.5337 0.0113 -0.8456
vn 0.8059 0.0058 -0.5921
vn 0.5399 0.0069 -0.8417
vn 0.8059 0.0058 -0.5921
vn 0.8104 0.0030 -0.5858
vn 0.8104 0.0030 -0.5858
vn 0.8059 0.0058 -0.5921
vn 0.9876 0.0028 -0.1572
vn 0.8104 0.0030 -0.5858
vn 0.9876 0.0028 -0.1572
vn 0.9880 0.0010 -0.1547
vn 0.9880 0.0010 -0.1547
vn 0.9876 0.0028 -0.1572
vn 1.0000 0.0037 -0.0000
vn 0.9880 0.0010 -0.1547
vn 1.0000 0.0037 -0.0000
vn 1.0000 0.0018 -0.0000
vn 1.0000 0.0037 -0.0000
vn 1.0000 0.0071 -0.0000
vn 0.9871 0.0164 0.1594
vn 1.0000 0.0037 -0.0000
vn 0.9871 0.0164 0.1594
vn 0.9876 0.0114 0.1563
vn 0.9876 0.0114 0.1563
vn 0.9871 0.0164 0.1594
vn 0.7996 0.0501 0.5985
vn 0.9876 0.0114 0.1563
vn 0.7996 0.0501 0.5985
vn 0.8059 0.0391 0.5907
vn 0.8059 0.0391 0.5907
vn 0.7996 0.0501 0.5985
vn 0.5250 0.0733 0.8479
vn 0.8059 0.0391 0.5907
vn 0.5250 0.0733 0.8479
vn 0.5335 0.0587 0.8437
vn 0.5335 0.0587 0.8437
vn 0.5250 0.0733 0.8479
vn 0.3098 0.0854 0.9469
vn 0.5335 0.0587 0.8437
vn 0.3098 0.0854 0.9469
vn 0.3162 0.0690 0.9462
vn 0.3162 0.0690 0.9462
vn 0.3098 0.0854 0.9469
vn 0.1697 0.0916 0.9812
vn 0.3162 0.0690 0.9462
vn 0.1697 0.0916 0.9812
vn 0.1734 0.0743 0.9820
vn 0.1734 0.0743 0.9820
vn 0.1697 0.0916 0.9812
vn 0.0796 0.0950 0.9923
vn 0.1734 0.0743 0.9820
vn 0.0796 0.0950 0.9923
vn 0.0814 0.0773 0.9937
vn 0.0814 0.0773 0.9937
vn 0.0796 0.0950 0.9923
vn 0.0173 0.0976 0.9951
vn 0.0814 0.0773 0.9937
vn 0.0173 0.0976 0.9951
vn 0.0177 0.0797 0.9967
vn 0.0177 0.0797 0.9967
vn 0.0173 0.0976 0.9951
vn 0.0000 0.0966 0.9953
vn 0.0177 0.0797 0.9967
vn 0.0000 0.0966 0.9953
vn 0.0000 0.0784 0.9969
vn 0.0000 0.0784 0.9969
vn 0.0000 0.0966 0.9953
vn -0.0172 0.0948 0.9953
vn 0.0000 0.0784 0.9969
vn -0.0172 0.0948 0.9953
vn -0.0176 0.0765 0.9969
vn -0.0176 0.0765 0.9969
vn -0.0172 0.0948 0.9953
vn -0.0793 0.0939 0.9924
vn -0.0176 0.0765 0.9969
vn -0.0793 0.0939 0.9924
vn -0.0811 0.0760 0.9938
vn -0.0811 0.0760 0.9938
vn -0.0793 0.0939 0.9924
vn -0.1692 0.0906 0.9814
vn -0.0811 0.0760 0.9938
vn -0.1692 0.0906 0.9814
vn -0.1731 0.0732 0.9822
vn -0.1731 0.0732 0.9822
vn -0.1692 0.0906 0.9814
vn -0.3091 0.0844 0.9473
vn -0.1731 0.0732 0.9822
vn -0.3091 0.0844 0.9473
vn -0.3156 0.0679 0.9464
vn -0.3156 0.0679 0.9464
vn -0.3091 0.0844 0.9473
vn -0.5241 0.0724 0.8486
vn -0.3156 0.0679 0.9464
vn -0.5241 0.0724 0.8486
vn -0.5328 0.0576 0.8443
vn -0.5328 0.0576 0.8443
vn -0.5241 0.0724 0.8486
vn -0.7987 0.0494 0.5997
vn -0.5328 0.0576 0.8443
vn -0.7987 0.0494 0.5997
vn -0.8053 0.0382 0.5916
vn -0.8053 0.0382 0.5916
vn -0.7987 0.0494 0.5997
vn -0.9869 0.0167 0.1607
vn -0.8053 0.0382 0.5916
vn -0.9869 0.0167 0.1607
vn -0.9875 0.0113 0.1572
vn -0.9875 0.0113 0.1572
vn -0.9869 0.0167 0.1607
vn -1.0000 0.0071 0.0000
vn -0.9875 0.0113 0.1572
vn -1.0000 0.0071 0.0000
vn -1.0000 0.0036 0.0000
vn -1.0000 0.0036 0.0000
vn -1.0000 0.0071 0.0000
vn -0.9872 0.0062 -0.1594
vn -1.0000 0.0036 0.0000
vn -0.9872 0.0062 -0.1594
vn -0.9877 0.0026 -0.1563
vn -0.9877 0.0026 -0.1563
vn -0.9872 0.0062 -0.1594
vn -0.8005 0.0121 -0.5992
vn -0.9877 0.0026 -0.1563
vn -0.8005 0.0121 -0.5992
vn -0.8065 0.0063 -0.5912
vn -0.8065 0.0063 -0.5912
vn -0.8005 0.0121 -0.5992
vn -0.5263 0.0196 -0.8500
vn -0.8065 0.0063 -0.5912
vn -0.5263 0.0196 -0.8500
vn -0.5344 0.0119 -0.8451
vn -0.5344 0.0119 -0.8451
vn -0.5263 0.0196 -0.8500
vn -0.3109 0.0254 -0.9501
vn -0.5344 0.0119 -0.8451
vn -0.3109 0.0254 -0.9501
vn -0.3169 0.0166 -0.9483
vn -0.3169 0.0166 -0.9483
vn -0.3109 0.0254 -0.9501
vn -0.1703 0.0294 -0.9849
vn -0.3169 0.0166 -0.9483
vn -0.1703 0.0294 -0.9849
vn -0.1739 0.0200 -0.9846
vn -0.1739 0.0200 -0.9846
vn -0.1703 0.0294 -0.9849
vn -0.0799 0.0322 -0.9963
vn -0.1739 0.0200 -0.9846
vn -0.0799 0.0322 -0.9963
vn -0.0816 0.0222 -0.9964
vn -0.0816 0.0222 -0.9964
vn -0.0799 0.0322 -0.9963
vn -0.0174 0.0343 -0.9993
vn -0.0816 0.0222 -0.9964
vn -0.0174 0.0343 -0.9993
vn -0.0177 0.0239 -0.9996
vn -0.0177 0.0239 -0.9996
vn -0.0174 0.0343 -0.9993
vn -0.0000 0.0337 -0.9994
vn -0.0177 0.0239 -0.9996
vn -0.0000 0.0337 -0.9994
vn -0.0000 0.0235 -0.9997
vn -0.0000 0.0235 -0.9997
vn -0.0000 0.0337 -0.9994
vn 0.0172 0.0324 -0.9993
vn -0.0000 0.0235 -0.9997
vn 0.0172 0.0324 -0.9993
vn 0.0176 0.0225 -0.9996
vn 0.0176 0.0225 -0.9996
vn 0.0172 0.0324 -0.9993
vn 0.0796 0.0314 -0.9963
vn 0.0176 0.0225 -0.9996
vn 0.0796 0.0314 -0.9963
vn 0.0813 0.0216 -0.9965
vn 0.0813 0.0216 -0.9965
vn 0.0796 0.0314 -0.9963
vn 0.1698 0.0287 -0.9851
vn 0.0813 0.0216 -0.9965
vn 0.1698 0.0287 -0.9851
vn 0.1735 0.0194 -0.9846
vn 0.1735 0.0194 -0.9846
vn 0.1698 0.0287 -0.9851
vn 0.3102 0.0247 -0.9504
vn 0.1735 0.0194 -0.9846
vn 0.3102 0.0247 -0.9504
vn 0.3163 0.0160 -0.9485
vn 0.3163 0.0160 -0.9485
vn 0.3102 0.0247 -0.9504
vn 0.5254 0.0189 -0.8507
vn 0.3163 0.0160 -0.9485
vn 0.5254 0.0189 -0.8507
vn 0.5337 0.0113 -0.8456
vn 0.5337 0.0113 -0.8456
vn 0.5254 0.0189 -0.8507
vn 0.7996 0.0116 -0.6004
vn 0.5337 0.0113 -0.8456
vn 0.7996 0.0116 -0.6004
vn 0.8059 0.0058 -0.5921
vn 0.8059 0.0058 -0.5921
vn 0.7996 0.0116 -0.6004
vn 0.9870 0.0066 -0.1607
vn 0.8059 0.0058 -0.5921
vn 0.9870 0.0066 -0.1607
vn 0.9876 0.0028 -0.1572
vn 0.9876 0.0028 -0.1572
vn 0.9870 0.0066 -0.1607
vn 1.0000 0.0071 -0.0000
vn 0.9876 0.0028 -0.1572
vn 1.0000 0.0071 -0.0000
vn 1.0000 0.0037 -0.0000
vn 1.0000 0.0071 -0.0000
vn 0.9999 0.0134 -0.0000
vn 0.9863 0.0238 0.1634
vn 1.0000 0.0071 -0.0000
vn 0.9863 0.0238 0.1634
vn 0.9871 0.0164 0.1594
vn 0.9871 0.0164 0.1594
vn 0.9863 0.0238 0.1634
vn 0.7914 0.0622 0.6082
vn 0.9871 0.0164 0.1594
vn 0.7914 0.0622 0.6082
vn 0.7996 0.0501 0.5985
vn 0.7996 0.0501 0.5985
vn 0.7914 0.0622 0.6082
vn 0.5144 0.0875 0.8531
vn 0.7996 0.0501 0.5985
vn 0.5144 0.0875 0.8531
vn 0.5250 0.0733 0.8479
vn 0.5250 0.0733 0.8479
vn 0.5144 0.0875 0.8531
vn 0.3021 0.1004 0.9480
vn 0.5250 0.0733 0.8479
vn 0.3021 0.1004 0.9480
vn 0.3098 0.0854 0.9469
vn 0.3098 0.0854 0.9469
vn 0.3021 0.1004 0.9480
vn 0.1651 0.1070 0.9804
vn 0.3098 0.0854 0.9469
vn 0.1651 0.1070 0.9804
vn 0.1697 0.0916 0.9812
vn 0.1697 0.0916 0.9812
vn 0.1651 0.1070 0.9804
vn 0.0774 0.1107 0.9908
vn 0.1697 0.0916 0.9812
vn 0.0774 0.1107 0.9908
vn 0.0796 0.0950 0.9923
vn 0.0796 0.0950 0.9923
vn 0.0774 0.1107 0.9908
vn 0.0168 0.1134 0.9934
vn 0.0796 0.0950 0.9923
vn 0.0168 0.1134 0.9934
vn 0.0173 0.0976 0.9951
vn 0.0173 0.0976 0.9951
vn 0.0168 0.1134 0.9934
vn 0.0001 0.1125 0.9936
vn 0.0173 0.0976 0.9951
vn 0.0001 0.1125 0.9936
vn 0.0000 0.0966 0.9953
vn 0.0000 0.0966 0.9953
vn 0.0001 0.1125 0.9936
vn -0.0167 0.1109 0.9937
vn 0.0000 0.0966 0.9953
vn -0.0167 0.1109 0.9937
vn -0.0172 0.0948 0.9953
vn -0.0172 0.0948 0.9953
vn -0.0167 0.1109 0.9937
vn -0.0770 0.1098 0.9910
vn -0.0172 0.0948 0.9953
vn -0.0770 0.1098 0.9910
vn -0.0793 0.0939 0.9924
vn -0.0793 0.0939 0.9924
vn -0.0770 0.1098 0.9910
vn -0.1645 0.1062 0.9806
vn -0.0793 0.0939 0.9924
vn -0.1645 0.1062 0.9806
vn -0.1692 0.0906 0.9814
vn -0.1692 0.0906 0.9814
vn -0.1645 0.1062 0.9806
vn -0.3012 0.0996 0.9484
vn -0.1692 0.0906 0.9814
vn -0.3012 0.0996 0.9484
vn -0.3091 0.0844 0.9473
vn -0.3091 0.0844 0.9473
vn -0.3012 0.0996 0.9484
vn -0.5132 0.0868 0.8539
vn -0.3091 0.0844 0.9473
vn -0.5132 0.0868 0.8539
vn -0.5241 0.0724 0.8486
vn -0.5241 0.0724 0.8486
vn -0.5132 0.0868 0.8539
vn -0.7902 0.0618 0.6097
vn -0.5241 0.0724 0.8486
vn -0.7902 0.0618 0.6097
vn -0.7987 0.0494 0.5997
vn -0.7987 0.0494 0.5997
vn -0.7902 0.0618 0.6097
vn -0.9860 0.0248 0.1651
vn -0.7987 0.0494 0.5997
vn -0.9860 0.0248 0.1651
vn -0.9869 0.0167 0.1607
vn -0.9869 0.0167 0.1607
vn -0.9860 0.0248 0.1651
vn -0.9999 0.0134 0.0000
vn -0.9869 0.0167 0.1607
vn -0.9999 0.0134 0.0000
vn -1.0000 0.0071 0.0000
vn -1.0000 0.0071 0.0000
vn -0.9999 0.0134 0.0000
vn -0.9865 0.0130 -0.1635
vn -1.0000 0.0071 0.0000
vn -0.9865 0.0130 -0.1635
vn -0.9872 0.0062 -0.1594
vn -0.9872 0.0062 -0.1594
vn -0.9865 0.0130 -0.1635
vn -0.7927 0.0219 -0.6092
vn -0.9872 0.0062 -0.1594
vn -0.7927 0.0219 -0.6092
vn -0.8005 0.0121 -0.5992
vn -0.8005 0.0121 -0.5992
vn -0.7927 0.0219 -0.6092
vn -0.5161 0.0311 -0.8559
vn -0.8005 0.0121 -0.5992
vn -0.5161 0.0311 -0.8559
vn -0.5263 0.0196 -0.8500
vn -0.5263 0.0196 -0.8500
vn -0.5161 0.0311 -0.8559
vn -0.3034 0.0377 -0.9521
vn -0.5263 0.0196 -0.8500
vn -0.3034 0.0377 -0.9521
vn -0.3109 0.0254 -0.9501
vn -0.3109 0.0254 -0.9501
vn -0.3034 0.0377 -0.9521
vn -0.1659 0.0422 -0.9852
vn -0.3109 0.0254 -0.9501
vn -0.1659 0.0422 -0.9852
vn -0.1703 0.0294 -0.9849
vn -0.1703 0.0294 -0.9849
vn -0.1659 0.0422 -0.9852
vn -0.0778 0.0453 -0.9959
vn -0.1703 0.0294 -0.9849
vn -0.0778 0.0453 -0.9959
vn -0.0799 0.0322 -0.9963
vn -0.0799 0.0322 -0.9963
vn -0.0778 0.0453 -0.9959
vn -0.0169 0.0477 -0.9987
vn -0.0799 0.0322 -0.9963
vn -0.0169 0.0477 -0.9987
vn -0.0174 0.0343 -0.9993
vn -0.0174 0.0343 -0.9993
vn -0.0169 0.0477 -0.9987
vn -0.0001 0.0469 -0.9989
vn -0.0174 0.0343 -0.9993
vn -0.0001 0.0469 -0.9989
vn -0.0000 0.0337 -0.9994
vn -0.0000 0.0337 -0.9994
vn -0.0001 0.0469 -0.9989
vn 0.0167 0.0453 -0.9988
vn -0.0000 0.0337 -0.9994
vn 0.0167 0.0453 -0.9988
vn 0.0172 0.0324 -0.9993
vn 0.0172 0.0324 -0.9993
vn 0.0167 0.0453 -0.9988
vn 0.0774 0.0443 -0.9960
vn 0.0172 0.0324 -0.9993
vn 0.0774 0.0443 -0.9960
vn 0.0796 0.0314 -0.9963
vn 0.0796 0.0314 -0.9963
vn 0.0774 0.0443 -0.9960
vn 0.1653 0.0414 -0.9854
vn 0.0796 0.0314 -0.9963
vn 0.1653 0.0414 -0.9854
vn 0.1698 0.0287 -0.9851
vn 0.1698 0.0287 -0.9851
vn 0.1653 0.0414 -0.9854
vn 0.3025 0.0369 -0.9524
vn 0.1698 0.0287 -0.9851
vn 0.3025 0.0369 -0.9524
vn 0.3102 0.0247 -0.9504
vn 0.3102 0.0247 -0.9504
vn 0.3025 0.0369 -0.9524
vn 0.5149 0.0303 -0.8567
vn 0.3102 0.0247 -0.9504
vn 0.5149 0.0303 -0.8567
vn 0.5254 0.0189 -0.8507
vn 0.5254 0.0189 -0.8507
vn 0.5149 0.0303 -0.8567
vn 0.7915 0.0214 -0.6108
vn 0.5254 0.0189 -0.8507
vn 0.7915 0.0214 -0.6108
vn 0.7996 0.0116 -0.6004
vn 0.7996 0.0116 -0.6004
vn 0.7915 0.0214 -0.6108
vn 0.9862 0.0139 -0.1651
vn 0.7996 0.0116 -0.6004
vn 0.9862 0.0139 -0.1651
vn 0.9870 0.0066 -0.1607
vn 0.9870 0.0066 -0.1607
vn 0.9862 0.0139 -0.1651
vn 0.9999 0.0134 -0.0000
vn 0.9870 0.0066 -0.1607
vn 0.9999 0.0134 -0.0000
vn 1.0000 0.0071 -0.0000
vn 0.9999 0.0134 -0.0000
vn 0.9997 0.0246 -0.0001
vn 0.9851 0.0356 0.1684
vn 0.9999 0.0134 -0.0000
vn 0.9851 0.0356 0.1684
vn 0.9863 0.0238 0.1634
vn 0.9863 0.0238 0.1634
vn 0.9851 0.0356 0.1684
vn 0.7809 0.0770 0.6198
vn 0.9863 0.0238 0.1634
vn 0.7809 0.0770 0.6198
vn 0.7914 0.0622 0.6082
vn 0.7914 0.0622 0.6082
vn 0.7809 0.0770 0.6198
vn 0.5015 0.1026 0.8591
vn 0.7914 0.0622 0.6082
vn 0.5015 0.1026 0.8591
vn 0.5144 0.0875 0.8531
vn 0.5144 0.0875 0.8531
vn 0.5015 0.1026 0.8591
vn 0.2928 0.1151 0.9492
vn 0.5144 0.0875 0.8531
vn 0.2928 0.1151 0.9492
vn 0.3021 0.1004 0.9480
vn 0.3021 0.1004 0.9480
vn 0.2928 0.1151 0.9492
vn 0.1598 0.1215 0.9797
vn 0.3021 0.1004 0.9480
vn 0.1598 0.1215 0.9797
vn 0.1651 0.1070 0.9804
vn 0.1651 0.1070 0.9804
vn 0.1598 0.1215 0.9797
vn 0.0749 0.1251 0.9893
vn 0.1651 0.1070 0.9804
vn 0.0749 0.1251 0.9893
vn 0.0774 0.1107 0.9908
vn 0.0774 0.1107 0.9908
vn 0.0749 0.1251 0.9893
vn 0.0163 0.1277 0.9917
vn 0.0774 0.1107 0.9908
vn 0.0163 0.1277 0.9917
vn 0.0168 0.1134 0.9934
vn 0.0168 0.1134 0.9934
vn 0.0163 0.1277 0.9917
vn 0.0001 0.1270 0.9919
vn 0.0168 0.1134 0.9934
vn 0.0001 0.1270 0.9919
vn 0.0001 0.1125 0.9936
vn 0.0001 0.1125 0.9936
vn 0.0001 0.1270 0.9919
vn -0.0161 0.1255 0.9920
vn 0.0001 0.1125 0.9936
vn -0.0161 0.1255 0.9920
vn -0.0167 0.1109 0.9937
vn -0.0167 0.1109 0.9937
vn -0.0161 0.1255 0.9920
vn -0.0744 0.1243 0.9895
vn -0.0167 0.1109 0.9937
vn -0.0744 0.1243 0.9895
vn -0.0770 0.1098 0.9910
vn -0.0770 0.1098 0.9910
vn -0.0744 0.1243 0.9895
vn -0.1590 0.1208 0.9799
vn -0.0770 0.1098 0.9910
vn -0.1590 0.1208 0.9799
vn -0.1645 0.1062 0.9806
vn -0.1645 0.1062 0.9806
vn -0.1590 0.1208 0.9799
vn -0.2917 0.1144 0.9496
vn -0.1645 0.1062 0.9806
vn -0.2917 0.1144 0.9496
vn -0.3012 0.0996 0.9484
vn -0.3012 0.0996 0.9484
vn -0.2917 0.1144 0.9496
vn -0.5000 0.1021 0.8600
vn -0.3012 0.0996 0.9484
vn -0.5000 0.1021 0.8600
vn -0.5132 0.0868 0.8539
vn -0.5132 0.0868 0.8539
vn -0.5000 0.1021 0.8600
vn -0.7794 0.0770 0.6218
vn -0.5132 0.0868 0.8539
vn -0.7794 0.0770 0.6218
vn -0.7902 0.0618 0.6097
vn -0.7902 0.0618 0.6097
vn -0.7794 0.0770 0.6218
vn -0.9846 0.0377 0.1706
vn -0.7902 0.0618 0.6097
vn -0.9846 0.0377 0.1706
vn -0.9860 0.0248 0.1651
vn -0.9860 0.0248 0.1651
vn -0.9846 0.0377 0.1706
vn -0.9997 0.0247 0.0001
vn -0.9860 0.0248 0.1651
vn -0.9997 0.0247 0.0001
vn -0.9999 0.0134 0.0000
vn -0.9999 0.0134 0.0000
vn -0.9997 0.0247 0.0001
vn -0.9854 0.0248 -0.1685
vn -0.9999 0.0134 0.0000
vn -0.9854 0.0248 -0.1685
vn -0.9865 0.0130 -0.1635
vn -0.9865 0.0130 -0.1635
vn -0.9854 0.0248 -0.1685
vn -0.7827 0.0374 -0.6213
vn -0.9865 0.0130 -0.1635
vn -0.7827 0.0374 -0.6213
vn -0.7927 0.0219 -0.6092
vn -0.7927 0.0219 -0.6092
vn -0.7827 0.0374 -0.6213
vn -0.5036 0.0477 -0.8626
vn -0.7927 0.0219 -0.6092
vn -0.5036 0.0477 -0.8626
vn -0.5161 0.0311 -0.8559
vn -0.5161 0.0311 -0.8559
vn -0.5036 0.0477 -0.8626
vn -0.2944 0.0545 -0.9541
vn -0.5161 0.0311 -0.8559
vn -0.2944 0.0545 -0.9541
vn -0.3034 0.0377 -0.9521
vn -0.3034 0.0377 -0.9521
vn -0.2944 0.0545 -0.9541
vn -0.1607 0.0590 -0.9852
vn -0.3034 0.0377 -0.9521
vn -0.1607 0.0590 -0.9852
vn -0.1659 0.0422 -0.9852
vn -0.1659 0.0422 -0.9852
vn -0.1607 0.0590 -0.9852
vn -0.0753 0.0621 -0.9952
vn -0.1659 0.0422 -0.9852
vn -0.0753 0.0621 -0.9952
vn -0.0778 0.0453 -0.9959
vn -0.0778 0.0453 -0.9959
vn -0.0753 0.0621 -0.9952
vn -0.0164 0.0648 -0.9978
vn -0.0778 0.0453 -0.9959
vn -0.0164 0.0648 -0.9978
vn -0.0169 0.0477 -0.9987
vn -0.0169 0.0477 -0.9987
vn -0.0164 0.0648 -0.9978
vn -0.0001 0.0637 -0.9980
vn -0.0169 0.0477 -0.9987
vn -0.0001 0.0637 -0.9980
vn -0.0001 0.0469 -0.9989
vn -0.0001 0.0469 -0.9989
vn -0.0001 0.0637 -0.9980
vn 0.0162 0.0618 -0.9980
vn -0.0001 0.0469 -0.9989
vn 0.0162 0.0618 -0.9980
vn 0.0167 0.0453 -0.9988
vn 0.0167 0.0453 -0.9988
vn 0.0162 0.0618 -0.9980
vn 0.0748 0.0609 -0.9953
vn 0.0167 0.0453 -0.9988
vn 0.0748 0.0609 -0.9953
vn 0.0774 0.0443 -0.9960
vn 0.0774 0.0443 -0.9960
vn 0.0748 0.0609 -0.9953
vn 0.1599 0.0581 -0.9854
vn 0.0774 0.0443 -0.9960
vn 0.1599 0.0581 -0.9854
vn 0.1653 0.0414 -0.9854
vn 0.1653 0.0414 -0.9854
vn 0.1599 0.0581 -0.9854
vn 0.2932 0.0536 -0.9545
vn 0.1653 0.0414 -0.9854
vn 0.2932 0.0536 -0.9545
vn 0.3025 0.0369 -0.9524
vn 0.3025 0.0369 -0.9524
vn 0.2932 0.0536 -0.9545
vn 0.5020 0.0469 -0.8636
vn 0.3025 0.0369 -0.9524
vn 0.5020 0.0469 -0.8636
vn 0.5149 0.0303 -0.8567
vn 0.5149 0.0303 -0.8567
vn 0.5020 0.0469 -0.8636
vn 0.7812 0.0371 -0.6232
vn 0.5149 0.0303 -0.8567
vn 0.7812 0.0371 -0.6232
vn 0.7915 0.0214 -0.6108
vn 0.7915 0.0214 -0.6108
vn 0.7812 0.0371 -0.6232
vn 0.9850 0.0266 -0.1707
vn 0.7915 0.0214 -0.6108
vn 0.9850 0.0266 -0.1707
vn 0.9862 0.0139 -0.1651
vn 0.9862 0.0139 -0.1651
vn 0.9850 0.0266 -0.1707
vn 0.9997 0.0246 -0.0001
vn 0.9862 0.0139 -0.1651
vn 0.9997 0.0246 -0.0001
vn 0.9999 0.0134 -0.0000
vn 0.9997 0.0246 -0.0001
vn 0.9990 0.0443 -0.0001
vn 0.9831 0.0551 0.1745
vn 0.9997 0.0246 -0.0001
vn 0.9831 0.0551 0.1745
vn 0.9851 0.0356 0.1684
vn 0.9851 0.0356 0.1684
vn 0.9831 0.0551 0.1745
vn 0.7678 0.0972 0.6333
vn 0.9851 0.0356 0.1684
vn 0.7678 0.0972 0.6333
vn 0.7809 0.0770 0.6198
vn 0.7809 0.0770 0.6198
vn 0.7678 0.0972 0.6333
vn 0.4862 0.1200 0.8656
vn 0.7809 0.0770 0.6198
vn 0.4862 0.1200 0.8656
vn 0.5015 0.1026 0.8591
vn 0.5015 0.1026 0.8591
vn 0.4862 0.1200 0.8656
vn 0.2821 0.1303 0.9505
vn 0.5015 0.1026 0.8591
vn 0.2821 0.1303 0.9505
vn 0.2928 0.1151 0.9492
vn 0.2928 0.1151 0.9492
vn 0.2821 0.1303 0.9505
vn 0.1536 0.1356 0.9788
vn 0.2928 0.1151 0.9492
vn 0.1536 0.1356 0.9788
vn 0.1598 0.1215 0.9797
vn 0.1598 0.1215 0.9797
vn 0.1536 0.1356 0.9788
vn 0.0719 0.1387 0.9877
vn 0.1598 0.1215 0.9797
vn 0.0719 0.1387 0.9877
vn 0.0749 0.1251 0.9893
vn 0.0749 0.1251 0.9893
vn 0.0719 0.1387 0.9877
vn 0.0157 0.1410 0.9899
vn 0.0749 0.1251 0.9893
vn 0.0157 0.1410 0.9899
vn 0.0163 0.1277 0.9917
vn 0.0163 0.1277 0.9917
vn 0.0157 0.1410 0.9899
vn 0.0001 0.1403 0.9901
vn 0.0163 0.1277 0.9917
vn 0.0001 0.1403 0.9901
vn 0.0001 0.1270 0.9919
vn 0.0001 0.1270 0.9919
vn 0.0001 0.1403 0.9901
vn -0.0154 0.1389 0.9902
vn 0.0001 0.1270 0.9919
vn -0.0154 0.1389 0.9902
vn -0.0161 0.1255 0.9920
vn -0.0161 0.1255 0.9920
vn -0.0154 0.1389 0.9902
vn -0.0713 0.1380 0.9879
vn -0.0161 0.1255 0.9920
vn -0.0713 0.1380 0.9879
vn -0.0744 0.1243 0.9895
vn -0.0744 0.1243 0.9895
vn -0.0713 0.1380 0.9879
vn -0.1526 0.1350 0.9790
vn -0.0744 0.1243 0.9895
vn -0.1526 0.1350 0.9790
vn -0.1590 0.1208 0.9799
vn -0.1590 0.1208 0.9799
vn -0.1526 0.1350 0.9790
vn -0.2807 0.1299 0.9510
vn -0.1590 0.1208 0.9799
vn -0.2807 0.1299 0.9510
vn -0.2917 0.1144 0.9496
vn -0.2917 0.1144 0.9496
vn -0.2807 0.1299 0.9510
vn -0.4842 0.1198 0.8667
vn -0.2917 0.1144 0.9496
vn -0.4842 0.1198 0.8667
vn -0.5000 0.1021 0.8600
vn -0.5000 0.1021 0.8600
vn -0.4842 0.1198 0.8667
vn -0.7657 0.0977 0.6358
vn -0.5000 0.1021 0.8600
vn -0.7657 0.0977 0.6358
vn -0.7794 0.0770 0.6218
vn -0.7794 0.0770 0.6218
vn -0.7657 0.0977 0.6358
vn -0.9824 0.0590 0.1774
vn -0.7794 0.0770 0.6218
vn -0.9824 0.0590 0.1774
vn -0.9846 0.0377 0.1706
vn -0.9846 0.0377 0.1706
vn -0.9824 0.0590 0.1774
vn -0.9990 0.0444 0.0001
vn -0.9846 0.0377 0.1706
vn -0.9990 0.0444 0.0001
vn -0.9997 0.0247 0.0001
vn -0.9997 0.0247 0.0001
vn -0.9990 0.0444 0.0001
vn -0.9836 0.0453 -0.1746
vn -0.9997 0.0247 0.0001
vn -0.9836 0.0453 -0.1746
vn -0.9854 0.0248 -0.1685
vn -0.9854 0.0248 -0.1685
vn -0.9836 0.0453 -0.1746
vn -0.7700 0.0616 -0.6351
vn -0.9854 0.0248 -0.1685
vn -0.7700 0.0616 -0.6351
vn -0.7827 0.0374 -0.6213
vn -0.7827 0.0374 -0.6213
vn -0.7700 0.0616 -0.6351
vn -0.4885 0.0713 -0.8697
vn -0.7827 0.0374 -0.6213
vn -0.4885 0.0713 -0.8697
vn -0.5036 0.0477 -0.8626
vn -0.5036 0.0477 -0.8626
vn -0.4885 0.0713 -0.8697
vn -0.2837 0.0769 -0.9558
vn -0.5036 0.0477 -0.8626
vn -0.2837 0.0769 -0.9558
vn -0.2944 0.0545 -0.9541
vn -0.2944 0.0545 -0.9541
vn -0.2837 0.0769 -0.9558
vn -0.1545 0.0806 -0.9847
vn -0.2944 0.0545 -0.9541
vn -0.1545 0.0806 -0.9847
vn -0.1607 0.0590 -0.9852
vn -0.1607 0.0590 -0.9852
vn -0.1545 0.0806 -0.9847
vn -0.0724 0.0833 -0.9939
vn -0.1607 0.0590 -0.9852
vn -0.0724 0.0833 -0.9939
vn -0.0753 0.0621 -0.9952
vn -0.0753 0.0621 -0.9952
vn -0.0724 0.0833 -0.9939
vn -0.0158 0.0860 -0.9962
vn -0.0753 0.0621 -0.9952
vn -0.0158 0.0860 -0.9962
vn -0.0164 0.0648 -0.9978
vn -0.0164 0.0648 -0.9978
vn -0.0158 0.0860 -0.9962
vn -0.0001 0.0845 -0.9964
vn -0.0164 0.0648 -0.9978
vn -0.0001 0.0845 -0.9964
vn -0.0001 0.0637 -0.9980
vn -0.0001 0.0637 -0.9980
vn -0.0001 0.0845 -0.9964
vn 0.0155 0.0823 -0.9965
vn -0.0001 0.0637 -0.9980
vn 0.0155 0.0823 -0.9965
vn 0.0162 0.0618 -0.9980
vn 0.0162 0.0618 -0.9980
vn 0.0155 0.0823 -0.9965
vn 0.0718 0.0820 -0.9940
vn 0.0162 0.0618 -0.9980
vn 0.0718 0.0820 -0.9940
vn 0.0748 0.0609 -0.9953
vn 0.0748 0.0609 -0.9953
vn 0.0718 0.0820 -0.9940
vn 0.1536 0.0796 -0.9849
vn 0.0748 0.0609 -0.9953
vn 0.1536 0.0796 -0.9849
vn 0.1599 0.0581 -0.9854
vn 0.1599 0.0581 -0.9854
vn 0.1536 0.0796 -0.9849
vn 0.2823 0.0759 -0.9563
vn 0.1599 0.0581 -0.9854
vn 0.2823 0.0759 -0.9563
vn 0.2932 0.0536 -0.9545
vn 0.2932 0.0536 -0.9545
vn 0.2823 0.0759 -0.9563
vn 0.4865 0.0706 -0.8708
vn 0.2932 0.0536 -0.9545
vn 0.4865 0.0706 -0.8708
vn 0.5020 0.0469 -0.8636
vn 0.5020 0.0469 -0.8636
vn 0.4865 0.0706 -0.8708
vn 0.7679 0.0615 -0.6376
vn 0.5020 0.0469 -0.8636
vn 0.7679 0.0615 -0.6376
vn 0.7812 0.0371 -0.6232
vn 0.7812 0.0371 -0.6232
vn 0.7679 0.0615 -0.6376
vn 0.9829 0.0487 -0.1775
vn 0.7812 0.0371 -0.6232
vn 0.9829 0.0487 -0.1775
vn 0.9850 0.0266 -0.1707
vn 0.9850 0.0266 -0.1707
vn 0.9829 0.0487 -0.1775
vn 0.9990 0.0443 -0.0001
vn 0.9850 0.0266 -0.1707
vn 0.9990 0.0443 -0.0001
vn 0.9997 0.0246 -0.0001
vn 0.9990 0.0443 -0.0001
vn 0.9968 0.0793 -0.0002
vn 0.9794 0.0886 0.1815
vn 0.9990 0.0443 -0.0001
vn 0.9794 0.0886 0.1815
vn 0.9831 0.0551 0.1745
vn 0.9831 0.0551 0.1745
vn 0.9794 0.0886 0.1815
vn 0.7511 0.1270 0.6479
vn 0.9831 0.0551 0.1745
vn 0.7511 0.1270 0.6479
vn 0.7678 0.0972 0.6333
vn 0.7678 0.0972 0.6333
vn 0.7511 0.1270 0.6479
vn 0.4682 0.1423 0.8721
vn 0.7678 0.0972 0.6333
vn 0.4682 0.1423 0.8721
vn 0.4862 0.1200 0.8656
vn 0.4862 0.1200 0.8656
vn 0.4682 0.1423 0.8721
vn 0.2700 0.1476 0.9515
vn 0.4862 0.1200 0.8656
vn 0.2700 0.1476 0.9515
vn 0.2821 0.1303 0.9505
vn 0.2821 0.1303 0.9505
vn 0.2700 0.1476 0.9515
vn 0.1467 0.1502 0.9777
vn 0.2821 0.1303 0.9505
vn 0.1467 0.1502 0.9777
vn 0.1536 0.1356 0.9788
vn 0.1536 0.1356 0.9788
vn 0.1467 0.1502 0.9777
vn 0.0687 0.1519 0.9860
vn 0.1536 0.1356 0.9788
vn 0.0687 0.1519 0.9860
vn 0.0719 0.1387 0.9877
vn 0.0719 0.1387 0.9877
vn 0.0687 0.1519 0.9860
vn 0.0150 0.1535 0.9880
vn 0.0719 0.1387 0.9877
vn 0.0150 0.1535 0.9880
vn 0.0157 0.1410 0.9899
vn 0.0157 0.1410 0.9899
vn 0.0150 0.1535 0.9880
vn 0.0001 0.1528 0.9883
vn 0.0157 0.1410 0.9899
vn 0.0001 0.1528 0.9883
vn 0.0001 0.1403 0.9901
vn 0.0001 0.1403 0.9901
vn 0.0001 0.1528 0.9883
vn -0.0146 0.1516 0.9883
vn 0.0001 0.1403 0.9901
vn -0.0146 0.1516 0.9883
vn -0.0154 0.1389 0.9902
vn -0.0154 0.1389 0.9902
vn -0.0146 0.1516 0.9883
vn -0.0679 0.1513 0.9861
vn -0.0154 0.1389 0.9902
vn -0.0679 0.1513 0.9861
vn -0.0713 0.1380 0.9879
vn -0.0713 0.1380 0.9879
vn -0.0679 0.1513 0.9861
vn -0.1455 0.1498 0.9779
vn -0.0713 0.1380 0.9879
vn -0.1455 0.1498 0.9779
vn -0.1526 0.1350 0.9790
vn -0.1526 0.1350 0.9790
vn -0.1455 0.1498 0.9779
vn -0.2682 0.1474 0.9520
vn -0.1526 0.1350 0.9790
vn -0.2682 0.1474 0.9520
vn -0.2807 0.1299 0.9510
vn -0.2807 0.1299 0.9510
vn -0.2682 0.1474 0.9520
vn -0.4657 0.1426 0.8734
vn -0.2807 0.1299 0.9510
vn -0.4657 0.1426 0.8734
vn -0.4842 0.1198 0.8667
vn -0.4842 0.1198 0.8667
vn -0.4657 0.1426 0.8734
vn -0.7481 0.1285 0.6510
vn -0.4842 0.1198 0.8667
vn -0.7481 0.1285 0.6510
vn -0.7657 0.0977 0.6358
vn -0.7657 0.0977 0.6358
vn -0.7481 0.1285 0.6510
vn -0.9780 0.0957 0.1854
vn -0.7657 0.0977 0.6358
vn -0.9780 0.0957 0.1854
vn -0.9824 0.0590 0.1774
vn -0.9824 0.0590 0.1774
vn -0.9780 0.0957 0.1854
vn -0.9968 0.0795 0.0002
vn -0.9824 0.0590 0.1774
vn -0.9968 0.0795 0.0002
vn -0.9990 0.0444 0.0001
vn -0.9990 0.0444 0.0001
vn -0.9968 0.0795 0.0002
vn -0.9800 0.0809 -0.1816
vn -0.9990 0.0444 0.0001
vn -0.9800 0.0809 -0.1816
vn -0.9836 0.0453 -0.1746
vn -0.9836 0.0453 -0.1746
vn -0.9800 0.0809 -0.1816
vn -0.7535 0.0993 -0.6500
vn -0.9836 0.0453 -0.1746
vn -0.7535 0.0993 -0.6500
vn -0.7700 0.0616 -0.6351
vn -0.7700 0.0616 -0.6351
vn -0.7535 0.0993 -0.6500
vn -0.4705 0.1049 -0.8762
vn -0.7700 0.0616 -0.6351
vn -0.4705 0.1049 -0.8762
vn -0.4885 0.0713 -0.8697
vn -0.4885 0.0713 -0.8697
vn -0.4705 0.1049 -0.8762
vn -0.2714 0.1067 -0.9565
vn -0.4885 0.0713 -0.8697
vn -0.2714 0.1067 -0.9565
vn -0.2837 0.0769 -0.9558
vn -0.2837 0.0769 -0.9558
vn -0.2714 0.1067 -0.9565
vn -0.1475 0.1082 -0.9831
vn -0.2837 0.0769 -0.9558
vn -0.1475 0.1082 -0.9831
vn -0.1545 0.0806 -0.9847
vn -0.1545 0.0806 -0.9847
vn -0.1475 0.1082 -0.9831
vn -0.0691 0.1097 -0.9916
vn -0.1545 0.0806 -0.9847
vn -0.0691 0.1097 -0.9916
vn -0.0724 0.0833 -0.9939
vn -0.0724 0.0833 -0.9939
vn -0.0691 0.1097 -0.9916
vn -0.0151 0.1120 -0.9936
vn -0.0724 0.0833 -0.9939
vn -0.0151 0.1120 -0.9936
vn -0.0158 0.0860 -0.9962
vn -0.0158 0.0860 -0.9962
vn -0.0151 0.1120 -0.9936
vn -0.0001 0.1100 -0.9939
vn -0.0158 0.0860 -0.9962
vn -0.0001 0.1100 -0.9939
vn -0.0001 0.0845 -0.9964
vn -0.0001 0.0845 -0.9964
vn -0.0001 0.1100 -0.9939
vn 0.0147 0.1075 -0.9941
vn -0.0001 0.0845 -0.9964
vn 0.0147 0.1075 -0.9941
vn 0.0155 0.0823 -0.9965
vn 0.0155 0.0823 -0.9965
vn 0.0147 0.1075 -0.9941
vn 0.0683 0.1081 -0.9918
vn 0.0155 0.0823 -0.9965
vn 0.0683 0.1081 -0.9918
vn 0.0718 0.0820 -0.9940
vn 0.0718 0.0820 -0.9940
vn 0.0683 0.1081 -0.9918
vn 0.1463 0.1071 -0.9834
vn 0.0718 0.0820 -0.9940
vn 0.1463 0.1071 -0.9834
vn 0.1536 0.0796 -0.9849
vn 0.1536 0.0796 -0.9849
vn 0.1463 0.1071 -0.9834
vn 0.2697 0.1058 -0.9571
vn 0.1536 0.0796 -0.9849
vn 0.2697 0.1058 -0.9571
vn 0.2823 0.0759 -0.9563
vn 0.2823 0.0759 -0.9563
vn 0.2697 0.1058 -0.9571
vn 0.4679 0.1043 -0.8776
vn 0.2823 0.0759 -0.9563
vn 0.4679 0.1043 -0.8776
vn 0.4865 0.0706 -0.8708
vn 0.4865 0.0706 -0.8708
vn 0.4679 0.1043 -0.8776
vn 0.7506 0.0998 -0.6532
vn 0.4865 0.0706 -0.8708
vn 0.7506 0.0998 -0.6532
vn 0.7679 0.0615 -0.6376
vn 0.7679 0.0615 -0.6376
vn 0.7506 0.0998 -0.6532
vn 0.9788 0.0874 -0.1855
vn 0.7679 0.0615 -0.6376
vn 0.9788 0.0874 -0.1855
vn 0.9829 0.0487 -0.1775
vn 0.9829 0.0487 -0.1775
vn 0.9788 0.0874 -0.1855
vn 0.9968 0.0793 -0.0002
vn 0.9829 0.0487 -0.1775
vn 0.9968 0.0793 -0.0002
vn 0.9990 0.0443 -0.0001
vn 0.9968 0.0793 -0.0002
vn 0.9894 0.1452 -0.0004
vn 0.9705 0.1499 0.1888
vn 0.9968 0.0793 -0.0002
vn 0.9705 0.1499 0.1888
vn 0.9794 0.0886 0.1815
vn 0.9794 0.0886 0.1815
vn 0.9705 0.1499 0.1888
vn 0.7290 0.1760 0.6615
vn 0.9794 0.0886 0.1815
vn 0.7290 0.1760 0.6615
vn 0.7511 0.1270 0.6479
vn 0.7511 0.1270 0.6479
vn 0.7290 0.1760 0.6615
vn 0.4475 0.1748 0.8770
vn 0.7511 0.1270 0.6479
vn 0.4475 0.1748 0.8770
vn 0.4682 0.1423 0.8721
vn 0.4682 0.1423 0.8721
vn 0.4475 0.1748 0.8770
vn 0.2565 0.1697 0.9515
vn 0.4682 0.1423 0.8721
vn 0.2565 0.1697 0.9515
vn 0.2700 0.1476 0.9515
vn 0.2700 0.1476 0.9515
vn 0.2565 0.1697 0.9515
vn 0.1392 0.1667 0.9761
vn 0.2700 0.1476 0.9515
vn 0.1392 0.1667 0.9761
vn 0.1467 0.1502 0.9777
vn 0.1467 0.1502 0.9777
vn 0.1392 0.1667 0.9761
vn 0.0652 0.1655 0.9841
vn 0.1467 0.1502 0.9777
vn 0.0652 0.1655 0.9841
vn 0.0687 0.1519 0.9860
vn 0.0687 0.1519 0.9860
vn 0.0652 0.1655 0.9841
vn 0.0142 0.1654 0.9861
vn 0.0687 0.1519 0.9860
vn 0.0142 0.1654 0.9861
vn 0.0150 0.1535 0.9880
vn 0.0150 0.1535 0.9880
vn 0.0142 0.1654 0.9861
vn 0.0001 0.1645 0.9864
vn 0.0150 0.1535 0.9880
vn 0.0001 0.1645 0.9864
vn 0.0001 0.1528 0.9883
vn 0.0001 0.1528 0.9883
vn 0.0001 0.1645 0.9864
vn -0.0138 0.1636 0.9864
vn 0.0001 0.1528 0.9883
vn -0.0138 0.1636 0.9864
vn -0.0146 0.1516 0.9883
vn -0.0146 0.1516 0.9883
vn -0.0138 0.1636 0.9864
vn -0.0642 0.1651 0.9842
vn -0.0146 0.1516 0.9883
vn -0.0642 0.1651 0.9842
vn -0.0679 0.1513 0.9861
vn -0.0679 0.1513 0.9861
vn -0.0642 0.1651 0.9842
vn -0.1377 0.1667 0.9763
vn -0.0679 0.1513 0.9861
vn -0.1377 0.1667 0.9763
vn -0.1455 0.1498 0.9779
vn -0.1455 0.1498 0.9779
vn -0.1377 0.1667 0.9763
vn -0.2543 0.1701 0.9521
vn -0.1455 0.1498 0.9779
vn -0.2543 0.1701 0.9521
vn -0.2682 0.1474 0.9520
vn -0.2682 0.1474 0.9520
vn -0.2543 0.1701 0.9521
vn -0.4440 0.1760 0.8786
vn -0.2682 0.1474 0.9520
vn -0.4440 0.1760 0.8786
vn -0.4657 0.1426 0.8734
vn -0.4657 0.1426 0.8734
vn -0.4440 0.1760 0.8786
vn -0.7245 0.1794 0.6655
vn -0.4657 0.1426 0.8734
vn -0.7245 0.1794 0.6655
vn -0.7481 0.1285 0.6510
vn -0.7481 0.1285 0.6510
vn -0.7245 0.1794 0.6655
vn -0.9673 0.1637 0.1939
vn -0.7481 0.1285 0.6510
vn -0.9673 0.1637 0.1939
vn -0.9780 0.0957 0.1854
vn -0.9780 0.0957 0.1854
vn -0.9673 0.1637 0.1939
vn -0.9894 0.1455 0.0004
vn -0.9780 0.0957 0.1854
vn -0.9894 0.1455 0.0004
vn -0.9968 0.0795 0.0002
vn -0.9968 0.0795 0.0002
vn -0.9894 0.1455 0.0004
vn -0.9711 0.1456 -0.1889
vn -0.9968 0.0795 0.0002
vn -0.9711 0.1456 -0.1889
vn -0.9800 0.0809 -0.1816
vn -0.9800 0.0809 -0.1816
vn -0.9711 0.1456 -0.1889
vn -0.7309 0.1607 -0.6633
vn -0.9800 0.0809 -0.1816
vn -0.7309 0.1607 -0.6633
vn -0.7535 0.0993 -0.6500
vn -0.7535 0.0993 -0.6500
vn -0.7309 0.1607 -0.6633
vn -0.4490 0.1542 -0.8801
vn -0.7535 0.0993 -0.6500
vn -0.4490 0.1542 -0.8801
vn -0.4705 0.1049 -0.8762
vn -0.4705 0.1049 -0.8762
vn -0.4490 0.1542 -0.8801
vn -0.2575 0.1472 -0.9550
vn -0.4705 0.1049 -0.8762
vn -0.2575 0.1472 -0.9550
vn -0.2714 0.1067 -0.9565
vn -0.2714 0.1067 -0.9565
vn -0.2575 0.1472 -0.9550
vn -0.1397 0.1436 -0.9797
vn -0.2714 0.1067 -0.9565
vn -0.1397 0.1436 -0.9797
vn -0.1475 0.1082 -0.9831
vn -0.1475 0.1082 -0.9831
vn -0.1397 0.1436 -0.9797
vn -0.0654 0.1422 -0.9877
vn -0.1475 0.1082 -0.9831
vn -0.0654 0.1422 -0.9877
vn -0.0691 0.1097 -0.9916
vn -0.0691 0.1097 -0.9916
vn -0.0654 0.1422 -0.9877
vn -0.0143 0.1432 -0.9896
vn -0.0691 0.1097 -0.9916
vn -0.0143 0.1432 -0.9896
vn -0.0151 0.1120 -0.9936
vn -0.0151 0.1120 -0.9936
vn -0.0143 0.1432 -0.9896
vn -0.0001 0.1406 -0.9901
vn -0.0151 0.1120 -0.9936
vn -0.0001 0.1406 -0.9901
vn -0.0001 0.1100 -0.9939
vn -0.0001 0.1100 -0.9939
vn -0.0001 0.1406 -0.9901
vn 0.0139 0.1380 -0.9903
vn -0.0001 0.1100 -0.9939
vn 0.0139 0.1380 -0.9903
vn 0.0147 0.1075 -0.9941
vn 0.0147 0.1075 -0.9941
vn 0.0139 0.1380 -0.9903
vn 0.0645 0.1406 -0.9880
vn 0.0147 0.1075 -0.9941
vn 0.0645 0.1406 -0.9880
vn 0.0683 0.1081 -0.9918
vn 0.0683 0.1081 -0.9918
vn 0.0645 0.1406 -0.9880
vn 0.1382 0.1425 -0.9801
vn 0.0683 0.1081 -0.9918
vn 0.1382 0.1425 -0.9801
vn 0.1463 0.1071 -0.9834
vn 0.1463 0.1071 -0.9834
vn 0.1382 0.1425 -0.9801
vn 0.2552 0.1466 -0.9557
vn 0.1463 0.1071 -0.9834
vn 0.2552 0.1466 -0.9557
vn 0.2697 0.1058 -0.9571
vn 0.2697 0.1058 -0.9571
vn 0.2552 0.1466 -0.9557
vn 0.4456 0.1542 -0.8818
vn 0.2697 0.1058 -0.9571
vn 0.4456 0.1542 -0.8818
vn 0.4679 0.1043 -0.8776
vn 0.4679 0.1043 -0.8776
vn 0.4456 0.1542 -0.8818
vn 0.7267 0.1628 -0.6674
vn 0.4679 0.1043 -0.8776
vn 0.7267 0.1628 -0.6674
vn 0.7506 0.0998 -0.6532
vn 0.7506 0.0998 -0.6532
vn 0.7267 0.1628 -0.6674
vn 0.9681 0.1586 -0.1941
vn 0.7506 0.0998 -0.6532
vn 0.9681 0.1586 -0.1941
vn 0.9788 0.0874 -0.1855
vn 0.9788 0.0874 -0.1855
vn 0.9681 0.1586 -0.1941
vn 0.9894 0.1452 -0.0004
vn 0.9788 0.0874 -0.1855
vn 0.9894 0.1452 -0.0004
vn 0.9968 0.0793 -0.0002
vn 0.9894 0.1452 -0.0004
vn 0.9577 0.2877 -0.0009
vn 0.9408 0.2793 0.1921
vn 0.9894 0.1452 -0.0004
vn 0.9408 0.2793 0.1921
vn 0.9705 0.1499 0.1888
vn 0.9705 0.1499 0.1888
vn 0.9408 0.2793 0.1921
vn 0.6952 0.2738 0.6646
vn 0.9705 0.1499 0.1888
vn 0.6952 0.2738 0.6646
vn 0.7290 0.1760 0.6615
vn 0.7290 0.1760 0.6615
vn 0.6952 0.2738 0.6646
vn 0.4234 0.2348 0.8750
vn 0.7290 0.1760 0.6615
vn 0.4234 0.2348 0.8750
vn 0.4475 0.1748 0.8770
vn 0.4475 0.1748 0.8770
vn 0.4234 0.2348 0.8750
vn 0.2424 0.2061 0.9480
vn 0.4475 0.1748 0.8770
vn 0.2424 0.2061 0.9480
vn 0.2565 0.1697 0.9515
vn 0.2565 0.1697 0.9515
vn 0.2424 0.2061 0.9480
vn 0.1316 0.1897 0.9730
vn 0.2565 0.1697 0.9515
vn 0.1316 0.1897 0.9730
vn 0.1392 0.1667 0.9761
vn 0.1392 0.1667 0.9761
vn 0.1316 0.1897 0.9730
vn 0.0617 0.1811 0.9815
vn 0.1392 0.1667 0.9761
vn 0.0617 0.1811 0.9815
vn 0.0652 0.1655 0.9841
vn 0.0652 0.1655 0.9841
vn 0.0617 0.1811 0.9815
vn 0.0135 0.1770 0.9841
vn 0.0652 0.1655 0.9841
vn 0.0135 0.1770 0.9841
vn 0.0142 0.1654 0.9861
vn 0.0142 0.1654 0.9861
vn 0.0135 0.1770 0.9841
vn 0.0001 0.1757 0.9844
vn 0.0142 0.1654 0.9861
vn 0.0001 0.1757 0.9844
vn 0.0001 0.1645 0.9864
vn 0.0001 0.1645 0.9864
vn 0.0001 0.1757 0.9844
vn -0.0130 0.1756 0.9844
vn 0.0001 0.1645 0.9864
vn -0.0130 0.1756 0.9844
vn -0.0138 0.1636 0.9864
vn -0.0138 0.1636 0.9864
vn -0.0130 0.1756 0.9844
vn -0.0604 0.1813 0.9816
vn -0.0138 0.1636 0.9864
vn -0.0604 0.1813 0.9816
vn -0.0642 0.1651 0.9842
vn -0.0642 0.1651 0.9842
vn -0.0604 0.1813 0.9816
vn -0.1296 0.1907 0.9731
vn -0.0642 0.1651 0.9842
vn -0.1296 0.1907 0.9731
vn -0.1377 0.1667 0.9763
vn -0.1377 0.1667 0.9763
vn -0.1296 0.1907 0.9731
vn -0.2392 0.2080 0.9484
vn -0.1377 0.1667 0.9763
vn -0.2392 0.2080 0.9484
vn -0.2543 0.1701 0.9521
vn -0.2543 0.1701 0.9521
vn -0.2392 0.2080 0.9484
vn -0.4183 0.2384 0.8765
vn -0.2543 0.1701 0.9521
vn -0.4183 0.2384 0.8765
vn -0.4440 0.1760 0.8786
vn -0.4440 0.1760 0.8786
vn -0.4183 0.2384 0.8765
vn -0.6876 0.2817 0.6692
vn -0.4440 0.1760 0.8786
vn -0.6876 0.2817 0.6692
vn -0.7245 0.1794 0.6655
vn -0.7245 0.1794 0.6655
vn -0.6876 0.2817 0.6692
vn -0.9298 0.3100 0.1983
vn -0.7245 0.1794 0.6655
vn -0.9298 0.3100 0.1983
vn -0.9673 0.1637 0.1939
vn -0.9673 0.1637 0.1939
vn -0.9298 0.3100 0.1983
vn -0.9576 0.2880 0.0009
vn -0.9673 0.1637 0.1939
vn -0.9576 0.2880 0.0009
vn -0.9894 0.1455 0.0004
vn -0.9894 0.1455 0.0004
vn -0.9576 0.2880 0.0009
vn -0.9406 0.2799 -0.1921
vn -0.9894 0.1455 0.0004
vn -0.9406 0.2799 -0.1921
vn -0.9711 0.1456 -0.1889
vn -0.9711 0.1456 -0.1889
vn -0.9406 0.2799 -0.1921
vn -0.6949 0.2753 -0.6643
vn -0.9711 0.1456 -0.1889
vn -0.6949 0.2753 -0.6643
vn -0.7309 0.1607 -0.6633
vn -0.7309 0.1607 -0.6633
vn -0.6949 0.2753 -0.6643
vn -0.4233 0.2365 -0.8746
vn -0.7309 0.1607 -0.6633
vn -0.4233 0.2365 -0.8746
vn -0.4490 0.1542 -0.8801
vn -0.4490 0.1542 -0.8801
vn -0.4233 0.2365 -0.8746
vn -0.2423 0.2077 -0.9477
vn -0.4490 0.1542 -0.8801
vn -0.2423 0.2077 -0.9477
vn -0.2575 0.1472 -0.9550
vn -0.2575 0.1472 -0.9550
vn -0.2423 0.2077 -0.9477
vn -0.1315 0.1914 -0.9727
vn -0.2575 0.1472 -0.9550
vn -0.1315 0.1914 -0.9727
vn -0.1397 0.1436 -0.9797
vn -0.1397 0.1436 -0.9797
vn -0.1315 0.1914 -0.9727
vn -0.0617 0.1829 -0.9812
vn -0.1397 0.1436 -0.9797
vn -0.0617 0.1829 -0.9812
vn -0.0654 0.1422 -0.9877
vn -0.0654 0.1422 -0.9877
vn -0.0617 0.1829 -0.9812
vn -0.0135 0.1803 -0.9835
vn -0.0654 0.1422 -0.9877
vn -0.0135 0.1803 -0.9835
vn -0.0143 0.1432 -0.9896
vn -0.0143 0.1432 -0.9896
vn -0.0135 0.1803 -0.9835
vn -0.0001 0.1767 -0.9843
vn -0.0143 0.1432 -0.9896
vn -0.0001 0.1767 -0.9843
vn -0.0001 0.1406 -0.9901
vn -0.0001 0.1406 -0.9901
vn -0.0001 0.1767 -0.9843
vn 0.0130 0.1744 -0.9846
vn -0.0001 0.1406 -0.9901
vn 0.0130 0.1744 -0.9846
vn 0.0139 0.1380 -0.9903
vn 0.0139 0.1380 -0.9903
vn 0.0130 0.1744 -0.9846
vn 0.0604 0.1815 -0.9815
vn 0.0139 0.1380 -0.9903
vn 0.0604 0.1815 -0.9815
vn 0.0645 0.1406 -0.9880
vn 0.0645 0.1406 -0.9880
vn 0.0604 0.1815 -0.9815
vn 0.1296 0.1911 -0.9730
vn 0.0645 0.1406 -0.9880
vn 0.1296 0.1911 -0.9730
vn 0.1382 0.1425 -0.9801
vn 0.1382 0.1425 -0.9801
vn 0.1296 0.1911 -0.9730
vn 0.2392 0.2083 -0.9484
vn 0.1382 0.1425 -0.9801
vn 0.2392 0.2083 -0.9484
vn 0.2552 0.1466 -0.9557
vn 0.2552 0.1466 -0.9557
vn 0.2392 0.2083 -0.9484
vn 0.4182 0.2386 -0.8764
vn 0.2552 0.1466 -0.9557
vn 0.4182 0.2386 -0.8764
vn 0.4456 0.1542 -0.8818
vn 0.4456 0.1542 -0.8818
vn 0.4182 0.2386 -0.8764
vn 0.6876 0.2816 -0.6692
vn 0.4456 0.1542 -0.8818
vn 0.6876 0.2816 -0.6692
vn 0.7267 0.1628 -0.6674
vn 0.7267 0.1628 -0.6674
vn 0.6876 0.2816 -0.6692
vn 0.9299 0.3098 -0.1983
vn 0.7267 0.1628 -0.6674
vn 0.9299 0.3098 -0.1983
vn 0.9681 0.1586 -0.1941
vn 0.9681 0.1586 -0.1941
vn 0.9299 0.3098 -0.1983
vn 0.9577 0.2877 -0.0009
vn 0.9681 0.1586 -0.1941
vn 0.9577 0.2877 -0.0009
vn 0.9894 0.1452 -0.0004
vn 0.9577 0.2877 -0.0009
vn 0.9233 0.3834 -0.0231
vn 0.9124 0.3851 0.1388
vn 0.9577 0.2877 -0.0009
vn 0.9124 0.3851 0.1388
vn 0.9408 0.2793 0.1921
vn 0.9408 0.2793 0.1921
vn 0.9124 0.3851 0.1388
vn 0.7113 0.3532 0.6077
vn 0.9408 0.2793 0.1921
vn 0.7113 0.3532 0.6077
vn 0.6952 0.2738 0.6646
vn 0.6952 0.2738 0.6646
vn 0.7113 0.3532 0.6077
vn 0.4435 0.2856 0.8495
vn 0.6952 0.2738 0.6646
vn 0.4435 0.2856 0.8495
vn 0.4234 0.2348 0.8750
vn 0.4234 0.2348 0.8750
vn 0.4435 0.2856 0.8495
vn 0.2146 0.4386 0.8727
vn 0.4234 0.2348 0.8750
vn 0.2146 0.4386 0.8727
vn 0.2424 0.2061 0.9480
vn 0.2424 0.2061 0.9480
vn 0.2561 0.2359 0.9374
vn 0.1228 0.3059 0.9441
vn 0.2424 0.2061 0.9480
vn 0.1228 0.3059 0.9441
vn 0.1316 0.1897 0.9730
vn 0.1316 0.1897 0.9730
vn 0.1228 0.3059 0.9441
vn 0.0627 0.2815 0.9575
vn 0.1316 0.1897 0.9730
vn 0.0627 0.2815 0.9575
vn 0.0617 0.1811 0.9815
vn 0.0617 0.1811 0.9815
vn 0.0627 0.2815 0.9575
vn 0.0166 0.2038 0.9789
vn 0.0617 0.1811 0.9815
vn 0.0166 0.2038 0.9789
vn 0.0135 0.1770 0.9841
vn 0.0135 0.1770 0.9841
vn 0.0166 0.2038 0.9789
vn 0.0002 0.1878 0.9822
vn 0.0135 0.1770 0.9841
vn 0.0002 0.1878 0.9822
vn 0.0001 0.1757 0.9844
vn 0.0001 0.1757 0.9844
vn 0.0002 0.1878 0.9822
vn -0.0102 0.2028 0.9792
vn 0.0001 0.1757 0.9844
vn -0.0102 0.2028 0.9792
vn -0.0130 0.1756 0.9844
vn -0.0130 0.1756 0.9844
vn -0.0102 0.2028 0.9792
vn -0.0519 0.2902 0.9555
vn -0.0130 0.1756 0.9844
vn -0.0519 0.2902 0.9555
vn -0.0604 0.1813 0.9816
vn -0.0604 0.1813 0.9816
vn -0.0519 0.2902 0.9555
vn -0.1028 0.3103 0.9451
vn -0.0604 0.1813 0.9816
vn -0.1028 0.3103 0.9451
vn -0.1296 0.1907 0.9731
vn -0.1296 0.1907 0.9731
vn -0.1028 0.3103 0.9451
vn -0.2096 0.2258 0.9514
vn -0.1296 0.1907 0.9731
vn -0.2096 0.2258 0.9514
vn -0.2392 0.2080 0.9484
vn -0.2392 0.2080 0.9484
vn -0.2096 0.2258 0.9514
vn -0.3681 0.2679 0.8903
vn -0.2392 0.2080 0.9484
vn -0.3681 0.2679 0.8903
vn -0.4183 0.2384 0.8765
vn -0.4183 0.2384 0.8765
vn -0.3681 0.2679 0.8903
vn -0.6151 0.3328 0.7148
vn -0.4183 0.2384 0.8765
vn -0.6151 0.3328 0.7148
vn -0.6876 0.2817 0.6692
vn -0.6876 0.2817 0.6692
vn -0.6151 0.3328 0.7148
vn -0.8818 0.3867 0.2701
vn -0.6876 0.2817 0.6692
vn -0.8818 0.3867 0.2701
vn -0.9298 0.3100 0.1983
vn -0.9298 0.3100 0.1983
vn -0.8818 0.3867 0.2701
vn -0.9234 0.3831 0.0231
vn -0.9298 0.3100 0.1983
vn -0.9234 0.3831 0.0231
vn -0.9576 0.2880 0.0009
vn -0.9576 0.2880 0.0009
vn -0.9234 0.3831 0.0231
vn -0.9116 0.3870 -0.1387
vn -0.9576 0.2880 0.0009
vn -0.9116 0.3870 -0.1387
vn -0.9406 0.2799 -0.1921
vn -0.9406 0.2799 -0.1921
vn -0.9116 0.3870 -0.1387
vn -0.7088 0.3617 -0.6056
vn -0.9406 0.2799 -0.1921
vn -0.7088 0.3617 -0.6056
vn -0.6949 0.2753 -0.6643
vn -0.6949 0.2753 -0.6643
vn -0.7088 0.3617 -0.6056
vn -0.4418 0.2981 -0.8462
vn -0.6949 0.2753 -0.6643
vn -0.4418 0.2981 -0.8462
vn -0.4233 0.2365 -0.8746
vn -0.4233 0.2365 -0.8746
vn -0.4418 0.2981 -0.8462
vn -0.2552 0.2500 -0.9340
vn -0.4233 0.2365 -0.8746
vn -0.2123 0.4572 -0.8637
vn -0.2423 0.2077 -0.9477
vn -0.2423 0.2077 -0.9477
vn -0.2552 0.2500 -0.9340
vn -0.1218 0.3285 -0.9366
vn -0.2423 0.2077 -0.9477
vn -0.1218 0.3285 -0.9366
vn -0.1315 0.1914 -0.9727
vn -0.1315 0.1914 -0.9727
vn -0.1218 0.3285 -0.9366
vn -0.0622 0.3089 -0.9491
vn -0.1315 0.1914 -0.9727
vn -0.0622 0.3089 -0.9491
vn -0.0617 0.1829 -0.9812
vn -0.0617 0.1829 -0.9812
vn -0.0622 0.3089 -0.9491
vn -0.0165 0.2343 -0.9720
vn -0.0617 0.1829 -0.9812
vn -0.0165 0.2343 -0.9720
vn -0.0135 0.1803 -0.9835
vn -0.0135 0.1803 -0.9835
vn -0.0165 0.2343 -0.9720
vn -0.0002 0.2169 -0.9762
vn -0.0135 0.1803 -0.9835
vn -0.0002 0.2169 -0.9762
vn -0.0001 0.1767 -0.9843
vn -0.0001 0.1767 -0.9843
vn -0.0002 0.2169 -0.9762
vn 0.0102 0.2303 -0.9731
vn -0.0001 0.1767 -0.9843
vn 0.0102 0.2303 -0.9731
vn 0.0130 0.1744 -0.9846
vn 0.0130 0.1744 -0.9846
vn 0.0102 0.2303 -0.9731
vn 0.0514 0.3165 -0.9472
vn 0.0130 0.1744 -0.9846
vn 0.0514 0.3165 -0.9472
vn 0.0604 0.1815 -0.9815
vn 0.0604 0.1815 -0.9815
vn 0.0514 0.3165 -0.9472
vn 0.1020 0.3322 -0.9377
vn 0.0604 0.1815 -0.9815
vn 0.1020 0.3322 -0.9377
vn 0.1296 0.1911 -0.9730
vn 0.1296 0.1911 -0.9730
vn 0.1020 0.3322 -0.9377
vn 0.2088 0.2402 -0.9480
vn 0.1296 0.1911 -0.9730
vn 0.2088 0.2402 -0.9480
vn 0.2392 0.2083 -0.9484
vn 0.2392 0.2083 -0.9484
vn 0.2088 0.2402 -0.9480
vn 0.3667 0.2811 -0.8869
vn 0.2392 0.2083 -0.9484
vn 0.3667 0.2811 -0.8869
vn 0.4182 0.2386 -0.8764
vn 0.4182 0.2386 -0.8764
vn 0.3667 0.2811 -0.8869
vn 0.6127 0.3430 -0.7120
vn 0.4182 0.2386 -0.8764
vn 0.6127 0.3430 -0.7120
vn 0.6876 0.2816 -0.6692
vn 0.6876 0.2816 -0.6692
vn 0.6127 0.3430 -0.7120
vn 0.8803 0.3903 -0.2696
vn 0.6876 0.2816 -0.6692
vn 0.8803 0.3903 -0.2696
vn 0.9299 0.3098 -0.1983
vn 0.9299 0.3098 -0.1983
vn 0.8803 0.3903 -0.2696
vn 0.9233 0.3834 -0.0231
vn 0.9299 0.3098 -0.1983
vn 0.9233 0.3834 -0.0231
vn 0.9577 0.2877 -0.0009
vn 0.1418 0.9899 0.0001
vn 0.1388 0.9903 -0.0037
vn 0.1395 0.9902 0.0053
vn 0.1418 0.9899 0.0001
vn 0.1395 0.9902 0.0053
vn 0.1430 0.9894 0.0263
vn 0.1430 0.9894 0.0263
vn 0.1395 0.9902 0.0053
vn 0.1410 0.9892 0.0395
vn 0.1430 0.9894 0.0263
vn 0.1410 0.9892 0.0395
vn 0.1453 0.9831 0.1109
vn 0.1453 0.9831 0.1109
vn 0.1410 0.9892 0.0395
vn 0.1439 0.9849 0.0962
vn 0.1453 0.9831 0.1109
vn 0.1439 0.9849 0.0962
vn 0.1463 0.9601 0.2384
vn 0.1463 0.9601 0.2384
vn 0.1439 0.9849 0.0962
vn 0.1466 0.9704 0.1917
vn 0.1463 0.9601 0.2384
vn 0.1466 0.9704 0.1917
vn 0.1404 0.8903 0.4332
vn 0.1496 0.9452 0.2903
vn 0.1466 0.9704 0.1917
vn 0.1540 0.9870 0.0463
vn 0.2020 0.6778 0.7069
vn 0.1164 0.7446 0.6573
vn 0.0977 0.6346 0.7667
vn 0.1795 0.9808 0.0759
vn 0.1540 0.9870 0.0463
vn 0.1556 0.9827 0.1009
vn 0.1244 0.4180 0.8999
vn 0.0774 0.5139 0.8543
vn 0.0627 0.2815 0.9575
vn 0.2011 0.9573 0.2075
vn 0.1556 0.9827 0.1009
vn 0.0906 0.9915 0.0935
vn 0.0627 0.2815 0.9575
vn 0.0413 0.3227 0.9456
vn 0.0166 0.2038 0.9789
vn 0.0166 0.2038 0.9789
vn 0.0413 0.3227 0.9456
vn 0.0039 0.2029 0.9792
vn 0.0166 0.2038 0.9789
vn 0.0039 0.2029 0.9792
vn 0.0002 0.1878 0.9822
vn 0.0002 0.1878 0.9822
vn 0.0039 0.2029 0.9792
vn -0.0076 0.2033 0.9791
vn 0.0002 0.1878 0.9822
vn -0.0076 0.2033 0.9791
vn -0.0102 0.2028 0.9792
vn -0.2589 0.9282 0.2672
vn -0.1013 0.9893 0.1045
vn -0.1820 0.9762 0.1180
vn -0.0102 0.2028 0.9792
vn -0.0349 0.3363 0.9411
vn -0.0519 0.2902 0.9555
vn -0.2096 0.9738 0.0886
vn -0.1820 0.9762 0.1180
vn -0.1721 0.9837 0.0517
vn -0.0519 0.2902 0.9555
vn -0.0752 0.5529 0.8298
vn -0.1077 0.4265 0.8980
vn -0.1810 0.9827 0.0391
vn -0.1721 0.9837 0.0517
vn -0.1596 0.9869 0.0253
vn -0.0941 0.6679 0.7382
vn -0.1112 0.7702 0.6280
vn -0.1232 0.8507 0.5110
vn -0.1477 0.9574 0.2482
vn -0.1596 0.9869 0.0253
vn -0.1461 0.9772 0.1541
vn -0.1380 0.9120 0.3862
vn -0.1461 0.9772 0.1541
vn -0.1429 0.9669 0.2115
vn -0.1429 0.9669 0.2115
vn -0.1461 0.9772 0.1541
vn -0.1427 0.9869 0.0749
vn -0.1429 0.9669 0.2115
vn -0.1427 0.9869 0.0749
vn -0.1428 0.9850 0.0969
vn -0.1428 0.9850 0.0969
vn -0.1427 0.9869 0.0749
vn -0.1393 0.9900 0.0212
vn -0.1428 0.9850 0.0969
vn -0.1393 0.9900 0.0212
vn -0.1419 0.9897 0.0191
vn -0.1419 0.9897 0.0191
vn -0.1393 0.9900 0.0212
vn -0.1388 0.9903 0.0037
vn -0.1419 0.9897 0.0191
vn -0.1388 0.9903 0.0037
vn -0.1418 0.9899 -0.0001
vn -0.1418 0.9899 -0.0001
vn -0.1388 0.9903 0.0037
vn -0.1394 0.9902 -0.0053
vn -0.1418 0.9899 -0.0001
vn -0.1394 0.9902 -0.0053
vn -0.1428 0.9894 -0.0262
vn -0.1428 0.9894 -0.0262
vn -0.1394 0.9902 -0.0053
vn -0.1407 0.9893 -0.0395
vn -0.1428 0.9894 -0.0262
vn -0.1407 0.9893 -0.0395
vn -0.1445 0.9833 -0.1103
vn -0.1445 0.9833 -0.1103
vn -0.1407 0.9893 -0.0395
vn -0.1432 0.9851 -0.0958
vn -0.1445 0.9833 -0.1103
vn -0.1432 0.9851 -0.0958
vn -0.1445 0.9611 -0.2355
vn -0.1445 0.9611 -0.2355
vn -0.1432 0.9851 -0.0958
vn -0.1452 0.9710 -0.1898
vn -0.1445 0.9611 -0.2355
vn -0.1452 0.9710 -0.1898
vn -0.1375 0.8949 -0.4244
vn -0.1474 0.9468 -0.2861
vn -0.1452 0.9710 -0.1898
vn -0.1536 0.9871 -0.0462
vn -0.1720 0.7577 -0.6295
vn -0.1134 0.7596 -0.6404
vn -0.0952 0.6581 -0.7469
vn -0.1788 0.9810 -0.0756
vn -0.1536 0.9871 -0.0462
vn -0.1548 0.9828 -0.1003
vn -0.1229 0.4409 -0.8891
vn -0.0756 0.5464 -0.8341
vn -0.0622 0.3089 -0.9491
vn -0.1990 0.9583 -0.2053
vn -0.1548 0.9828 -0.1003
vn -0.0902 0.9916 -0.0930
vn -0.0622 0.3089 -0.9491
vn -0.0406 0.3669 -0.9294
vn -0.0165 0.2343 -0.9720
vn -0.0165 0.2343 -0.9720
vn -0.0406 0.3669 -0.9294
vn -0.0039 0.2523 -0.9676
vn -0.0165 0.2343 -0.9720
vn -0.0039 0.2523 -0.9676
vn -0.0002 0.2169 -0.9762
vn -0.0002 0.2169 -0.9762
vn -0.0039 0.2523 -0.9676
vn 0.0075 0.2527 -0.9675
vn -0.0002 0.2169 -0.9762
vn 0.0075 0.2527 -0.9675
vn 0.0102 0.2303 -0.9731
vn 0.2555 0.9302 -0.2637
vn 0.1007 0.9895 -0.1040
vn 0.1808 0.9765 -0.1172
vn 0.0102 0.2303 -0.9731
vn 0.0343 0.3798 -0.9244
vn 0.0514 0.3165 -0.9472
vn 0.2086 0.9740 -0.0882
vn 0.1808 0.9765 -0.1172
vn 0.1716 0.9838 -0.0516
vn 0.0514 0.3165 -0.9472
vn 0.0733 0.5827 -0.8094
vn 0.1064 0.4485 -0.8874
vn 0.1807 0.9828 -0.0391
vn 0.1716 0.9838 -0.0516
vn 0.1594 0.9869 -0.0253
vn 0.0916 0.6890 -0.7190
vn 0.1084 0.7834 -0.6120
vn 0.1204 0.8580 -0.4993
vn 0.1458 0.9585 -0.2451
vn 0.1594 0.9869 -0.0253
vn 0.1449 0.9776 -0.1529
vn 0.1355 0.9154 -0.3790
vn 0.1449 0.9776 -0.1529
vn 0.1414 0.9676 -0.2092
vn 0.1414 0.9676 -0.2092
vn 0.1449 0.9776 -0.1529
vn 0.1421 0.9870 -0.0746
vn 0.1414 0.9676 -0.2092
vn 0.1421 0.9870 -0.0746
vn 0.1421 0.9851 -0.0965
vn 0.1421 0.9851 -0.0965
vn 0.1421 0.9870 -0.0746
vn 0.1392 0.9900 -0.0212
vn 0.1421 0.9851 -0.0965
vn 0.1392 0.9900 -0.0212
vn 0.1418 0.9897 -0.0191
vn 0.1418 0.9897 -0.0191
vn 0.1392 0.9900 -0.0212
vn 0.1388 0.9903 -0.0037
vn 0.1418 0.9897 -0.0191
vn 0.1388 0.9903 -0.0037
vn 0.1418 0.9899 0.0001
vn 0.0000 -1.0000 0.0000
vn 0.1388 -0.9903 0.0028
vn 0.1395 -0.9901 0.0159
vn 0.0000 -1.0000 0.0000
vn 0.1395 -0.9901 0.0159
vn 0.1435 -0.9880 0.0565
vn 0.0000 -1.0000 0.0000
vn 0.1435 -0.9880 0.0565
vn 0.1486 -0.9819 0.1176
vn 0.0000 -1.0000 0.0000
vn 0.1486 -0.9819 0.1176
vn 0.1537 -0.9622 0.2250
vn 0.0000 -1.0000 0.0000
vn 0.1537 -0.9622 0.2250
vn 0.1730 -0.9842 0.0384
vn 0.0000 -1.0000 0.0000
vn 0.1730 -0.9842 0.0384
vn 0.1846 -0.9788 0.0885
vn 0.0000 -1.0000 0.0000
vn 0.1846 -0.9788 0.0885
vn 0.1026 -0.9916 0.0782
vn 0.0000 -1.0000 0.0000
vn 0.1026 -0.9916 0.0782
vn 0.0000 -1.0000 -0.0000
vn 0.0000 -1.0000 0.0000
vn 0.0000 -1.0000 -0.0000
vn -0.0916 -0.9933 0.0699
vn 0.0000 -1.0000 0.0000
vn -0.0916 -0.9933 0.0699
vn -0.1574 -0.9847 0.0754
vn 0.0000 -1.0000 0.0000
vn -0.1574 -0.9847 0.0754
vn -0.1547 -0.9874 0.0344
vn 0.0000 -1.0000 0.0000
vn -0.1547 -0.9874 0.0344
vn -0.1500 -0.9776 0.1477
vn 0.0000 -1.0000 0.0000
vn -0.1500 -0.9776 0.1477
vn -0.1451 -0.9867 0.0731
vn 0.0000 -1.0000 0.0000
vn -0.1451 -0.9867 0.0731
vn -0.1413 -0.9895 0.0299
vn 0.0000 -1.0000 0.0000
vn -0.1413 -0.9895 0.0299
vn -0.1395 -0.9902 0.0040
vn 0.0000 -1.0000 0.0000
vn -0.1395 -0.9902 0.0040
vn -0.1388 -0.9903 -0.0028
vn 0.0000 -1.0000 0.0000
vn -0.1388 -0.9903 -0.0028
vn -0.1392 -0.9901 -0.0159
vn 0.0000 -1.0000 0.0000
vn -0.1392 -0.9901 -0.0159
vn -0.1426 -0.9882 -0.0561
vn 0.0000 -1.0000 0.0000
vn -0.1426 -0.9882 -0.0561
vn -0.1466 -0.9824 -0.1161
vn 0.0000 -1.0000 0.0000
vn -0.1466 -0.9824 -0.1161
vn -0.1499 -0.9640 -0.2195
vn 0.0000 -1.0000 0.0000
vn -0.1499 -0.9640 -0.2195
vn -0.1722 -0.9843 -0.0383
vn 0.0000 -1.0000 0.0000
vn -0.1722 -0.9843 -0.0383
vn -0.1827 -0.9793 -0.0876
vn 0.0000 -1.0000 0.0000
vn -0.1827 -0.9793 -0.0876
vn -0.1017 -0.9918 -0.0775
vn 0.0000 -1.0000 0.0000
vn -0.1017 -0.9918 -0.0775
vn -0.0000 -1.0000 0.0000
vn 0.0000 -1.0000 0.0000
vn -0.0000 -1.0000 0.0000
vn 0.0909 -0.9934 -0.0693
vn 0.0000 -1.0000 0.0000
vn 0.0909 -0.9934 -0.0693
vn 0.1561 -0.9849 -0.0748
vn 0.0000 -1.0000 0.0000
vn 0.1561 -0.9849 -0.0748
vn 0.1482 -0.9501 -0.2746
vn 0.0000 -1.0000 0.0000
vn 0.1482 -0.9501 -0.2746
vn 0.1475 -0.9783 -0.1452
vn 0.0000 -1.0000 0.0000
vn 0.1475 -0.9783 -0.1452
vn 0.1439 -0.9869 -0.0725
vn 0.0000 -1.0000 0.0000
vn 0.1439 -0.9869 -0.0725
vn 0.1408 -0.9896 -0.0298
vn 0.0000 -1.0000 0.0000
vn 0.1408 -0.9896 -0.0298
vn 0.1394 -0.9902 -0.0040
vn 0.0000 -1.0000 0.0000
vn 0.1394 -0.9902 -0.0040
vn 0.1388 -0.9903 0.0028
vn 0.0000 1.0000 0.0000
vn 0.1395 0.9902 0.0053
vn 0.1388 0.9903 -0.0037
vn 0.0000 1.0000 0.0000
vn 0.1410 0.9892 0.0395
vn 0.1395 0.9902 0.0053
vn 0.0000 1.0000 0.0000
vn 0.1439 0.9849 0.0962
vn 0.1410 0.9892 0.0395
vn 0.0000 1.0000 0.0000
vn 0.1466 0.9704 0.1917
vn 0.1439 0.9849 0.0962
vn 0.0000 1.0000 0.0000
vn 0.1540 0.9870 0.0463
vn 0.1466 0.9704 0.1917
vn 0.0000 1.0000 0.0000
vn 0.1556 0.9827 0.1009
vn 0.1540 0.9870 0.0463
vn 0.0000 1.0000 0.0000
vn 0.0906 0.9915 0.0935
vn 0.1556 0.9827 0.1009
vn 0.0000 1.0000 0.0000
vn 0.0000 1.0000 -0.0000
vn 0.0906 0.9915 0.0935
vn 0.0000 1.0000 0.0000
vn -0.1013 0.9893 0.1045
vn 0.0000 1.0000 -0.0000
vn 0.0000 1.0000 0.0000
vn -0.1820 0.9762 0.1180
vn -0.1013 0.9893 0.1045
vn 0.0000 1.0000 0.0000
vn -0.1721 0.9837 0.0517
vn -0.1820 0.9762 0.1180
vn 0.0000 1.0000 0.0000
vn -0.1596 0.9869 0.0253
vn -0.1721 0.9837 0.0517
vn 0.0000 1.0000 0.0000
vn -0.1461 0.9772 0.1541
vn -0.1596 0.9869 0.0253
vn 0.0000 1.0000 0.0000
vn -0.1427 0.9869 0.0749
vn -0.1461 0.9772 0.1541
vn 0.0000 1.0000 0.0000
vn -0.1393 0.9900 0.0212
vn -0.1427 0.9869 0.0749
vn 0.0000 1.0000 0.0000
vn -0.1388 0.9903 0.0037
vn -0.1393 0.9900 0.0212
vn 0.0000 1.0000 0.0000
vn -0.1394 0.9902 -0.0053
vn -0.1388 0.9903 0.0037
vn 0.0000 1.0000 0.0000
vn -0.1407 0.9893 -0.0395
vn -0.1394 0.9902 -0.0053
vn 0.0000 1.0000 0.0000
vn -0.1432 0.9851 -0.0958
vn -0.1407 0.9893 -0.0395
vn 0.0000 1.0000 0.0000
vn -0.1452 0.9710 -0.1898
vn -0.1432 0.9851 -0.0958
vn 0.0000 1.0000 0.0000
vn -0.1536 0.9871 -0.0462
vn -0.1452 0.9710 -0.1898
vn 0.0000 1.0000 0.0000
vn -0.1548 0.9828 -0.1003
vn -0.1536 0.9871 -0.0462
vn 0.0000 1.0000 0.0000
vn -0.0902 0.9916 -0.0930
vn -0.1548 0.9828 -0.1003
vn 0.0000 1.0000 0.0000
vn -0.0000 1.0000 0.0000
vn -0.0902 0.9916 -0.0930
vn 0.0000 1.0000 0.0000
vn 0.1007 0.9895 -0.1040
vn -0.0000 1.0000 0.0000
vn 0.0000 1.0000 0.0000
vn 0.1808 0.9765 -0.1172
vn 0.1007 0.9895 -0.1040
vn 0.0000 1.0000 0.0000
vn 0.1716 0.9838 -0.0516
vn 0.1808 0.9765 -0.1172
vn 0.0000 1.0000 0.0000
vn 0.1594 0.9869 -0.0253
vn 0.1716 0.9838 -0.0516
vn 0.0000 1.0000 0.0000
vn 0.1449 0.9776 -0.1529
vn 0.1594 0.9869 -0.0253
vn 0.0000 1.0000 0.0000
vn 0.1421 0.9870 -0.0746
vn 0.1449 0.9776 -0.1529
vn 0.0000 1.0000 0.0000
vn 0.1392 0.9900 -0.0212
vn 0.1421 0.9870 -0.0746
vn 0.0000 1.0000 0.0000
vn 0.1388 0.9903 -0.0037
vn 0.1392 0.9900 -0.0212
vn 0.9833 -0.0528 -0.1740
vn 0.9738 -0.0184 -0.2267
vn 0.9607 0.0187 -0.2768
vn 0.9833 -0.0528 -0.1740
vn 0.9798 -0.0596 -0.1910
vn 0.9727 -0.2295 -0.0355
vn 0.7837 0.2913 -0.5486
vn 0.9521 0.0469 -0.3023
vn 0.7834 0.2927 -0.5484
vn 0.7837 0.2913 -0.5486
vn 0.7834 0.2927 -0.5484
vn 0.7837 0.2913 -0.5486
vn 0.0000 0.7330 -0.6803
vn 0.0000 0.7353 -0.6778
vn 0.0000 0.7341 -0.6790
vn 0.0000 0.7330 -0.6803
vn 0.0000 0.7341 -0.6790
vn 0.0000 0.7330 -0.6803
vn -0.7837 0.2913 -0.5486
vn -0.7832 0.2934 -0.5482
vn -0.9667 -0.0096 -0.2556
vn -0.7837 0.2913 -0.5486
vn -0.9667 -0.0096 -0.2556
vn -0.9743 -0.0649 -0.2157
vn -0.9830 -0.0507 -0.1765
vn -0.9667 -0.0096 -0.2556
vn -0.9811 -0.0297 -0.1913
vn -0.9833 -0.0528 -0.1740
vn -0.9811 -0.0297 -0.1913
vn -0.9993 0.0000 -0.0365
vn 0.9738 -0.0184 -0.2267
vn 0.9689 -0.0111 -0.2471
vn 0.9521 0.0333 -0.3040
vn 0.9738 -0.0184 -0.2267
vn 0.9521 0.0333 -0.3040
vn 0.9607 0.0187 -0.2768
vn 0.9521 0.0469 -0.3023
vn 0.9521 0.0333 -0.3040
vn 0.7843 0.2891 -0.5490
vn 0.9521 0.0469 -0.3023
vn 0.7843 0.2891 -0.5490
vn 0.7834 0.2927 -0.5484
vn 0.0000 0.7353 -0.6778
vn 0.0000 0.7258 -0.6880
vn 0.0000 0.7312 -0.6822
vn 0.0000 0.7353 -0.6778
vn 0.0000 0.7312 -0.6822
vn 0.0000 0.7341 -0.6790
vn -0.7832 0.2934 -0.5482
vn -0.7852 0.2851 -0.5497
vn -0.9579 0.0149 -0.2868
vn -0.7832 0.2934 -0.5482
vn -0.9579 0.0149 -0.2868
vn -0.9667 -0.0096 -0.2556
vn -0.9667 -0.0096 -0.2556
vn -0.9579 0.0149 -0.2868
vn -0.9717 -0.0154 -0.2358
vn -0.9667 -0.0096 -0.2556
vn -0.9717 -0.0154 -0.2358
vn -0.9811 -0.0297 -0.1913
vn 0.9689 -0.0111 -0.2471
vn 0.9666 -0.0078 -0.2562
vn 0.9490 0.0364 -0.3131
vn 0.9689 -0.0111 -0.2471
vn 0.9490 0.0364 -0.3131
vn 0.9521 0.0333 -0.3040
vn 0.9521 0.0333 -0.3040
vn 0.9490 0.0364 -0.3131
vn 0.7874 0.2759 -0.5512
vn 0.9521 0.0333 -0.3040
vn 0.7874 0.2759 -0.5512
vn 0.7843 0.2891 -0.5490
vn 0.0000 0.7258 -0.6880
vn 0.0000 0.7065 -0.7078
vn 0.0000 0.7134 -0.7007
vn 0.0000 0.7258 -0.6880
vn 0.0000 0.7134 -0.7007
vn 0.0000 0.7312 -0.6822
vn -0.7852 0.2851 -0.5497
vn -0.7886 0.2710 -0.5520
vn -0.9536 0.0242 -0.3002
vn -0.7852 0.2851 -0.5497
vn -0.9536 0.0242 -0.3002
vn -0.9579 0.0149 -0.2868
vn -0.9579 0.0149 -0.2868
vn -0.9536 0.0242 -0.3002
vn -0.9680 -0.0100 -0.2508
vn -0.9579 0.0149 -0.2868
vn -0.9680 -0.0100 -0.2508
vn -0.9717 -0.0154 -0.2358
vn 0.9666 -0.0078 -0.2562
vn 0.9653 -0.0058 -0.2612
vn 0.9476 0.0361 -0.3175
vn 0.9666 -0.0078 -0.2562
vn 0.9476 0.0361 -0.3175
vn 0.9490 0.0364 -0.3131
vn 0.9490 0.0364 -0.3131
vn 0.9476 0.0361 -0.3175
vn 0.7911 0.2597 -0.5538
vn 0.9490 0.0364 -0.3131
vn 0.7911 0.2597 -0.5538
vn 0.7874 0.2759 -0.5512
vn 0.0000 0.7065 -0.7078
vn 0.0000 0.6808 -0.7325
vn 0.0000 0.6902 -0.7236
vn 0.0000 0.7065 -0.7078
vn 0.0000 0.6902 -0.7236
vn 0.0000 0.7134 -0.7007
vn -0.7886 0.2710 -0.5520
vn -0.7925 0.2536 -0.5547
vn -0.9511 0.0279 -0.3075
vn -0.7886 0.2710 -0.5520
vn -0.9511 0.0279 -0.3075
vn -0.9536 0.0242 -0.3002
vn -0.9536 0.0242 -0.3002
vn -0.9511 0.0279 -0.3075
vn -0.9661 -0.0072 -0.2582
vn -0.9536 0.0242 -0.3002
vn -0.9661 -0.0072 -0.2582
vn -0.9680 -0.0100 -0.2508
vn 0.9653 -0.0058 -0.2612
vn 0.9644 -0.0044 -0.2644
vn 0.9468 0.0336 -0.3200
vn 0.9653 -0.0058 -0.2612
vn 0.9468 0.0336 -0.3200
vn 0.9476 0.0361 -0.3175
vn 0.9476 0.0361 -0.3175
vn 0.9468 0.0336 -0.3200
vn 0.7955 0.2388 -0.5569
vn 0.9476 0.0361 -0.3175
vn 0.7955 0.2388 -0.5569
vn 0.7911 0.2597 -0.5538
vn 0.0000 0.6808 -0.7325
vn 0.0000 0.6431 -0.7658
vn 0.0000 0.6574 -0.7535
vn 0.0000 0.6808 -0.7325
vn 0.0000 0.6574 -0.7535
vn 0.0000 0.6902 -0.7236
vn -0.7925 0.2536 -0.5547
vn -0.7972 0.2304 -0.5580
vn -0.9496 0.0286 -0.3122
vn -0.7925 0.2536 -0.5547
vn -0.9496 0.0286 -0.3122
vn -0.9511 0.0279 -0.3075
vn -0.9511 0.0279 -0.3075
vn -0.9496 0.0286 -0.3122
vn -0.9649 -0.0055 -0.2625
vn -0.9511 0.0279 -0.3075
vn -0.9649 -0.0055 -0.2625
vn -0.9661 -0.0072 -0.2582
vn 0.9644 -0.0044 -0.2644
vn 0.9638 -0.0031 -0.2665
vn 0.9465 0.0282 -0.3214
vn 0.9644 -0.0044 -0.2644
vn 0.9465 0.0282 -0.3214
vn 0.9468 0.0336 -0.3200
vn 0.9468 0.0336 -0.3200
vn 0.9465 0.0282 -0.3214
vn 0.8014 0.2073 -0.5610
vn 0.9468 0.0336 -0.3200
vn 0.8014 0.2073 -0.5610
vn 0.7955 0.2388 -0.5569
vn 0.0000 0.6431 -0.7658
vn 0.0000 0.5728 -0.8197
vn 0.0000 0.6016 -0.7988
vn 0.0000 0.6431 -0.7658
vn 0.0000 0.6016 -0.7988
vn 0.0000 0.6574 -0.7535
vn -0.7972 0.2304 -0.5580
vn -0.8038 0.1931 -0.5627
vn -0.9486 0.0266 -0.3155
vn -0.7972 0.2304 -0.5580
vn -0.9486 0.0266 -0.3155
vn -0.9496 0.0286 -0.3122
vn -0.9496 0.0286 -0.3122
vn -0.9486 0.0266 -0.3155
vn -0.9642 -0.0042 -0.2652
vn -0.9496 0.0286 -0.3122
vn -0.9642 -0.0042 -0.2652
vn -0.9649 -0.0055 -0.2625
vn 0.9638 -0.0031 -0.2665
vn 0.9636 0.0003 -0.2674
vn 0.9471 0.0059 -0.3209
vn 0.9638 -0.0031 -0.2665
vn 0.9471 0.0059 -0.3209
vn 0.9465 0.0282 -0.3214
vn 0.9465 0.0282 -0.3214
vn 0.9471 0.0059 -0.3209
vn 0.8141 0.1120 -0.5699
vn 0.9465 0.0282 -0.3214
vn 0.8141 0.1120 -0.5699
vn 0.8014 0.2073 -0.5610
vn 0.0000 0.5728 -0.8197
vn 0.0000 0.5415 -0.8407
vn 0.0000 0.5415 -0.8407
vn 0.0000 0.5728 -0.8197
vn 0.0000 0.5415 -0.8407
vn 0.0000 0.6016 -0.7988
vn -0.8038 0.1931 -0.5627
vn -0.8183 0.0481 -0.5728
vn -0.9477 0.0159 -0.3187
vn -0.8038 0.1931 -0.5627
vn -0.9477 0.0159 -0.3187
vn -0.9486 0.0266 -0.3155
vn -0.9486 0.0266 -0.3155
vn -0.9477 0.0159 -0.3187
vn -0.9637 -0.0030 -0.2670
vn -0.9486 0.0266 -0.3155
vn -0.9637 -0.0030 -0.2670
vn -0.9642 -0.0042 -0.2652
vn 0.9636 0.0003 -0.2674
vn 0.9636 -0.0003 -0.2673
vn 0.9474 0.0009 -0.3200
vn 0.9636 0.0003 -0.2674
vn 0.9474 0.0009 -0.3200
vn 0.9471 0.0059 -0.3209
vn 0.9471 0.0059 -0.3209
vn 0.9474 0.0009 -0.3200
vn 0.8192 -0.0069 -0.5734
vn 0.9471 0.0059 -0.3209
vn 0.8192 -0.0069 -0.5734
vn 0.8141 0.1120 -0.5699
vn 0.0000 -0.0675 -0.9977
vn 0.0000 0.0188 -0.9998
vn 0.0000 -0.0244 -0.9997
vn 0.0000 -0.0675 -0.9977
vn 0.0000 -0.0244 -0.9997
vn 0.0000 -0.0675 -0.9977
vn -0.8183 0.0481 -0.5728
vn -0.8192 0.0054 -0.5735
vn -0.9474 -0.0011 -0.3200
vn -0.8183 0.0481 -0.5728
vn -0.9474 -0.0011 -0.3200
vn -0.9477 0.0159 -0.3187
vn -0.9477 0.0159 -0.3187
vn -0.9474 -0.0011 -0.3200
vn -0.9636 0.0003 -0.2673
vn -0.9477 0.0159 -0.3187
vn -0.9636 0.0003 -0.2673
vn -0.9637 -0.0030 -0.2670
vn 0.9636 -0.0003 -0.2673
vn 0.9636 -0.0002 -0.2675
vn 0.9473 0.0020 -0.3203
vn 0.9636 -0.0003 -0.2673
vn 0.9473 0.0020 -0.3203
vn 0.9474 0.0009 -0.3200
vn 0.9474 0.0009 -0.3200
vn 0.9473 0.0020 -0.3203
vn 0.8191 0.0162 -0.5734
vn 0.9474 0.0009 -0.3200
vn 0.8191 0.0162 -0.5734
vn 0.8192 -0.0069 -0.5734
vn 0.0000 0.0188 -0.9998
vn 0.0000 0.0524 -0.9986
vn 0.0000 0.0572 -0.9984
vn 0.0000 0.0188 -0.9998
vn 0.0000 0.0572 -0.9984
vn 0.0000 -0.0244 -0.9997
vn -0.8192 0.0054 -0.5735
vn -0.8191 0.0148 -0.5734
vn -0.9475 0.0022 -0.3199
vn -0.8192 0.0054 -0.5735
vn -0.9475 0.0022 -0.3199
vn -0.9474 -0.0011 -0.3200
vn -0.9474 -0.0011 -0.3200
vn -0.9475 0.0022 -0.3199
vn -0.9636 -0.0003 -0.2674
vn -0.9474 -0.0011 -0.3200
vn -0.9636 -0.0003 -0.2674
vn -0.9636 0.0003 -0.2673
vn 0.9636 -0.0002 -0.2675
vn 0.9635 -0.0001 -0.2675
vn 0.9473 0.0015 -0.3203
vn 0.9636 -0.0002 -0.2675
vn 0.9473 0.0015 -0.3203
vn 0.9473 0.0020 -0.3203
vn 0.9473 0.0020 -0.3203
vn 0.9473 0.0015 -0.3203
vn 0.8192 0.0121 -0.5734
vn 0.9473 0.0020 -0.3203
vn 0.8192 0.0121 -0.5734
vn 0.8191 0.0162 -0.5734
vn 0.0000 0.0524 -0.9986
vn 0.0000 0.0381 -0.9993
vn 0.0000 0.0429 -0.9991
vn 0.0000 0.0524 -0.9986
vn 0.0000 0.0429 -0.9991
vn 0.0000 0.0572 -0.9984
vn -0.8191 0.0148 -0.5734
vn -0.8192 0.0108 -0.5734
vn -0.9474 0.0017 -0.3200
vn -0.8191 0.0148 -0.5734
vn -0.9474 0.0017 -0.3200
vn -0.9475 0.0022 -0.3199
vn -0.9475 0.0022 -0.3199
vn -0.9474 0.0017 -0.3200
vn -0.9636 -0.0002 -0.2675
vn -0.9475 0.0022 -0.3199
vn -0.9636 -0.0002 -0.2675
vn -0.9636 -0.0003 -0.2674
vn 0.9635 -0.0001 -0.2675
vn 0.9635 -0.0001 -0.2676
vn 0.9473 0.0009 -0.3203
vn 0.9635 -0.0001 -0.2675
vn 0.9473 0.0009 -0.3203
vn 0.9473 0.0015 -0.3203
vn 0.9473 0.0015 -0.3203
vn 0.9473 0.0009 -0.3203
vn 0.8192 0.0081 -0.5734
vn 0.9473 0.0015 -0.3203
vn 0.8192 0.0081 -0.5734
vn 0.8192 0.0121 -0.5734
vn 0.0000 0.0381 -0.9993
vn 0.0000 0.0238 -0.9997
vn 0.0000 0.0286 -0.9996
vn 0.0000 0.0381 -0.9993
vn 0.0000 0.0286 -0.9996
vn 0.0000 0.0429 -0.9991
vn -0.8192 0.0108 -0.5734
vn -0.8192 0.0067 -0.5734
vn -0.9474 0.0011 -0.3201
vn -0.8192 0.0108 -0.5734
vn -0.9474 0.0011 -0.3201
vn -0.9474 0.0017 -0.3200
vn -0.9474 0.0017 -0.3200
vn -0.9474 0.0011 -0.3201
vn -0.9635 -0.0001 -0.2676
vn -0.9474 0.0017 -0.3200
vn -0.9635 -0.0001 -0.2676
vn -0.9636 -0.0002 -0.2675
vn 0.9635 -0.0001 -0.2676
vn 0.9635 -0.0000 -0.2676
vn 0.9473 0.0004 -0.3203
vn 0.9635 -0.0001 -0.2676
vn 0.9473 0.0004 -0.3203
vn 0.9473 0.0009 -0.3203
vn 0.9473 0.0009 -0.3203
vn 0.9473 0.0004 -0.3203
vn 0.8192 0.0040 -0.5735
vn 0.9473 0.0009 -0.3203
vn 0.8192 0.0040 -0.5735
vn 0.8192 0.0081 -0.5734
vn 0.0000 0.0238 -0.9997
vn 0.0000 0.0095 -1.0000
vn 0.0000 0.0143 -0.9999
vn 0.0000 0.0238 -0.9997
vn 0.0000 0.0143 -0.9999
vn 0.0000 0.0286 -0.9996
vn -0.8192 0.0067 -0.5734
vn -0.8192 0.0027 -0.5735
vn -0.9473 0.0006 -0.3202
vn -0.8192 0.0067 -0.5734
vn -0.9473 0.0006 -0.3202
vn -0.9474 0.0011 -0.3201
vn -0.9474 0.0011 -0.3201
vn -0.9473 0.0006 -0.3202
vn -0.9635 -0.0001 -0.2676
vn -0.9474 0.0011 -0.3201
vn -0.9635 -0.0001 -0.2676
vn -0.9635 -0.0001 -0.2676
vn 0.9635 -0.0000 -0.2676
vn 0.9635 0.0000 -0.2676
vn 0.9473 -0.0002 -0.3203
vn 0.9635 -0.0000 -0.2676
vn 0.9473 -0.0002 -0.3203
vn 0.9473 0.0004 -0.3203
vn 0.9473 0.0004 -0.3203
vn 0.9473 -0.0002 -0.3203
vn 0.8192 -0.0000 -0.5735
vn 0.9473 0.0004 -0.3203
vn 0.8192 -0.0000 -0.5735
vn 0.8192 0.0040 -0.5735
vn 0.0000 0.0095 -1.0000
vn 0.0000 -0.0049 -1.0000
vn 0.0000 -0.0001 -1.0000
vn 0.0000 0.0095 -1.0000
vn 0.0000 -0.0001 -1.0000
vn 0.0000 0.0143 -0.9999
vn -0.8192 0.0027 -0.5735
vn -0.8192 -0.0014 -0.5735
vn -0.9473 0.0000 -0.3203
vn -0.8192 0.0027 -0.5735
vn -0.9473 0.0000 -0.3203
vn -0.9473 0.0006 -0.3202
vn -0.9473 0.0006 -0.3202
vn -0.9473 0.0000 -0.3203
vn -0.9635 -0.0000 -0.2676
vn -0.9473 0.0006 -0.3202
vn -0.9635 -0.0000 -0.2676
vn -0.9635 -0.0001 -0.2676
vn 0.9635 0.0000 -0.2676
vn 0.9635 0.0001 -0.2676
vn 0.9474 -0.0008 -0.3202
vn 0.9635 0.0000 -0.2676
vn 0.9474 -0.0008 -0.3202
vn 0.9473 -0.0002 -0.3203
vn 0.9473 -0.0002 -0.3203
vn 0.9474 -0.0008 -0.3202
vn 0.8192 -0.0041 -0.5735
vn 0.9473 -0.0002 -0.3203
vn 0.8192 -0.0041 -0.5735
vn 0.8192 -0.0000 -0.5735
vn 0.0000 -0.0049 -1.0000
vn 0.0000 -0.0192 -0.9998
vn 0.0000 -0.0144 -0.9999
vn 0.0000 -0.0049 -1.0000
vn 0.0000 -0.0144 -0.9999
vn 0.0000 -0.0001 -1.0000
vn -0.8192 -0.0014 -0.5735
vn -0.8192 -0.0054 -0.5735
vn -0.9473 -0.0005 -0.3203
vn -0.8192 -0.0014 -0.5735
vn -0.9473 -0.0005 -0.3203
vn -0.9473 0.0000 -0.3203
vn -0.9473 0.0000 -0.3203
vn -0.9473 -0.0005 -0.3203
vn -0.9635 0.0000 -0.2676
vn -0.9473 0.0000 -0.3203
vn -0.9635 0.0000 -0.2676
vn -0.9635 -0.0000 -0.2676
vn 0.9635 0.0001 -0.2676
vn 0.9635 0.0002 -0.2675
vn 0.9474 -0.0013 -0.3201
vn 0.9635 0.0001 -0.2676
vn 0.9474 -0.0013 -0.3201
vn 0.9474 -0.0008 -0.3202
vn 0.9474 -0.0008 -0.3202
vn 0.9474 -0.0013 -0.3201
vn 0.8192 -0.0081 -0.5734
vn 0.9474 -0.0008 -0.3202
vn 0.8192 -0.0081 -0.5734
vn 0.8192 -0.0041 -0.5735
vn 0.0000 -0.0192 -0.9998
vn 0.0000 -0.0335 -0.9994
vn 0.0000 -0.0288 -0.9996
vn 0.0000 -0.0192 -0.9998
vn 0.0000 -0.0288 -0.9996
vn 0.0000 -0.0144 -0.9999
vn -0.8192 -0.0054 -0.5735
vn -0.8192 -0.0095 -0.5734
vn -0.9473 -0.0011 -0.3203
vn -0.8192 -0.0054 -0.5735
vn -0.9473 -0.0011 -0.3203
vn -0.9473 -0.0005 -0.3203
vn -0.9473 -0.0005 -0.3203
vn -0.9473 -0.0011 -0.3203
vn -0.9635 0.0001 -0.2676
vn -0.9473 -0.0005 -0.3203
vn -0.9635 0.0001 -0.2676
vn -0.9635 0.0000 -0.2676
vn 0.9635 0.0002 -0.2675
vn 0.9636 0.0002 -0.2675
vn 0.9474 -0.0019 -0.3200
vn 0.9635 0.0002 -0.2675
vn 0.9474 -0.0019 -0.3200
vn 0.9474 -0.0013 -0.3201
vn 0.9474 -0.0013 -0.3201
vn 0.9474 -0.0019 -0.3200
vn 0.8192 -0.0122 -0.5734
vn 0.9474 -0.0013 -0.3201
vn 0.8192 -0.0122 -0.5734
vn 0.8192 -0.0081 -0.5734
vn 0.0000 -0.0335 -0.9994
vn 0.0000 -0.0479 -0.9989
vn 0.0000 -0.0431 -0.9991
vn 0.0000 -0.0335 -0.9994
vn 0.0000 -0.0431 -0.9991
vn 0.0000 -0.0288 -0.9996
vn -0.8192 -0.0095 -0.5734
vn -0.8192 -0.0135 -0.5734
vn -0.9473 -0.0017 -0.3203
vn -0.8192 -0.0095 -0.5734
vn -0.9473 -0.0017 -0.3203
vn -0.9473 -0.0011 -0.3203
vn -0.9473 -0.0011 -0.3203
vn -0.9473 -0.0017 -0.3203
vn -0.9636 0.0002 -0.2675
vn -0.9473 -0.0011 -0.3203
vn -0.9636 0.0002 -0.2675
vn -0.9635 0.0001 -0.2676
vn 0.9636 0.0002 -0.2675
vn 0.9636 0.0003 -0.2673
vn 0.9475 -0.0024 -0.3198
vn 0.9636 0.0002 -0.2675
vn 0.9475 -0.0024 -0.3198
vn 0.9474 -0.0019 -0.3200
vn 0.9474 -0.0019 -0.3200
vn 0.9475 -0.0024 -0.3198
vn 0.8191 -0.0162 -0.5734
vn 0.9474 -0.0019 -0.3200
vn 0.8191 -0.0162 -0.5734
vn 0.8192 -0.0122 -0.5734
vn 0.0000 -0.0479 -0.9989
vn 0.0000 -0.0621 -0.9981
vn 0.0000 -0.0574 -0.9984
vn 0.0000 -0.0479 -0.9989
vn 0.0000 -0.0574 -0.9984
vn 0.0000 -0.0431 -0.9991
vn -0.8192 -0.0135 -0.5734
vn -0.8191 -0.0176 -0.5734
vn -0.9473 -0.0022 -0.3202
vn -0.8192 -0.0135 -0.5734
vn -0.9473 -0.0022 -0.3202
vn -0.9473 -0.0017 -0.3203
vn -0.9473 -0.0017 -0.3203
vn -0.9473 -0.0022 -0.3202
vn -0.9636 0.0002 -0.2674
vn -0.9473 -0.0017 -0.3203
vn -0.9636 0.0002 -0.2674
vn -0.9636 0.0002 -0.2675
vn 0.9636 0.0003 -0.2673
vn 0.9636 0.0004 -0.2672
vn 0.9476 -0.0032 -0.3196
vn 0.9636 0.0003 -0.2673
vn 0.9476 -0.0032 -0.3196
vn 0.9475 -0.0024 -0.3198
vn 0.9475 -0.0024 -0.3198
vn 0.9476 -0.0032 -0.3196
vn 0.8190 -0.0211 -0.5733
vn 0.9475 -0.0024 -0.3198
vn 0.8190 -0.0211 -0.5733
vn 0.8191 -0.0162 -0.5734
vn 0.0000 -0.0621 -0.9981
vn 0.0000 -0.0824 -0.9966
vn 0.0000 -0.0746 -0.9972
vn 0.0000 -0.0621 -0.9981
vn 0.0000 -0.0746 -0.9972
vn 0.0000 -0.0574 -0.9984
vn -0.8191 -0.0176 -0.5734
vn -0.8190 -0.0233 -0.5733
vn -0.9474 -0.0029 -0.3202
vn -0.8191 -0.0176 -0.5734
vn -0.9474 -0.0029 -0.3202
vn -0.9473 -0.0022 -0.3202
vn -0.9473 -0.0022 -0.3202
vn -0.9474 -0.0029 -0.3202
vn -0.9636 0.0003 -0.2673
vn -0.9473 -0.0022 -0.3202
vn -0.9636 0.0003 -0.2673
vn -0.9636 0.0002 -0.2674
vn 0.9636 0.0004 -0.2672
vn 0.9638 0.0026 -0.2666
vn 0.9479 -0.0153 -0.3182
vn 0.9636 0.0004 -0.2672
vn 0.9479 -0.0153 -0.3182
vn 0.9476 -0.0032 -0.3196
vn 0.9476 -0.0032 -0.3196
vn 0.9479 -0.0153 -0.3182
vn 0.8173 -0.0687 -0.5721
vn 0.9476 -0.0032 -0.3196
vn 0.8173 -0.0687 -0.5721
vn 0.8190 -0.0211 -0.5733
vn 0.0000 -0.0824 -0.9966
vn 0.0000 -0.0901 -0.9959
vn 0.0000 -0.0901 -0.9959
vn 0.0000 -0.0824 -0.9966
vn 0.0000 -0.0901 -0.9959
vn 0.0000 -0.0746 -0.9972
vn -0.8190 -0.0233 -0.5733
vn -0.8142 -0.1105 -0.5699
vn -0.9471 -0.0091 -0.3208
vn -0.8190 -0.0233 -0.5733
vn -0.9471 -0.0091 -0.3208
vn -0.9474 -0.0029 -0.3202
vn -0.9474 -0.0029 -0.3202
vn -0.9471 -0.0091 -0.3208
vn -0.9637 0.0004 -0.2671
vn -0.9474 -0.0029 -0.3202
vn -0.9637 0.0004 -0.2671
vn -0.9636 0.0003 -0.2673
vn 0.9638 0.0026 -0.2666
vn 0.9642 0.0031 -0.2652
vn 0.9486 -0.0206 -0.3159
vn 0.9638 0.0026 -0.2666
vn 0.9486 -0.0206 -0.3159
vn 0.9479 -0.0153 -0.3182
vn 0.9479 -0.0153 -0.3182
vn 0.9486 -0.0206 -0.3159
vn 0.8090 -0.1575 -0.5663
vn 0.9479 -0.0153 -0.3182
vn 0.8090 -0.1575 -0.5663
vn 0.8173 -0.0687 -0.5721
vn 0.0000 -0.4832 -0.8755
vn 0.0000 -0.5002 -0.8659
vn 0.0000 -0.4918 -0.8707
vn 0.0000 -0.4832 -0.8755
vn 0.0000 -0.4918 -0.8707
vn 0.0000 -0.4832 -0.8755
vn -0.8142 -0.1105 -0.5699
vn -0.8085 -0.1610 -0.5660
vn -0.9469 -0.0226 -0.3207
vn -0.8142 -0.1105 -0.5699
vn -0.9469 -0.0226 -0.3207
vn -0.9471 -0.0091 -0.3208
vn -0.9471 -0.0091 -0.3208
vn -0.9469 -0.0226 -0.3207
vn -0.9639 0.0027 -0.2662
vn -0.9471 -0.0091 -0.3208
vn -0.9639 0.0027 -0.2662
vn -0.9637 0.0004 -0.2671
vn 0.9642 0.0031 -0.2652
vn 0.9647 0.0036 -0.2633
vn 0.9492 -0.0207 -0.3139
vn 0.9642 0.0031 -0.2652
vn 0.9492 -0.0207 -0.3139
vn 0.9486 -0.0206 -0.3159
vn 0.9486 -0.0206 -0.3159
vn 0.9492 -0.0207 -0.3139
vn 0.8078 -0.1666 -0.5654
vn 0.9486 -0.0206 -0.3159
vn 0.8078 -0.1666 -0.5654
vn 0.8090 -0.1575 -0.5663
vn 0.0000 -0.5002 -0.8659
vn 0.0000 -0.5184 -0.8551
vn 0.0000 -0.5134 -0.8581
vn 0.0000 -0.5002 -0.8659
vn 0.0000 -0.5134 -0.8581
vn 0.0000 -0.4918 -0.8707
vn -0.8085 -0.1610 -0.5660
vn -0.8075 -0.1688 -0.5652
vn -0.9474 -0.0235 -0.3193
vn -0.8085 -0.1610 -0.5660
vn -0.9474 -0.0235 -0.3193
vn -0.9469 -0.0226 -0.3207
vn -0.9469 -0.0226 -0.3207
vn -0.9474 -0.0235 -0.3193
vn -0.9644 0.0032 -0.2646
vn -0.9469 -0.0226 -0.3207
vn -0.9644 0.0032 -0.2646
vn -0.9639 0.0027 -0.2662
vn 0.9647 0.0036 -0.2633
vn 0.9654 0.0041 -0.2608
vn 0.9501 -0.0202 -0.3113
vn 0.9647 0.0036 -0.2633
vn 0.9501 -0.0202 -0.3113
vn 0.9492 -0.0207 -0.3139
vn 0.9492 -0.0207 -0.3139
vn 0.9501 -0.0202 -0.3113
vn 0.8069 -0.1725 -0.5649
vn 0.9492 -0.0207 -0.3139
vn 0.8069 -0.1725 -0.5649
vn 0.8078 -0.1666 -0.5654
vn 0.0000 -0.5184 -0.8551
vn 0.0000 -0.5305 -0.8477
vn 0.0000 -0.5269 -0.8499
vn 0.0000 -0.5184 -0.8551
vn 0.0000 -0.5269 -0.8499
vn 0.0000 -0.5134 -0.8581
vn -0.8075 -0.1688 -0.5652
vn -0.8067 -0.1741 -0.5647
vn -0.9480 -0.0237 -0.3175
vn -0.8075 -0.1688 -0.5652
vn -0.9480 -0.0237 -0.3175
vn -0.9474 -0.0235 -0.3193
vn -0.9474 -0.0235 -0.3193
vn -0.9480 -0.0237 -0.3175
vn -0.9649 0.0037 -0.2625
vn -0.9474 -0.0235 -0.3193
vn -0.9649 0.0037 -0.2625
vn -0.9644 0.0032 -0.2646
vn 0.9654 0.0041 -0.2608
vn 0.9663 0.0049 -0.2576
vn 0.9512 -0.0191 -0.3079
vn 0.9654 0.0041 -0.2608
vn 0.9512 -0.0191 -0.3079
vn 0.9501 -0.0202 -0.3113
vn 0.9501 -0.0202 -0.3113
vn 0.9512 -0.0191 -0.3079
vn 0.8063 -0.1769 -0.5644
vn 0.9501 -0.0202 -0.3113
vn 0.8063 -0.1769 -0.5644
vn 0.8069 -0.1725 -0.5649
vn 0.0000 -0.5305 -0.8477
vn 0.0000 -0.5396 -0.8419
vn 0.0000 -0.5368 -0.8437
vn 0.0000 -0.5305 -0.8477
vn 0.0000 -0.5368 -0.8437
vn 0.0000 -0.5269 -0.8499
vn -0.8067 -0.1741 -0.5647
vn -0.8061 -0.1782 -0.5643
vn -0.9488 -0.0234 -0.3150
vn -0.8067 -0.1741 -0.5647
vn -0.9488 -0.0234 -0.3150
vn -0.9480 -0.0237 -0.3175
vn -0.9480 -0.0237 -0.3175
vn -0.9488 -0.0234 -0.3150
vn -0.9656 0.0043 -0.2598
vn -0.9480 -0.0237 -0.3175
vn -0.9656 0.0043 -0.2598
vn -0.9649 0.0037 -0.2625
vn 0.9663 0.0049 -0.2576
vn 0.9674 0.0059 -0.2530
vn 0.9527 -0.0174 -0.3034
vn 0.9663 0.0049 -0.2576
vn 0.9527 -0.0174 -0.3034
vn 0.9512 -0.0191 -0.3079
vn 0.9512 -0.0191 -0.3079
vn 0.9527 -0.0174 -0.3034
vn 0.8058 -0.1805 -0.5640
vn 0.9512 -0.0191 -0.3079
vn 0.8058 -0.1805 -0.5640
vn 0.8063 -0.1769 -0.5644
vn 0.0000 -0.5396 -0.8419
vn 0.0000 -0.5470 -0.8371
vn 0.0000 -0.5447 -0.8386
vn 0.0000 -0.5396 -0.8419
vn 0.0000 -0.5447 -0.8386
vn 0.0000 -0.5368 -0.8437
vn -0.8061 -0.1782 -0.5643
vn -0.8056 -0.1815 -0.5639
vn -0.9500 -0.0225 -0.3115
vn -0.8061 -0.1782 -0.5643
vn -0.9500 -0.0225 -0.3115
vn -0.9488 -0.0234 -0.3150
vn -0.9488 -0.0234 -0.3150
vn -0.9500 -0.0225 -0.3115
vn -0.9666 0.0051 -0.2562
vn -0.9488 -0.0234 -0.3150
vn -0.9666 0.0051 -0.2562
vn -0.9656 0.0043 -0.2598
vn 0.9674 0.0059 -0.2530
vn 0.9692 0.0073 -0.2462
vn 0.9548 -0.0145 -0.2968
vn 0.9674 0.0059 -0.2530
vn 0.9548 -0.0145 -0.2968
vn 0.9527 -0.0174 -0.3034
vn 0.9527 -0.0174 -0.3034
vn 0.9548 -0.0145 -0.2968
vn 0.8053 -0.1835 -0.5637
vn 0.9527 -0.0174 -0.3034
vn 0.8053 -0.1835 -0.5637
vn 0.8058 -0.1805 -0.5640
vn 0.0000 -0.5470 -0.8371
vn 0.0000 -0.5532 -0.8331
vn 0.0000 -0.5512 -0.8343
vn 0.0000 -0.5470 -0.8371
vn 0.0000 -0.5512 -0.8343
vn 0.0000 -0.5447 -0.8386
vn -0.8056 -0.1815 -0.5639
vn -0.8052 -0.1844 -0.5636
vn -0.9517 -0.0209 -0.3063
vn -0.8056 -0.1815 -0.5639
vn -0.9517 -0.0209 -0.3063
vn -0.9500 -0.0225 -0.3115
vn -0.9500 -0.0225 -0.3115
vn -0.9517 -0.0209 -0.3063
vn -0.9680 0.0063 -0.2511
vn -0.9500 -0.0225 -0.3115
vn -0.9680 0.0063 -0.2511
vn -0.9666 0.0051 -0.2562
vn 0.9692 0.0073 -0.2462
vn 0.9719 0.0097 -0.2352
vn 0.9580 -0.0099 -0.2866
vn 0.9692 0.0073 -0.2462
vn 0.9580 -0.0099 -0.2866
vn 0.9548 -0.0145 -0.2968
vn 0.9548 -0.0145 -0.2968
vn 0.9580 -0.0099 -0.2866
vn 0.8049 -0.1861 -0.5634
vn 0.9548 -0.0145 -0.2968
vn 0.8049 -0.1861 -0.5634
vn 0.8053 -0.1835 -0.5637
vn 0.0000 -0.5532 -0.8331
vn 0.0000 -0.5585 -0.8295
vn 0.0000 -0.5568 -0.8306
vn 0.0000 -0.5532 -0.8331
vn 0.0000 -0.5568 -0.8306
vn 0.0000 -0.5512 -0.8343
vn -0.8052 -0.1844 -0.5636
vn -0.8048 -0.1868 -0.5634
vn -0.9544 -0.0177 -0.2979
vn -0.8052 -0.1844 -0.5636
vn -0.9544 -0.0177 -0.2979
vn -0.9517 -0.0209 -0.3063
vn -0.9517 -0.0209 -0.3063
vn -0.9544 -0.0177 -0.2979
vn -0.9699 0.0080 -0.2432
vn -0.9517 -0.0209 -0.3063
vn -0.9699 0.0080 -0.2432
vn -0.9680 0.0063 -0.2511
vn 0.9719 0.0097 -0.2352
vn 0.9768 0.0142 -0.2139
vn 0.9633 -0.0013 -0.2686
vn 0.9719 0.0097 -0.2352
vn 0.9633 -0.0013 -0.2686
vn 0.9580 -0.0099 -0.2866
vn 0.9580 -0.0099 -0.2866
vn 0.9633 -0.0013 -0.2686
vn 0.8046 -0.1883 -0.5632
vn 0.9580 -0.0099 -0.2866
vn 0.8046 -0.1883 -0.5632
vn 0.8049 -0.1861 -0.5634
vn 0.0000 -0.5585 -0.8295
vn 0.0000 -0.5632 -0.8263
vn 0.0000 -0.5617 -0.8273
vn 0.0000 -0.5585 -0.8295
vn 0.0000 -0.5617 -0.8273
vn 0.0000 -0.5568 -0.8306
vn -0.8048 -0.1868 -0.5634
vn -0.8045 -0.1890 -0.5631
vn -0.9595 -0.0113 -0.2816
vn -0.8048 -0.1868 -0.5634
vn -0.9595 -0.0113 -0.2816
vn -0.9544 -0.0177 -0.2979
vn -0.9544 -0.0177 -0.2979
vn -0.9595 -0.0113 -0.2816
vn -0.9732 0.0108 -0.2297
vn -0.9544 -0.0177 -0.2979
vn -0.9732 0.0108 -0.2297
vn -0.9699 0.0080 -0.2432
vn 0.9768 0.0142 -0.2139
vn 0.9869 0.0236 -0.1594
vn 0.9732 0.0168 -0.2295
vn 0.9768 0.0142 -0.2139
vn 0.9732 0.0168 -0.2295
vn 0.9633 -0.0013 -0.2686
vn 0.9633 -0.0013 -0.2686
vn 0.9732 0.0168 -0.2295
vn 0.8048 -0.1866 -0.5634
vn 0.9633 -0.0013 -0.2686
vn 0.8048 -0.1866 -0.5634
vn 0.8046 -0.1883 -0.5632
vn 0.0000 -0.5632 -0.8263
vn 0.0000 -0.5460 -0.8378
vn 0.0000 -0.5554 -0.8316
vn 0.0000 -0.5632 -0.8263
vn 0.0000 -0.5554 -0.8316
vn 0.0000 -0.5617 -0.8273
vn -0.8045 -0.1890 -0.5631
vn -0.8054 -0.1831 -0.5638
vn -0.9625 -0.0165 -0.2708
vn -0.8045 -0.1890 -0.5631
vn -0.9625 -0.0165 -0.2708
vn -0.9595 -0.0113 -0.2816
vn -0.9595 -0.0113 -0.2816
vn -0.9711 0.0053 -0.2388
vn -0.9793 0.0167 -0.2017
vn -0.9595 -0.0113 -0.2816
vn -0.9793 0.0167 -0.2017
vn -0.9732 0.0108 -0.2297
vn 0.9869 0.0236 -0.1594
vn 0.9993 0.0000 -0.0365
vn 0.9887 0.0387 -0.1451
vn 0.9869 0.0236 -0.1594
vn 0.9887 0.0387 -0.1451
vn 0.9732 0.0168 -0.2295
vn 0.9732 0.0168 -0.2295
vn 0.9887 0.0387 -0.1451
vn 0.8063 -0.1768 -0.5644
vn 0.9732 0.0168 -0.2295
vn 0.8063 -0.1768 -0.5644
vn 0.8048 -0.1866 -0.5634
vn 0.0000 -0.5460 -0.8378
vn 0.0000 -0.5364 -0.8440
vn 0.0000 -0.5364 -0.8440
vn 0.0000 -0.5460 -0.8378
vn 0.0000 -0.5364 -0.8440
vn 0.0000 -0.5554 -0.8316
vn -0.8054 -0.1831 -0.5638
vn -0.8063 -0.1768 -0.5644
vn -0.8063 -0.1768 -0.5644
vn -0.8054 -0.1831 -0.5638
vn -0.8063 -0.1768 -0.5644
vn -0.9625 -0.0165 -0.2708
vn -0.9860 0.0489 -0.1593
vn -0.9898 0.1378 -0.0361
vn -0.9891 0.0403 -0.1416
vn -0.9711 0.0053 -0.2388
vn -0.9891 0.0403 -0.1416
vn -0.9793 0.0167 -0.2017
vn 0.0000 -1.0000 0.0000
vn 0.0000 -1.0000 0.0000
vn 0.0000 -1.0000 0.0000
vn 0.0000 -1.0000 0.0000
vn 0.0000 -1.0000 0.0000
vn 0.0000 -1.0000 0.0000
vn 0.0000 -1.0000 0.0000
vn 0.0000 -1.0000 0.0000
vn 0.0000 -1.0000 0.0000
vn 0.0000 -1.0000 0.0000
vn 0.0000 -1.0000 0.0000
vn 0.0000 -1.0000 0.0000
vn 0.0000 1.0000 0.0000
vn 0.0000 1.0000 0.0000
vn 0.0000 1.0000 0.0000
vn 0.0000 1.0000 0.0000
vn 0.0000 1.0000 0.0000
vn 0.0000 1.0000 0.0000
vn 0.0000 1.0000 0.0000
vn 0.0000 1.0000 0.0000
vn 0.0000 1.0000 0.0000
vn 0.0000 1.0000 0.0000
vn 0.0000 1.0000 0.0000
vn 0.0000 1.0000 0.0000
vn 0.0000 -0.9990 -0.0438
vn 0.0000 -0.9536 -0.3009
vn 0.0000 -0.9763 -0.2162
vn 0.0000 -0.9990 -0.0438
vn 0.0000 -0.9763 -0.2162
vn 0.0000 -0.9990 0.0438
vn 0.0000 -0.9536 -0.3009
vn 0.0000 -0.8433 -0.5375
vn 0.0000 -0.8871 -0.4616
vn 0.0000 -0.9536 -0.3009
vn 0.0000 -0.8871 -0.4616
vn 0.0000 -0.9763 -0.2162
vn 0.0000 -0.8433 -0.5375
vn 0.0000 -0.6754 -0.7374
vn 0.0000 -0.7374 -0.6754
vn 0.0000 -0.8433 -0.5375
vn 0.0000 -0.7374 -0.6754
vn 0.0000 -0.8871 -0.4616
vn 0.0000 -0.6754 -0.7374
vn 0.0000 -0.4616 -0.8871
vn 0.0000 -0.5375 -0.8433
vn 0.0000 -0.6754 -0.7374
vn 0.0000 -0.5375 -0.8433
vn 0.0000 -0.7374 -0.6754
vn 0.0000 -0.4616 -0.8871
vn 0.0000 -0.2162 -0.9763
vn 0.0000 -0.3009 -0.9536
vn 0.0000 -0.4616 -0.8871
vn 0.0000 -0.3009 -0.9536
vn 0.0000 -0.5375 -0.8433
vn 0.0000 -0.2162 -0.9763
vn 0.0000 0.0438 -0.9990
vn 0.0000 -0.0438 -0.9990
vn 0.0000 -0.2162 -0.9763
vn 0.0000 -0.0438 -0.9990
vn 0.0000 -0.3009 -0.9536
vn 0.0000 0.0438 -0.9990
vn 0.0000 0.3009 -0.9536
vn 0.0000 0.2162 -0.9763
vn 0.0000 0.0438 -0.9990
vn 0.0000 0.2162 -0.9763
vn 0.0000 -0.0438 -0.9990
vn 0.0000 0.3009 -0.9536
vn 0.0000 0.5375 -0.8433
vn 0.0000 0.4616 -0.8871
vn 0.0000 0.3009 -0.9536
vn 0.0000 0.4616 -0.8871
vn 0.0000 0.2162 -0.9763
vn 0.0000 0.5375 -0.8433
vn 0.0000 0.7374 -0.6754
vn 0.0000 0.6754 -0.7374
vn 0.0000 0.5375 -0.8433
vn 0.0000 0.6754 -0.7374
vn 0.0000 0.4616 -0.8871
vn 0.0000 0.7374 -0.6754
vn 0.0000 0.8871 -0.4616
vn 0.0000 0.8433 -0.5375
vn 0.0000 0.7374 -0.6754
vn 0.0000 0.8433 -0.5375
vn 0.0000 0.6754 -0.7374
vn 0.0000 0.8871 -0.4616
vn 0.0000 0.9763 -0.2162
vn 0.0000 0.9536 -0.3009
vn 0.0000 0.8871 -0.4616
vn 0.0000 0.9536 -0.3009
vn 0.0000 0.8433 -0.5375
vn 0.0000 0.9763 -0.2162
vn 0.0000 0.9990 0.0438
vn 0.0000 0.9990 -0.0438
vn 0.0000 0.9763 -0.2162
vn 0.0000 0.9990 -0.0438
vn 0.0000 0.9536 -0.3009
vn 0.0000 0.9990 0.0438
vn 0.0000 0.9536 0.3009
vn 0.0000 0.9763 0.2162
vn 0.0000 0.9990 0.0438
vn 0.0000 0.9763 0.2162
vn 0.0000 0.9990 -0.0438
vn 0.0000 0.9536 0.3009
vn 0.0000 0.8433 0.5375
vn 0.0000 0.8871 0.4616
vn 0.0000 0.9536 0.3009
vn 0.0000 0.8871 0.4616
vn 0.0000 0.9763 0.2162
vn 0.0000 0.8433 0.5375
vn 0.0000 0.6754 0.7374
vn 0.0000 0.7374 0.6754
vn 0.0000 0.8433 0.5375
vn 0.0000 0.7374 0.6754
vn 0.0000 0.8871 0.4616
vn 0.0000 0.6754 0.7374
vn 0.0000 0.4616 0.8871
vn 0.0000 0.5375 0.8433
vn 0.0000 0.6754 0.7374
vn 0.0000 0.5375 0.8433
vn 0.0000 0.7374 0.6754
vn 0.0000 0.4616 0.8871
vn 0.0000 0.2162 0.9763
vn 0.0000 0.3009 0.9536
vn 0.0000 0.4616 0.8871
vn 0.0000 0.3009 0.9536
vn 0.0000 0.5375 0.8433
vn 0.0000 0.2162 0.9763
vn 0.0000 -0.0438 0.9990
vn 0.0000 0.0438 0.9990
vn 0.0000 0.2162 0.9763
vn 0.0000 0.0438 0.9990
vn 0.0000 0.3009 0.9536
vn 0.0000 -0.0438 0.9990
vn 0.0000 -0.3009 0.9536
vn 0.0000 -0.2162 0.9763
vn 0.0000 -0.0438 0.9990
vn 0.0000 -0.2162 0.9763
vn 0.0000 0.0438 0.9990
vn 0.0000 -0.3009 0.9536
vn 0.0000 -0.5375 0.8433
vn 0.0000 -0.4616 0.8871
vn 0.0000 -0.3009 0.9536
vn 0.0000 -0.4616 0.8871
vn 0.0000 -0.2162 0.9763
vn 0.0000 -0.5375 0.8433
vn 0.0000 -0.7374 0.6754
vn 0.0000 -0.6754 0.7374
vn 0.0000 -0.5375 0.8433
vn 0.0000 -0.6754 0.7374
vn 0.0000 -0.4616 0.8871
vn 0.0000 -0.7374 0.6754
vn 0.0000 -0.8871 0.4616
vn 0.0000 -0.8433 0.5375
vn 0.0000 -0.7374 0.6754
vn 0.0000 -0.8433 0.5375
vn 0.0000 -0.6754 0.7374
vn 0.0000 -0.8871 0.4616
vn 0.0000 -0.9763 0.2162
vn 0.0000 -0.9536 0.3009
vn 0.0000 -0.8871 0.4616
vn 0.0000 -0.9536 0.3009
vn 0.0000 -0.8433 0.5375
vn 0.0000 -0.9763 0.2162
vn 0.0000 -0.9990 -0.0438
vn 0.0000 -0.9990 0.0438
vn 0.0000 -0.9763 0.2162
vn 0.0000 -0.9990 0.0438
vn 0.0000 -0.9536 0.3009
vn 1.0000 0.0000 0.0000
vn 1.0000 0.0000 0.0000
vn 1.0000 0.0000 0.0000
vn -1.0000 0.0000 0.0000
vn -1.0000 0.0000 0.0000
vn -1.0000 0.0000 0.0000
vn 1.0000 0.0000 0.0000
vn 1.0000 0.0000 0.0000
vn 1.0000 0.0000 0.0000
vn 1.0000 0.0000 0.0000
vn 1.0000 0.0000 0.0000
vn 1.0000 0.0000 0.0000
vn -1.0000 0.0000 0.0000
vn -1.0000 0.0000 0.0000
vn -1.0000 0.0000 0.0000
vn 1.0000 0.0000 0.0000
vn 1.0000 0.0000 0.0000
vn 1.0000 0.0000 0.0000
vn 1.0000 0.0000 0.0000
vn 1.0000 0.0000 0.0000
vn 1.0000 0.0000 0.0000
vn -1.0000 0.0000 0.0000
vn -1.0000 0.0000 0.0000
vn -1.0000 0.0000 0.0000
vn 1.0000 0.0000 0.0000
vn 1.0000 0.0000 0.0000
vn 1.0000 0.0000 0.0000
vn 1.0000 0.0000 0.0000
vn 1.0000 0.0000 0.0000
vn 1.0000 0.0000 0.0000
vn -1.0000 0.0000 0.0000
vn -1.0000 0.0000 0.0000
vn -1.0000 0.0000 0.0000
vn 1.0000 0.0000 0.0000
vn 1.0000 0.0000 0.0000
vn 1.0000 0.0000 0.0000
vn 1.0000 0.0000 0.0000
vn 1.0000 0.0000 0.0000
vn 1.0000 0.0000 0.0000
vn -1.0000 0.0000 0.0000
vn -1.0000 0.0000 0.0000
vn -1.0000 0.0000 0.0000
vn 1.0000 0.0000 0.0000
vn 1.0000 0.0000 0.0000
vn 1.0000 0.0000 0.0000
vn 1.0000 0.0000 0.0000
vn 1.0000 0.0000 0.0000
vn 1.0000 0.0000 0.0000
vn -1.0000 0.0000 0.0000
vn -1.0000 0.0000 0.0000
vn -1.0000 0.0000 0.0000
vn 1.0000 0.0000 0.0000
vn 1.0000 0.0000 0.0000
vn 1.0000 0.0000 0.0000
vn 1.0000 0.0000 0.0000
vn 1.0000 0.0000 0.0000
vn 1.0000 0.0000 0.0000
vn -1.0000 0.0000 0.0000
vn -1.0000 0.0000 0.0000
vn -1.0000 0.0000 0.0000
vn 1.0000 0.0000 0.0000
vn 1.0000 0.0000 0.0000
vn 1.0000 0.0000 0.0000
vn 1.0000 0.0000 0.0000
vn 1.0000 0.0000 0.0000
vn 1.0000 0.0000 0.0000
vn -1.0000 0.0000 0.0000
vn -1.0000 0.0000 0.0000
vn -1.0000 0.0000 0.0000
vn 1.0000 0.0000 0.0000
vn 1.0000 0.0000 0.0000
vn 1.0000 0.0000 0.0000
vn 1.0000 0.0000 0.0000
vn 1.0000 0.0000 0.0000
vn 1.0000 0.0000 0.0000
vn -1.0000 0.0000 0.0000
vn -1.0000 0.0000 0.0000
vn -1.0000 0.0000 0.0000
vn 1.0000 0.0000 0.0000
vn 1.0000 0.0000 0.0000
vn 1.0000 0.0000 0.0000
vn 1.0000 0.0000 0.0000
vn 1.0000 0.0000 0.0000
vn 1.0000 0.0000 0.0000
vn -1.0000 0.0000 0.0000
vn -1.0000 0.0000 0.0000
vn -1.0000 0.0000 0.0000
vn 1.0000 0.0000 0.0000
vn 1.0000 0.0000 0.0000
vn 1.0000 0.0000 0.0000
vn 1.0000 0.0000 0.0000
vn 1.0000 0.0000 0.0000
vn 1.0000 0.0000 0.0000
vn -1.0000 0.0000 0.0000
vn -1.0000 0.0000 0.0000
vn -1.0000 0.0000 0.0000
vn 1.0000 0.0000 0.0000
vn 1.0000 0.0000 0.0000
vn 1.0000 0.0000 0.0000
vn 1.0000 0.0000 0.0000
vn 1.0000 0.0000 0.0000
vn 1.0000 0.0000 0.0000
vn -1.0000 0.0000 0.0000
vn -1.0000 0.0000 0.0000
vn -1.0000 0.0000 0.0000
vn 1.0000 0.0000 0.0000
vn 1.0000 0.0000 0.0000
vn 1.0000 0.0000 0.0000
vn 1.0000 0.0000 0.0000
vn 1.0000 0.0000 0.0000
vn 1.0000 0.0000 0.0000
vn -1.0000 0.0000 0.0000
vn -1.0000 0.0000 0.0000
vn -1.0000 0.0000 0.0000
vn 1.0000 0.0000 0.0000
vn 1.0000 0.0000 0.0000
vn 1.0000 0.0000 0.0000
vn 1.0000 0.0000 0.0000
vn 1.0000 0.0000 0.0000
vn 1.0000 0.0000 0.0000
vn -1.0000 0.0000 0.0000
vn -1.0000 0.0000 0.0000
vn -1.0000 0.0000 0.0000
vn 1.0000 0.0000 0.0000
vn 1.0000 0.0000 0.0000
vn 1.0000 0.0000 0.0000
vn 1.0000 0.0000 0.0000
vn 1.0000 0.0000 0.0000
vn 1.0000 0.0000 0.0000
vn -1.0000 0.0000 0.0000
vn -1.0000 0.0000 0.0000
vn -1.0000 0.0000 0.0000
vn 1.0000 0.0000 0.0000
vn 1.0000 0.0000 0.0000
vn 1.0000 0.0000 0.0000
vn 1.0000 0.0000 0.0000
vn 1.0000 0.0000 0.0000
vn 1.0000 0.0000 0.0000
vn -1.0000 0.0000 0.0000
vn -1.0000 0.0000 0.0000
vn -1.0000 0.0000 0.0000
vn 1.0000 0.0000 0.0000
vn 1.0000 0.0000 0.0000
vn 1.0000 0.0000 0.0000
vn 1.0000 0.0000 0.0000
vn 1.0000 0.0000 0.0000
vn 1.0000 0.0000 0.0000
vn -1.0000 0.0000 0.0000
vn -1.0000 0.0000 0.0000
vn -1.0000 0.0000 0.0000
vn 1.0000 0.0000 0.0000
vn 1.0000 0.0000 0.0000
vn 1.0000 0.0000 0.0000
vn 1.0000 0.0000 0.0000
vn 1.0000 0.0000 0.0000
vn 1.0000 0.0000 0.0000
vn -1.0000 0.0000 0.0000
vn -1.0000 0.0000 0.0000
vn -1.0000 0.0000 0.0000
vn 1.0000 0.0000 0.0000
vn 1.0000 0.0000 0.0000
vn 1.0000 0.0000 0.0000
vn 1.0000 0.0000 0.0000
vn 1.0000 0.0000 0.0000
vn 1.0000 0.0000 0.0000
vn -1.0000 0.0000 0.0000
vn -1.0000 0.0000 0.0000
vn -1.0000 0.0000 0.0000
vn 1.0000 0.0000 0.0000
vn 1.0000 0.0000 0.0000
vn 1.0000 0.0000 0.0000
vn 1.0000 0.0000 0.0000
vn 1.0000 0.0000 0.0000
vn 1.0000 0.0000 0.0000
vn -1.0000 0.0000 0.0000
vn -1.0000 0.0000 0.0000
vn -1.0000 0.0000 0.0000
vn 1.0000 0.0000 0.0000
vn 1.0000 0.0000 0.0000
vn 1.0000 0.0000 0.0000
vn 1.0000 0.0000 0.0000
vn 1.0000 0.0000 0.0000
vn 1.0000 0.0000 0.0000
vn -1.0000 0.0000 0.0000
vn -1.0000 0.0000 0.0000
vn -1.0000 0.0000 0.0000
vn 1.0000 0.0000 0.0000
vn 1.0000 0.0000 0.0000
vn 1.0000 0.0000 0.0000
vn 1.0000 0.0000 0.0000
vn 1.0000 0.0000 0.0000
vn 1.0000 0.0000 0.0000
vn -1.0000 0.0000 0.0000
vn -1.0000 0.0000 0.0000
vn -1.0000 0.0000 0.0000
vn 1.0000 0.0000 0.0000
vn 1.0000 0.0000 0.0000
vn 1.0000 0.0000 0.0000
vn 1.0000 0.0000 0.0000
vn 1.0000 0.0000 0.0000
vn 1.0000 0.0000 0.0000
vn -1.0000 0.0000 0.0000
vn -1.0000 0.0000 0.0000
vn -1.0000 0.0000 0.0000
vn 1.0000 0.0000 0.0000
vn 1.0000 0.0000 0.0000
vn 1.0000 0.0000 0.0000
vn 1.0000 0.0000 0.0000
vn 1.0000 0.0000 0.0000
vn 1.0000 0.0000 0.0000
vn -1.0000 0.0000 0.0000
vn -1.0000 0.0000 0.0000
vn -1.0000 0.0000 0.0000
vn 1.0000 0.0000 0.0000
vn 1.0000 0.0000 0.0000
vn 1.0000 0.0000 0.0000
vn 0.0000 -0.9990 -0.0438
vn 0.0000 -0.9536 -0.3009
vn 0.0000 -0.9763 -0.2162
vn 0.0000 -0.9990 -0.0438
vn 0.0000 -0.9763 -0.2162
vn 0.0000 -0.9990 0.0438
vn 0.0000 -0.9536 -0.3009
vn 0.0000 -0.8433 -0.5375
vn 0.0000 -0.8871 -0.4616
vn 0.0000 -0.9536 -0.3009
vn 0.0000 -0.8871 -0.4616
vn 0.0000 -0.9763 -0.2162
vn 0.0000 -0.8433 -0.5375
vn 0.0000 -0.6754 -0.7374
vn 0.0000 -0.7374 -0.6754
vn 0.0000 -0.8433 -0.5375
vn 0.0000 -0.7374 -0.6754
vn 0.0000 -0.8871 -0.4616
vn 0.0000 -0.6754 -0.7374
vn 0.0000 -0.4616 -0.8871
vn 0.0000 -0.5375 -0.8433
vn 0.0000 -0.6754 -0.7374
vn 0.0000 -0.5375 -0.8433
vn 0.0000 -0.7374 -0.6754
vn 0.0000 -0.4616 -0.8871
vn 0.0000 -0.2162 -0.9763
vn 0.0000 -0.3009 -0.9536
vn 0.0000 -0.4616 -0.8871
vn 0.0000 -0.3009 -0.9536
vn 0.0000 -0.5375 -0.8433
vn 0.0000 -0.2162 -0.9763
vn 0.0000 0.0438 -0.9990
vn 0.0000 -0.0438 -0.9990
vn 0.0000 -0.2162 -0.9763
vn 0.0000 -0.0438 -0.9990
vn 0.0000 -0.3009 -0.9536
vn 0.0000 0.0438 -0.9990
vn 0.0000 0.3009 -0.9536
vn 0.0000 0.2162 -0.9763
vn 0.0000 0.0438 -0.9990
vn 0.0000 0.2162 -0.9763
vn 0.0000 -0.0438 -0.9990
vn 0.0000 0.3009 -0.9536
vn 0.0000 0.5375 -0.8433
vn 0.0000 0.4616 -0.8871
vn 0.0000 0.3009 -0.9536
vn 0.0000 0.4616 -0.8871
vn 0.0000 0.2162 -0.9763
vn 0.0000 0.5375 -0.8433
vn 0.0000 0.7374 -0.6754
vn 0.0000 0.6754 -0.7374
vn 0.0000 0.5375 -0.8433
vn 0.0000 0.6754 -0.7374
vn 0.0000 0.4616 -0.8871
vn 0.0000 0.7374 -0.6754
vn 0.0000 0.8871 -0.4616
vn 0.0000 0.8433 -0.5375
vn 0.0000 0.7374 -0.6754
vn 0.0000 0.8433 -0.5375
vn 0.0000 0.6754 -0.7374
vn 0.0000 0.8871 -0.4616
vn 0.0000 0.9763 -0.2162
vn 0.0000 0.9536 -0.3009
vn 0.0000 0.8871 -0.4616
vn 0.0000 0.9536 -0.3009
vn 0.0000 0.8433 -0.5375
vn 0.0000 0.9763 -0.2162
vn 0.0000 0.9990 0.0438
vn 0.0000 0.9990 -0.0438
vn 0.0000 0.9763 -0.2162
vn 0.0000 0.9990 -0.0438
vn 0.0000 0.9536 -0.3009
vn 0.0000 0.9990 0.0438
vn 0.0000 0.9536 0.3009
vn 0.0000 0.9763 0.2162
vn 0.0000 0.9990 0.0438
vn 0.0000 0.9763 0.2162
vn 0.0000 0.9990 -0.0438
vn 0.0000 0.9536 0.3009
vn 0.0000 0.8433 0.5375
vn 0.0000 0.8871 0.4616
vn 0.0000 0.9536 0.3009
vn 0.0000 0.8871 0.4616
vn 0.0000 0.9763 0.2162
vn 0.0000 0.8433 0.5375
vn 0.0000 0.6754 0.7374
vn 0.0000 0.7374 0.6754
vn 0.0000 0.8433 0.5375
vn 0.0000 0.7374 0.6754
vn 0.0000 0.8871 0.4616
vn 0.0000 0.6754 0.7374
vn 0.0000 0.4616 0.8871
vn 0.0000 0.5375 0.8433
vn 0.0000 0.6754 0.7374
vn 0.0000 0.5375 0.8433
vn 0.0000 0.7374 0.6754
vn 0.0000 0.4616 0.8871
vn 0.0000 0.2162 0.9763
vn 0.0000 0.3009 0.9536
vn 0.0000 0.4616 0.8871
vn 0.0000 0.3009 0.9536
vn 0.0000 0.5375 0.8433
vn 0.0000 0.2162 0.9763
vn 0.0000 -0.0438 0.9990
vn 0.0000 0.0438 0.9990
vn 0.0000 0.2162 0.9763
vn 0.0000 0.0438 0.9990
vn 0.0000 0.3009 0.9536
vn 0.0000 -0.0438 0.9990
vn 0.0000 -0.3009 0.9536
vn 0.0000 -0.2162 0.9763
vn 0.0000 -0.0438 0.9990
vn 0.0000 -0.2162 0.9763
vn 0.0000 0.0438 0.9990
vn 0.0000 -0.3009 0.9536
vn 0.0000 -0.5375 0.8433
vn 0.0000 -0.4616 0.8871
vn 0.0000 -0.3009 0.9536
vn 0.0000 -0.4616 0.8871
vn 0.0000 -0.2162 0.9763
vn 0.0000 -0.5375 0.8433
vn 0.0000 -0.7374 0.6754
vn 0.0000 -0.6754 0.7374
vn 0.0000 -0.5375 0.8433
vn 0.0000 -0.6754 0.7374
vn 0.0000 -0.4616 0.8871
vn 0.0000 -0.7374 0.6754
vn 0.0000 -0.8871 0.4616
vn 0.0000 -0.8433 0.5375
vn 0.0000 -0.7374 0.6754
vn 0.0000 -0.8433 0.5375
vn 0.0000 -0.6754 0.7374
vn 0.0000 -0.8871 0.4616
vn 0.0000 -0.9763 0.2162
vn 0.0000 -0.9536 0.3009
vn 0.0000 -0.8871 0.4616
vn 0.0000 -0.9536 0.3009
vn 0.0000 -0.8433 0.5375
vn 0.0000 -0.9763 0.2162
vn 0.0000 -0.9990 -0.0438
vn 0.0000 -0.9990 0.0438
vn 0.0000 -0.9763 0.2162
vn 0.0000 -0.9990 0.0438
vn 0.0000 -0.9536 0.3009
vn 1.0000 0.0000 0.0000
vn 1.0000 0.0000 0.0000
vn 1.0000 0.0000 0.0000
vn -1.0000 0.0000 0.0000
vn -1.0000 0.0000 0.0000
vn -1.0000 0.0000 0.0000
vn 1.0000 0.0000 0.0000
vn 1.0000 0.0000 0.0000
vn 1.0000 0.0000 0.0000
vn 1.0000 0.0000 0.0000
vn 1.0000 0.0000 0.0000
vn 1.0000 0.0000 0.0000
vn -1.0000 0.0000 0.0000
vn -1.0000 0.0000 0.0000
vn -1.0000 0.0000 0.0000
vn 1.0000 0.0000 0.0000
vn 1.0000 0.0000 0.0000
vn 1.0000 0.0000 0.0000
vn 1.0000 0.0000 0.0000
vn 1.0000 0.0000 0.0000
vn 1.0000 0.0000 0.0000
vn -1.0000 0.0000 0.0000
vn -1.0000 0.0000 0.0000
vn -1.0000 0.0000 0.0000
vn 1.0000 0.0000 0.0000
vn 1.0000 0.0000 0.0000
vn 1.0000 0.0000 0.0000
vn 1.0000 0.0000 0.0000
vn 1.0000 0.0000 0.0000
vn 1.0000 0.0000 0.0000
vn -1.0000 0.0000 0.0000
vn -1.0000 0.0000 0.0000
vn -1.0000 0.0000 0.0000
vn 1.0000 0.0000 0.0000
vn 1.0000 0.0000 0.0000
vn 1.0000 0.0000 0.0000
vn 1.0000 0.0000 0.0000
vn 1.0000 0.0000 0.0000
vn 1.0000 0.0000 0.0000
vn -1.0000 0.0000 0.0000
vn -1.0000 0.0000 0.0000
vn -1.0000 0.0000 0.0000
vn 1.0000 0.0000 0.0000
vn 1.0000 0.0000 0.0000
vn 1.0000 0.0000 0.0000
vn 1.0000 0.0000 0.0000
vn 1.0000 0.0000 0.0000
vn 1.0000 0.0000 0.0000
vn -1.0000 0.0000 0.0000
vn -1.0000 0.0000 0.0000
vn -1.0000 0.0000 0.0000
vn 1.0000 0.0000 0.0000
vn 1.0000 0.0000 0.0000
vn 1.0000 0.0000 0.0000
vn 1.0000 0.0000 0.0000
vn 1.0000 0.0000 0.0000
vn 1.0000 0.0000 0.0000
vn -1.0000 0.0000 0.0000
vn -1.0000 0.0000 0.0000
vn -1.0000 0.0000 0.0000
vn 1.0000 0.0000 0.0000
vn 1.0000 0.0000 0.0000
vn 1.0000 0.0000 0.0000
vn 1.0000 0.0000 0.0000
vn 1.0000 0.0000 0.0000
vn 1.0000 0.0000 0.0000
vn -1.0000 0.0000 0.0000
vn -1.0000 0.0000 0.0000
vn -1.0000 0.0000 0.0000
vn 1.0000 0.0000 0.0000
vn 1.0000 0.0000 0.0000
vn 1.0000 0.0000 0.0000
vn 1.0000 0.0000 0.0000
vn 1.0000 0.0000 0.0000
vn 1.0000 0.0000 0.0000
vn -1.0000 0.0000 0.0000
vn -1.0000 0.0000 0.0000
vn -1.0000 0.0000 0.0000
vn 1.0000 0.0000 0.0000
vn 1.0000 0.0000 0.0000
vn 1.0000 0.0000 0.0000
vn 1.0000 0.0000 0.0000
vn 1.0000 0.0000 0.0000
vn 1.0000 0.0000 0.0000
vn -1.0000 0.0000 0.0000
vn -1.0000 0.0000 0.0000
vn -1.0000 0.0000 0.0000
vn 1.0000 0.0000 0.0000
vn 1.0000 0.0000 0.0000
vn 1.0000 0.0000 0.0000
vn 1.0000 0.0000 0.0000
vn 1.0000 0.0000 0.0000
vn 1.0000 0.0000 0.0000
vn -1.0000 0.0000 0.0000
vn -1.0000 0.0000 0.0000
vn -1.0000 0.0000 0.0000
vn 1.0000 0.0000 0.0000
vn 1.0000 0.0000 0.0000
vn 1.0000 0.0000 0.0000
vn 1.0000 0.0000 0.0000
vn 1.0000 0.0000 0.0000
vn 1.0000 0.0000 0.0000
vn -1.0000 0.0000 0.0000
vn -1.0000 0.0000 0.0000
vn -1.0000 0.0000 0.0000
vn 1.0000 0.0000 0.0000
vn 1.0000 0.0000 0.0000
vn 1.0000 0.0000 0.0000
vn 1.0000 0.0000 0.0000
vn 1.0000 0.0000 0.0000
vn 1.0000 0.0000 0.0000
vn -1.0000 0.0000 0.0000
vn -1.0000 0.0000 0.0000
vn -1.0000 0.0000 0.0000
vn 1.0000 0.0000 0.0000
vn 1.0000 0.0000 0.0000
vn 1.0000 0.0000 0.0000
vn 1.0000 0.0000 0.0000
vn 1.0000 0.0000 0.0000
vn 1.0000 0.0000 0.0000
vn -1.0000 0.0000 0.0000
vn -1.0000 0.0000 0.0000
vn -1.0000 0.0000 0.0000
vn 1.0000 0.0000 0.0000
vn 1.0000 0.0000 0.0000
vn 1.0000 0.0000 0.0000
vn 1.0000 0.0000 0.0000
vn 1.0000 0.0000 0.0000
vn 1.0000 0.0000 0.0000
vn -1.0000 0.0000 0.0000
vn -1.0000 0.0000 0.0000
vn -1.0000 0.0000 0.0000
vn 1.0000 0.0000 0.0000
vn 1.0000 0.0000 0.0000
vn 1.0000 0.0000 0.0000
vn 1.0000 0.0000 0.0000
vn 1.0000 0.0000 0.0000
vn 1.0000 0.0000 0.0000
vn -1.0000 0.0000 0.0000
vn -1.0000 0.0000 0.0000
vn -1.0000 0.0000 0.0000
vn 1.0000 0.0000 0.0000
vn 1.0000 0.0000 0.0000
vn 1.0000 0.0000 0.0000
vn 1.0000 0.0000 0.0000
vn 1.0000 0.0000 0.0000
vn 1.0000 0.0000 0.0000
vn -1.0000 0.0000 0.0000
vn -1.0000 0.0000 0.0000
vn -1.0000 0.0000 0.0000
vn 1.0000 0.0000 0.0000
vn 1.0000 0.0000 0.0000
vn 1.0000 0.0000 0.0000
vn 1.0000 0.0000 0.0000
vn 1.0000 0.0000 0.0000
vn 1.0000 0.0000 0.0000
vn -1.0000 0.0000 0.0000
vn -1.0000 0.0000 0.0000
vn -1.0000 0.0000 0.0000
vn 1.0000 0.0000 0.0000
vn 1.0000 0.0000 0.0000
vn 1.0000 0.0000 0.0000
vn 1.0000 0.0000 0.0000
vn 1.0000 0.0000 0.0000
vn 1.0000 0.0000 0.0000
vn -1.0000 0.0000 0.0000
vn -1.0000 0.0000 0.0000
vn -1.0000 0.0000 0.0000
vn 1.0000 0.0000 0.0000
vn 1.0000 0.0000 0.0000
vn 1.0000 0.0000 0.0000
vn 1.0000 0.0000 0.0000
vn 1.0000 0.0000 0.0000
vn 1.0000 0.0000 0.0000
vn -1.0000 0.0000 0.0000
vn -1.0000 0.0000 0.0000
vn -1.0000 0.0000 0.0000
vn 1.0000 0.0000 0.0000
vn 1.0000 0.0000 0.0000
vn 1.0000 0.0000 0.0000
vn 1.0000 0.0000 0.0000
vn 1.0000 0.0000 0.0000
vn 1.0000 0.0000 0.0000
vn -1.0000 0.0000 0.0000
vn -1.0000 0.0000 0.0000
vn -1.0000 0.0000 0.0000
vn 1.0000 0.0000 0.0000
vn 1.0000 0.0000 0.0000
vn 1.0000 0.0000 0.0000
vn 1.0000 0.0000 0.0000
vn 1.0000 0.0000 0.0000
vn 1.0000 0.0000 0.0000
vn -1.0000 0.0000 0.0000
vn -1.0000 0.0000 0.0000
vn -1.0000 0.0000 0.0000
vn 1.0000 0.0000 0.0000
vn 1.0000 0.0000 0.0000
vn 1.0000 0.0000 0.0000
vn 1.0000 0.0000 0.0000
vn 1.0000 0.0000 0.0000
vn 1.0000 0.0000 0.0000
vn -1.0000 0.0000 0.0000
vn -1.0000 0.0000 0.0000
vn -1.0000 0.0000 0.0000
vn 1.0000 0.0000 0.0000
vn 1.0000 0.0000 0.0000
vn 1.0000 0.0000 0.0000
vn 1.0000 0.0000 0.0000
vn 1.0000 0.0000 0.0000
vn 1.0000 0.0000 0.0000
vn -1.0000 0.0000 0.0000
vn -1.0000 0.0000 0.0000
vn -1.0000 0.0000 0.0000
vn 1.0000 0.0000 0.0000
vn 1.0000 0.0000 0.0000
vn 1.0000 0.0000 0.0000
vn 0.0000 0.9990 0.0438
vn 0.0000 0.9536 0.3009
vn 0.0000 0.9763 0.2162
vn 0.0000 0.9990 0.0438
vn 0.0000 0.9763 0.2162
vn 0.0000 0.9990 -0.0438
vn 0.0000 0.9536 0.3009
vn 0.0000 0.8433 0.5375
vn 0.0000 0.8871 0.4616
vn 0.0000 0.9536 0.3009
vn 0.0000 0.8871 0.4616
vn 0.0000 0.9763 0.2162
vn 0.0000 0.8433 0.5375
vn 0.0000 0.6754 0.7374
vn 0.0000 0.7374 0.6754
vn 0.0000 0.8433 0.5375
vn 0.0000 0.7374 0.6754
vn 0.0000 0.8871 0.4616
vn 0.0000 0.6754 0.7374
vn 0.0000 0.4616 0.8871
vn 0.0000 0.5375 0.8433
vn 0.0000 0.6754 0.7374
vn 0.0000 0.5375 0.8433
vn 0.0000 0.7374 0.6754
vn 0.0000 0.4616 0.8871
vn 0.0000 0.2162 0.9763
vn 0.0000 0.3009 0.9536
vn 0.0000 0.4616 0.8871
vn 0.0000 0.3009 0.9536
vn 0.0000 0.5375 0.8433
vn 0.0000 0.2162 0.9763
vn 0.0000 -0.0438 0.9990
vn 0.0000 0.0438 0.9990
vn 0.0000 0.2162 0.9763
vn 0.0000 0.0438 0.9990
vn 0.0000 0.3009 0.9536
vn 0.0000 -0.0438 0.9990
vn 0.0000 -0.3009 0.9536
vn 0.0000 -0.2162 0.9763
vn 0.0000 -0.0438 0.9990
vn 0.0000 -0.2162 0.9763
vn 0.0000 0.0438 0.9990
vn 0.0000 -0.3009 0.9536
vn 0.0000 -0.5375 0.8433
vn 0.0000 -0.4616 0.8871
vn 0.0000 -0.3009 0.9536
vn 0.0000 -0.4616 0.8871
vn 0.0000 -0.2162 0.9763
vn 0.0000 -0.5375 0.8433
vn 0.0000 -0.7374 0.6754
vn 0.0000 -0.6754 0.7374
vn 0.0000 -0.5375 0.8433
vn 0.0000 -0.6754 0.7374
vn 0.0000 -0.4616 0.8871
vn 0.0000 -0.7374 0.6754
vn 0.0000 -0.8871 0.4616
vn 0.0000 -0.8433 0.5375
vn 0.0000 -0.7374 0.6754
vn 0.0000 -0.8433 0.5375
vn 0.0000 -0.6754 0.7374
vn 0.0000 -0.8871 0.4616
vn 0.0000 -0.9763 0.2162
vn 0.0000 -0.9536 0.3009
vn 0.0000 -0.8871 0.4616
vn 0.0000 -0.9536 0.3009
vn 0.0000 -0.8433 0.5375
vn 0.0000 -0.9763 0.2162
vn 0.0000 -0.9990 -0.0438
vn 0.0000 -0.9990 0.0438
vn 0.0000 -0.9763 0.2162
vn 0.0000 -0.9990 0.0438
vn 0.0000 -0.9536 0.3009
vn 0.0000 -0.9990 -0.0438
vn 0.0000 -0.9536 -0.3009
vn 0.0000 -0.9763 -0.2162
vn 0.0000 -0.9990 -0.0438
vn 0.0000 -0.9763 -0.2162
vn 0.0000 -0.9990 0.0438
vn 0.0000 -0.9536 -0.3009
vn 0.0000 -0.8433 -0.5375
vn 0.0000 -0.8871 -0.4616
vn 0.0000 -0.9536 -0.3009
vn 0.0000 -0.8871 -0.4616
vn 0.0000 -0.9763 -0.2162
vn 0.0000 -0.8433 -0.5375
vn 0.0000 -0.6754 -0.7374
vn 0.0000 -0.7374 -0.6754
vn 0.0000 -0.8433 -0.5375
vn 0.0000 -0.7374 -0.6754
vn 0.0000 -0.8871 -0.4616
vn 0.0000 -0.6754 -0.7374
vn 0.0000 -0.4616 -0.8871
vn 0.0000 -0.5375 -0.8433
vn 0.0000 -0.6754 -0.7374
vn 0.0000 -0.5375 -0.8433
vn 0.0000 -0.7374 -0.6754
vn 0.0000 -0.4616 -0.8871
vn 0.0000 -0.2162 -0.9763
vn 0.0000 -0.3009 -0.9536
vn 0.0000 -0.4616 -0.8871
vn 0.0000 -0.3009 -0.9536
vn 0.0000 -0.5375 -0.8433
vn 0.0000 -0.2162 -0.9763
vn 0.0000 0.0438 -0.9990
vn 0.0000 -0.0438 -0.9990
vn 0.0000 -0.2162 -0.9763
vn 0.0000 -0.0438 -0.9990
vn 0.0000 -0.3009 -0.9536
vn 0.0000 0.0438 -0.9990
vn 0.0000 0.3009 -0.9536
vn 0.0000 0.2162 -0.9763
vn 0.0000 0.0438 -0.9990
vn 0.0000 0.2162 -0.9763
vn 0.0000 -0.0438 -0.9990
vn 0.0000 0.3009 -0.9536
vn 0.0000 0.5375 -0.8433
vn 0.0000 0.4616 -0.8871
vn 0.0000 0.3009 -0.9536
vn 0.0000 0.4616 -0.8871
vn 0.0000 0.2162 -0.9763
vn 0.0000 0.5375 -0.8433
vn 0.0000 0.7374 -0.6754
vn 0.0000 0.6754 -0.7374
vn 0.0000 0.5375 -0.8433
vn 0.0000 0.6754 -0.7374
vn 0.0000 0.4616 -0.8871
vn 0.0000 0.7374 -0.6754
vn 0.0000 0.8871 -0.4616
vn 0.0000 0.8433 -0.5375
vn 0.0000 0.7374 -0.6754
vn 0.0000 0.8433 -0.5375
vn 0.0000 0.6754 -0.7374
vn 0.0000 0.8871 -0.4616
vn 0.0000 0.9763 -0.2162
vn 0.0000 0.9536 -0.3009
vn 0.0000 0.8871 -0.4616
vn 0.0000 0.9536 -0.3009
vn 0.0000 0.8433 -0.5375
vn 0.0000 0.9763 -0.2162
vn 0.0000 0.9990 0.0438
vn 0.0000 0.9990 -0.0438
vn 0.0000 0.9763 -0.2162
vn 0.0000 0.9990 -0.0438
vn 0.0000 0.9536 -0.3009
vn 1.0000 0.0000 0.0000
vn 1.0000 0.0000 0.0000
vn 1.0000 0.0000 0.0000
vn -1.0000 0.0000 0.0000
vn -1.0000 0.0000 0.0000
vn -1.0000 0.0000 0.0000
vn 1.0000 0.0000 0.0000
vn 1.0000 0.0000 0.0000
vn 1.0000 0.0000 0.0000
vn 1.0000 0.0000 0.0000
vn 1.0000 0.0000 0.0000
vn 1.0000 0.0000 0.0000
vn -1.0000 0.0000 0.0000
vn -1.0000 0.0000 0.0000
vn -1.0000 0.0000 0.0000
vn 1.0000 0.0000 0.0000
vn 1.0000 0.0000 0.0000
vn 1.0000 0.0000 0.0000
vn 1.0000 0.0000 0.0000
vn 1.0000 0.0000 0.0000
vn 1.0000 0.0000 0.0000
vn -1.0000 0.0000 0.0000
vn -1.0000 0.0000 0.0000
vn -1.0000 0.0000 0.0000
vn 1.0000 0.0000 0.0000
vn 1.0000 0.0000 0.0000
vn 1.0000 0.0000 0.0000
vn 1.0000 0.0000 0.0000
vn 1.0000 0.0000 0.0000
vn 1.0000 0.0000 0.0000
vn -1.0000 0.0000 0.0000
vn -1.0000 0.0000 0.0000
vn -1.0000 0.0000 0.0000
vn 1.0000 0.0000 0.0000
vn 1.0000 0.0000 0.0000
vn 1.0000 0.0000 0.0000
vn 1.0000 0.0000 0.0000
vn 1.0000 0.0000 0.0000
vn 1.0000 0.0000 0.0000
vn -1.0000 0.0000 0.0000
vn -1.0000 0.0000 0.0000
vn -1.0000 0.0000 0.0000
vn 1.0000 0.0000 0.0000
vn 1.0000 0.0000 0.0000
vn 1.0000 0.0000 0.0000
vn 1.0000 0.0000 0.0000
vn 1.0000 0.0000 0.0000
vn 1.0000 0.0000 0.0000
vn -1.0000 0.0000 0.0000
vn -1.0000 0.0000 0.0000
vn -1.0000 0.0000 0.0000
vn 1.0000 0.0000 0.0000
vn 1.0000 0.0000 0.0000
vn 1.0000 0.0000 0.0000
vn 1.0000 0.0000 0.0000
vn 1.0000 0.0000 0.0000
vn 1.0000 0.0000 0.0000
vn -1.0000 0.0000 0.0000
vn -1.0000 0.0000 0.0000
vn -1.0000 0.0000 0.0000
vn 1.0000 0.0000 0.0000
vn 1.0000 0.0000 0.0000
vn 1.0000 0.0000 0.0000
vn 1.0000 0.0000 0.0000
vn 1.0000 0.0000 0.0000
vn 1.0000 0.0000 0.0000
vn -1.0000 0.0000 0.0000
vn -1.0000 0.0000 0.0000
vn -1.0000 0.0000 0.0000
vn 1.0000 0.0000 0.0000
vn 1.0000 0.0000 0.0000
vn 1.0000 0.0000 0.0000
vn 1.0000 0.0000 0.0000
vn 1.0000 0.0000 0.0000
vn 1.0000 0.0000 0.0000
vn -1.0000 0.0000 0.0000
vn -1.0000 0.0000 0.0000
vn -1.0000 0.0000 0.0000
vn 1.0000 0.0000 0.0000
vn 1.0000 0.0000 0.0000
vn 1.0000 0.0000 0.0000
vn 1.0000 0.0000 0.0000
vn 1.0000 0.0000 0.0000
vn 1.0000 0.0000 0.0000
vn -1.0000 0.0000 0.0000
vn -1.0000 0.0000 0.0000
vn -1.0000 0.0000 0.0000
vn 1.0000 0.0000 0.0000
vn 1.0000 0.0000 0.0000
vn 1.0000 0.0000 0.0000
vn 1.0000 0.0000 0.0000
vn 1.0000 0.0000 0.0000
vn 1.0000 0.0000 0.0000
vn -1.0000 0.0000 0.0000
vn -1.0000 0.0000 0.0000
vn -1.0000 0.0000 0.0000
vn 1.0000 0.0000 0.0000
vn 1.0000 0.0000 0.0000
vn 1.0000 0.0000 0.0000
vn 1.0000 0.0000 0.0000
vn 1.0000 0.0000 0.0000
vn 1.0000 0.0000 0.0000
vn -1.0000 0.0000 0.0000
vn -1.0000 0.0000 0.0000
vn -1.0000 0.0000 0.0000
vn 1.0000 0.0000 0.0000
vn 1.0000 0.0000 0.0000
vn 1.0000 0.0000 0.0000
vn 1.0000 0.0000 0.0000
vn 1.0000 0.0000 0.0000
vn 1.0000 0.0000 0.0000
vn -1.0000 0.0000 0.0000
vn -1.0000 0.0000 0.0000
vn -1.0000 0.0000 0.0000
vn 1.0000 0.0000 0.0000
vn 1.0000 0.0000 0.0000
vn 1.0000 0.0000 0.0000
vn 1.0000 0.0000 0.0000
vn 1.0000 0.0000 0.0000
vn 1.0000 0.0000 0.0000
vn -1.0000 0.0000 0.0000
vn -1.0000 0.0000 0.0000
vn -1.0000 0.0000 0.0000
vn 1.0000 0.0000 0.0000
vn 1.0000 0.0000 0.0000
vn 1.0000 0.0000 0.0000
vn 1.0000 0.0000 0.0000
vn 1.0000 0.0000 0.0000
vn 1.0000 0.0000 0.0000
vn -1.0000 0.0000 0.0000
vn -1.0000 0.0000 0.0000
vn -1.0000 0.0000 0.0000
vn 1.0000 0.0000 0.0000
vn 1.0000 0.0000 0.0000
vn 1.0000 0.0000 0.0000
vn 1.0000 0.0000 0.0000
vn 1.0000 0.0000 0.0000
vn 1.0000 0.0000 0.0000
vn -1.0000 0.0000 0.0000
vn -1.0000 0.0000 0.0000
vn -1.0000 0.0000 0.0000
vn 1.0000 0.0000 0.0000
vn 1.0000 0.0000 0.0000
vn 1.0000 0.0000 0.0000
vn 1.0000 0.0000 0.0000
vn 1.0000 0.0000 0.0000
vn 1.0000 0.0000 0.0000
vn -1.0000 0.0000 0.0000
vn -1.0000 0.0000 0.0000
vn -1.0000 0.0000 0.0000
vn 1.0000 0.0000 0.0000
vn 1.0000 0.0000 0.0000
vn 1.0000 0.0000 0.0000
vn 1.0000 0.0000 0.0000
vn 1.0000 0.0000 0.0000
vn 1.0000 0.0000 0.0000
vn -1.0000 0.0000 0.0000
vn -1.0000 0.0000 0.0000
vn -1.0000 0.0000 0.0000
vn 1.0000 0.0000 0.0000
vn 1.0000 0.0000 0.0000
vn 1.0000 0.0000 0.0000
vn 1.0000 0.0000 0.0000
vn 1.0000 0.0000 0.0000
vn 1.0000 0.0000 0.0000
vn -1.0000 0.0000 0.0000
vn -1.0000 0.0000 0.0000
vn -1.0000 0.0000 0.0000
vn 1.0000 0.0000 0.0000
vn 1.0000 0.0000 0.0000
vn 1.0000 0.0000 0.0000
vn 1.0000 0.0000 0.0000
vn 1.0000 0.0000 0.0000
vn 1.0000 0.0000 0.0000
vn -1.0000 0.0000 0.0000
vn -1.0000 0.0000 0.0000
vn -1.0000 0.0000 0.0000
vn 1.0000 0.0000 0.0000
vn 1.0000 0.0000 0.0000
vn 1.0000 0.0000 0.0000
vn 1.0000 0.0000 0.0000
vn 1.0000 0.0000 0.0000
vn 1.0000 0.0000 0.0000
vn -1.0000 0.0000 0.0000
vn -1.0000 0.0000 0.0000
vn -1.0000 0.0000 0.0000
vn 1.0000 0.0000 0.0000
vn 1.0000 0.0000 0.0000
vn 1.0000 0.0000 0.0000
vn 1.0000 0.0000 0.0000
vn 1.0000 0.0000 0.0000
vn 1.0000 0.0000 0.0000
vn -1.0000 0.0000 0.0000
vn -1.0000 0.0000 0.0000
vn -1.0000 0.0000 0.0000
vn 1.0000 0.0000 0.0000
vn 1.0000 0.0000 0.0000
vn 1.0000 0.0000 0.0000
vn 1.0000 0.0000 0.0000
vn 1.0000 0.0000 0.0000
vn 1.0000 0.0000 0.0000
vn -1.0000 0.0000 0.0000
vn -1.0000 0.0000 0.0000
vn -1.0000 0.0000 0.0000
vn 1.0000 0.0000 0.0000
vn 1.0000 0.0000 0.0000
vn 1.0000 0.0000 0.0000
vn 1.0000 0.0000 0.0000
vn 1.0000 0.0000 0.0000
vn 1.0000 0.0000 0.0000
vn -1.0000 0.0000 0.0000
vn -1.0000 0.0000 0.0000
vn -1.0000 0.0000 0.0000
vn 1.0000 0.0000 0.0000
vn 1.0000 0.0000 0.0000
vn 1.0000 0.0000 0.0000
vn 0.0000 0.9990 0.0438
vn 0.0000 0.9536 0.3009
vn 0.0000 0.9763 0.2162
vn 0.0000 0.9990 0.0438
vn 0.0000 0.9763 0.2162
vn 0.0000 0.9990 -0.0438
vn 0.0000 0.9536 0.3009
vn 0.0000 0.8433 0.5375
vn 0.0000 0.8871 0.4616
vn 0.0000 0.9536 0.3009
vn 0.0000 0.8871 0.4616
vn 0.0000 0.9763 0.2162
vn 0.0000 0.8433 0.5375
vn 0.0000 0.6754 0.7374
vn 0.0000 0.7374 0.6754
vn 0.0000 0.8433 0.5375
vn 0.0000 0.7374 0.6754
vn 0.0000 0.8871 0.4616
vn 0.0000 0.6754 0.7374
vn 0.0000 0.4616 0.8871
vn 0.0000 0.5375 0.8433
vn 0.0000 0.6754 0.7374
vn 0.0000 0.5375 0.8433
vn 0.0000 0.7374 0.6754
vn 0.0000 0.4616 0.8871
vn 0.0000 0.2162 0.9763
vn 0.0000 0.3009 0.9536
vn 0.0000 0.4616 0.8871
vn 0.0000 0.3009 0.9536
vn 0.0000 0.5375 0.8433
vn 0.0000 0.2162 0.9763
vn 0.0000 -0.0438 0.9990
vn 0.0000 0.0438 0.9990
vn 0.0000 0.2162 0.9763
vn 0.0000 0.0438 0.9990
vn 0.0000 0.3009 0.9536
vn 0.0000 -0.0438 0.9990
vn 0.0000 -0.3009 0.9536
vn 0.0000 -0.2162 0.9763
vn 0.0000 -0.0438 0.9990
vn 0.0000 -0.2162 0.9763
vn 0.0000 0.0438 0.9990
vn 0.0000 -0.3009 0.9536
vn 0.0000 -0.5375 0.8433
vn 0.0000 -0.4616 0.8871
vn 0.0000 -0.3009 0.9536
vn 0.0000 -0.4616 0.8871
vn 0.0000 -0.2162 0.9763
vn 0.0000 -0.5375 0.8433
vn 0.0000 -0.7374 0.6754
vn 0.0000 -0.6754 0.7374
vn 0.0000 -0.5375 0.8433
vn 0.0000 -0.6754 0.7374
vn 0.0000 -0.4616 0.8871
vn 0.0000 -0.7374 0.6754
vn 0.0000 -0.8871 0.4616
vn 0.0000 -0.8433 0.5375
vn 0.0000 -0.7374 0.6754
vn 0.0000 -0.8433 0.5375
vn 0.0000 -0.6754 0.7374
vn 0.0000 -0.8871 0.4616
vn 0.0000 -0.9763 0.2162
vn 0.0000 -0.9536 0.3009
vn 0.0000 -0.8871 0.4616
vn 0.0000 -0.9536 0.3009
vn 0.0000 -0.8433 0.5375
vn 0.0000 -0.9763 0.2162
vn 0.0000 -0.9990 -0.0438
vn 0.0000 -0.9990 0.0438
vn 0.0000 -0.9763 0.2162
vn 0.0000 -0.9990 0.0438
vn 0.0000 -0.9536 0.3009
vn 0.0000 -0.9990 -0.0438
vn 0.0000 -0.9536 -0.3009
vn 0.0000 -0.9763 -0.2162
vn 0.0000 -0.9990 -0.0438
vn 0.0000 -0.9763 -0.2162
vn 0.0000 -0.9990 0.0438
vn 0.0000 -0.9536 -0.3009
vn 0.0000 -0.8433 -0.5375
vn 0.0000 -0.8871 -0.4616
vn 0.0000 -0.9536 -0.3009
vn 0.0000 -0.8871 -0.4616
vn 0.0000 -0.9763 -0.2162
vn 0.0000 -0.8433 -0.5375
vn 0.0000 -0.6754 -0.7374
vn 0.0000 -0.7374 -0.6754
vn 0.0000 -0.8433 -0.5375
vn 0.0000 -0.7374 -0.6754
vn 0.0000 -0.8871 -0.4616
vn 0.0000 -0.6754 -0.7374
vn 0.0000 -0.4616 -0.8871
vn 0.0000 -0.5375 -0.8433
vn 0.0000 -0.6754 -0.7374
vn 0.0000 -0.5375 -0.8433
vn 0.0000 -0.7374 -0.6754
vn 0.0000 -0.4616 -0.8871
vn 0.0000 -0.2162 -0.9763
vn 0.0000 -0.3009 -0.9536
vn 0.0000 -0.4616 -0.8871
vn 0.0000 -0.3009 -0.9536
vn 0.0000 -0.5375 -0.8433
vn 0.0000 -0.2162 -0.9763
vn 0.0000 0.0438 -0.9990
vn 0.0000 -0.0438 -0.9990
vn 0.0000 -0.2162 -0.9763
vn 0.0000 -0.0438 -0.9990
vn 0.0000 -0.3009 -0.9536
vn 0.0000 0.0438 -0.9990
vn 0.0000 0.3009 -0.9536
vn 0.0000 0.2162 -0.9763
vn 0.0000 0.0438 -0.9990
vn 0.0000 0.2162 -0.9763
vn 0.0000 -0.0438 -0.9990
vn 0.0000 0.3009 -0.9536
vn 0.0000 0.5375 -0.8433
vn 0.0000 0.4616 -0.8871
vn 0.0000 0.3009 -0.9536
vn 0.0000 0.4616 -0.8871
vn 0.0000 0.2162 -0.9763
vn 0.0000 0.5375 -0.8433
vn 0.0000 0.7374 -0.6754
vn 0.0000 0.6754 -0.7374
vn 0.0000 0.5375 -0.8433
vn 0.0000 0.6754 -0.7374
vn 0.0000 0.4616 -0.8871
vn 0.0000 0.7374 -0.6754
vn 0.0000 0.8871 -0.4616
vn 0.0000 0.8433 -0.5375
vn 0.0000 0.7374 -0.6754
vn 0.0000 0.8433 -0.5375
vn 0.0000 0.6754 -0.7374
vn 0.0000 0.8871 -0.4616
vn 0.0000 0.9763 -0.2162
vn 0.0000 0.9536 -0.3009
vn 0.0000 0.8871 -0.4616
vn 0.0000 0.9536 -0.3009
vn 0.0000 0.8433 -0.5375
vn 0.0000 0.9763 -0.2162
vn 0.0000 0.9990 0.0438
vn 0.0000 0.9990 -0.0438
vn 0.0000 0.9763 -0.2162
vn 0.0000 0.9990 -0.0438
vn 0.0000 0.9536 -0.3009
vn 1.0000 0.0000 0.0000
vn 1.0000 0.0000 0.0000
vn 1.0000 0.0000 0.0000
vn -1.0000 0.0000 0.0000
vn -1.0000 0.0000 0.0000
vn -1.0000 0.0000 0.0000
vn 1.0000 0.0000 0.0000
vn 1.0000 0.0000 0.0000
vn 1.0000 0.0000 0.0000
vn 1.0000 0.0000 0.0000
vn 1.0000 0.0000 0.0000
vn 1.0000 0.0000 0.0000
vn -1.0000 0.0000 0.0000
vn -1.0000 0.0000 0.0000
vn -1.0000 0.0000 0.0000
vn 1.0000 0.0000 0.0000
vn 1.0000 0.0000 0.0000
vn 1.0000 0.0000 0.0000
vn 1.0000 0.0000 0.0000
vn 1.0000 0.0000 0.0000
vn 1.0000 0.0000 0.0000
vn -1.0000 0.0000 0.0000
vn -1.0000 0.0000 0.0000
vn -1.0000 0.0000 0.0000
vn 1.0000 0.0000 0.0000
vn 1.0000 0.0000 0.0000
vn 1.0000 0.0000 0.0000
vn 1.0000 0.0000 0.0000
vn 1.0000 0.0000 0.0000
vn 1.0000 0.0000 0.0000
vn -1.0000 0.0000 0.0000
vn -1.0000 0.0000 0.0000
vn -1.0000 0.0000 0.0000
vn 1.0000 0.0000 0.0000
vn 1.0000 0.0000 0.0000
vn 1.0000 0.0000 0.0000
vn 1.0000 0.0000 0.0000
vn 1.0000 0.0000 0.0000
vn 1.0000 0.0000 0.0000
vn -1.0000 0.0000 0.0000
vn -1.0000 0.0000 0.0000
vn -1.0000 0.0000 0.0000
vn 1.0000 0.0000 0.0000
vn 1.0000 0.0000 0.0000
vn 1.0000 0.0000 0.0000
vn 1.0000 0.0000 0.0000
vn 1.0000 0.0000 0.0000
vn 1.0000 0.0000 0.0000
vn -1.0000 0.0000 0.0000
vn -1.0000 0.0000 0.0000
vn -1.0000 0.0000 0.0000
vn 1.0000 0.0000 0.0000
vn 1.0000 0.0000 0.0000
vn 1.0000 0.0000 0.0000
vn 1.0000 0.0000 0.0000
vn 1.0000 0.0000 0.0000
vn 1.0000 0.0000 0.0000
vn -1.0000 0.0000 0.0000
vn -1.0000 0.0000 0.0000
vn -1.0000 0.0000 0.0000
vn 1.0000 0.0000 0.0000
vn 1.0000 0.0000 0.0000
vn 1.0000 0.0000 0.0000
vn 1.0000 0.0000 0.0000
vn 1.0000 0.0000 0.0000
vn 1.0000 0.0000 0.0000
vn -1.0000 0.0000 0.0000
vn -1.0000 0.0000 0.0000
vn -1.0000 0.0000 0.0000
vn 1.0000 0.0000 0.0000
vn 1.0000 0.0000 0.0000
vn 1.0000 0.0000 0.0000
vn 1.0000 0.0000 0.0000
vn 1.0000 0.0000 0.0000
vn 1.0000 0.0000 0.0000
vn -1.0000 0.0000 0.0000
vn -1.0000 0.0000 0.0000
vn -1.0000 0.0000 0.0000
vn 1.0000 0.0000 0.0000
vn 1.0000 0.0000 0.0000
vn 1.0000 0.0000 0.0000
vn 1.0000 0.0000 0.0000
vn 1.0000 0.0000 0.0000
vn 1.0000 0.0000 0.0000
vn -1.0000 0.0000 0.0000
vn -1.0000 0.0000 0.0000
vn -1.0000 0.0000 0.0000
vn 1.0000 0.0000 0.0000
vn 1.0000 0.0000 0.0000
vn 1.0000 0.0000 0.0000
vn 1.0000 0.0000 0.0000
vn 1.0000 0.0000 0.0000
vn 1.0000 0.0000 0.0000
vn -1.0000 0.0000 0.0000
vn -1.0000 0.0000 0.0000
vn -1.0000 0.0000 0.0000
vn 1.0000 0.0000 0.0000
vn 1.0000 0.0000 0.0000
vn 1.0000 0.0000 0.0000
vn 1.0000 0.0000 0.0000
vn 1.0000 0.0000 0.0000
vn 1.0000 0.0000 0.0000
vn -1.0000 0.0000 0.0000
vn -1.0000 0.0000 0.0000
vn -1.0000 0.0000 0.0000
vn 1.0000 0.0000 0.0000
vn 1.0000 0.0000 0.0000
vn 1.0000 0.0000 0.0000
vn 1.0000 0.0000 0.0000
vn 1.0000 0.0000 0.0000
vn 1.0000 0.0000 0.0000
vn -1.0000 0.0000 0.0000
vn -1.0000 0.0000 0.0000
vn -1.0000 0.0000 0.0000
vn 1.0000 0.0000 0.0000
vn 1.0000 0.0000 0.0000
vn 1.0000 0.0000 0.0000
vn 1.0000 0.0000 0.0000
vn 1.0000 0.0000 0.0000
vn 1.0000 0.0000 0.0000
vn -1.0000 0.0000 0.0000
vn -1.0000 0.0000 0.0000
vn -1.0000 0.0000 0.0000
vn 1.0000 0.0000 0.0000
vn 1.0000 0.0000 0.0000
vn 1.0000 0.0000 0.0000
vn 1.0000 0.0000 0.0000
vn 1.0000 0.0000 0.0000
vn 1.0000 0.0000 0.0000
vn -1.0000 0.0000 0.0000
vn -1.0000 0.0000 0.0000
vn -1.0000 0.0000 0.0000
vn 1.0000 0.0000 0.0000
vn 1.0000 0.0000 0.0000
vn 1.0000 0.0000 0.0000
vn 1.0000 0.0000 0.0000
vn 1.0000 0.0000 0.0000
vn 1.0000 0.0000 0.0000
vn -1.0000 0.0000 0.0000
vn -1.0000 0.0000 0.0000
vn -1.0000 0.0000 0.0000
vn 1.0000 0.0000 0.0000
vn 1.0000 0.0000 0.0000
vn 1.0000 0.0000 0.0000
vn 1.0000 0.0000 0.0000
vn 1.0000 0.0000 0.0000
vn 1.0000 0.0000 0.0000
vn -1.0000 0.0000 0.0000
vn -1.0000 0.0000 0.0000
vn -1.0000 0.0000 0.0000
vn 1.0000 0.0000 0.0000
vn 1.0000 0.0000 0.0000
vn 1.0000 0.0000 0.0000
vn 1.0000 0.0000 0.0000
vn 1.0000 0.0000 0.0000
vn 1.0000 0.0000 0.0000
vn -1.0000 0.0000 0.0000
vn -1.0000 0.0000 0.0000
vn -1.0000 0.0000 0.0000
vn 1.0000 0.0000 0.0000
vn 1.0000 0.0000 0.0000
vn 1.0000 0.0000 0.0000
vn 1.0000 0.0000 0.0000
vn 1.0000 0.0000 0.0000
vn 1.0000 0.0000 0.0000
vn -1.0000 0.0000 0.0000
vn -1.0000 0.0000 0.0000
vn -1.0000 0.0000 0.0000
vn 1.0000 0.0000 0.0000
vn 1.0000 0.0000 0.0000
vn 1.0000 0.0000 0.0000
vn 1.0000 0.0000 0.0000
vn 1.0000 0.0000 0.0000
vn 1.0000 0.0000 0.0000
vn -1.0000 0.0000 0.0000
vn -1.0000 0.0000 0.0000
vn -1.0000 0.0000 0.0000
vn 1.0000 0.0000 0.0000
vn 1.0000 0.0000 0.0000
vn 1.0000 0.0000 0.0000
vn 1.0000 0.0000 0.0000
vn 1.0000 0.0000 0.0000
vn 1.0000 0.0000 0.0000
vn -1.0000 0.0000 0.0000
vn -1.0000 0.0000 0.0000
vn -1.0000 0.0000 0.0000
vn 1.0000 0.0000 0.0000
vn 1.0000 0.0000 0.0000
vn 1.0000 0.0000 0.0000
vn 1.0000 0.0000 0.0000
vn 1.0000 0.0000 0.0000
vn 1.0000 0.0000 0.0000
vn -1.0000 0.0000 0.0000
vn -1.0000 0.0000 0.0000
vn -1.0000 0.0000 0.0000
vn 1.0000 0.0000 0.0000
vn 1.0000 0.0000 0.0000
vn 1.0000 0.0000 0.0000
vn 1.0000 0.0000 0.0000
vn 1.0000 0.0000 0.0000
vn 1.0000 0.0000 0.0000
vn -1.0000 0.0000 0.0000
vn -1.0000 0.0000 0.0000
vn -1.0000 0.0000 0.0000
vn 1.0000 0.0000 0.0000
vn 1.0000 0.0000 0.0000
vn 1.0000 0.0000 0.0000
vn 1.0000 0.0000 0.0000
vn 1.0000 0.0000 0.0000
vn 1.0000 0.0000 0.0000
vn -1.0000 0.0000 0.0000
vn -1.0000 0.0000 0.0000
vn -1.0000 0.0000 0.0000
vn 1.0000 0.0000 0.0000
vn 1.0000 0.0000 0.0000
vn 1.0000 0.0000 0.0000
vn 0.0000 -1.0000 0.0000
vn 0.0000 -1.0000 0.0000
vn 0.0000 -1.0000 0.0000
vn 0.0000 -1.0000 0.0000
vn 0.0000 -1.0000 0.0000
vn 0.0000 -1.0000 0.0000
vn 0.0000 1.0000 0.0000
vn 0.0000 1.0000 0.0000
vn 0.0000 1.0000 0.0000
vn 0.0000 1.0000 0.0000
vn 0.0000 1.0000 0.0000
vn 0.0000 1.0000 0.0000
vn -1.0000 0.0000 0.0000
vn -1.0000 0.0000 0.0000
vn -1.0000 0.0000 0.0000
vn -1.0000 0.0000 0.0000
vn -1.0000 0.0000 0.0000
vn -1.0000 0.0000 0.0000
vn 1.0000 0.0000 0.0000
vn 1.0000 0.0000 0.0000
vn 1.0000 0.0000 0.0000
vn 1.0000 0.0000 0.0000
vn 1.0000 0.0000 0.0000
vn 1.0000 0.0000 0.0000
vn 0.0000 0.0000 1.0000
vn 0.0000 0.0000 1.0000
vn 0.0000 0.0000 1.0000
vn 0.0000 0.0000 1.0000
vn 0.0000 0.0000 1.0000
vn 0.0000 0.0000 1.0000
vn 0.0000 0.0000 -1.0000
vn 0.0000 0.0000 -1.0000
vn 0.0000 0.0000 -1.0000
vn 0.0000 0.0000 -1.0000
vn 0.0000 0.0000 -1.0000
vn 0.0000 0.0000 -1.0000
vn 0.0000 -1.0000 0.0000
vn 0.0000 -1.0000 0.0000
vn 0.0000 -1.0000 0.0000
vn 0.0000 -1.0000 0.0000
vn 0.0000 -1.0000 0.0000
vn 0.0000 -1.0000 0.0000
vn 0.0000 1.0000 0.0000
vn 0.0000 1.0000 0.0000
vn 0.0000 1.0000 0.0000
vn 0.0000 1.0000 0.0000
vn 0.0000 1.0000 0.0000
vn 0.0000 1.0000 0.0000
vn -1.0000 0.0000 0.0000
vn -1.0000 0.0000 0.0000
vn -1.0000 0.0000 0.0000
vn -1.0000 0.0000 0.0000
vn -1.0000 0.0000 0.0000
vn -1.0000 0.0000 0.0000
vn 1.0000 0.0000 0.0000
vn 1.0000 0.0000 0.0000
vn 1.0000 0.0000 0.0000
vn 1.0000 0.0000 0.0000
vn 1.0000 0.0000 0.0000
vn 1.0000 0.0000 0.0000
vn 0.0000 0.0000 1.0000
vn 0.0000 0.0000 1.0000
vn 0.0000 0.0000 1.0000
vn 0.0000 0.0000 1.0000
vn 0.0000 0.0000 1.0000
vn 0.0000 0.0000 1.0000
vn 0.0000 0.0000 -1.0000
vn 0.0000 0.0000 -1.0000
vn 0.0000 0.0000 -1.0000
vn 0.0000 0.0000 -1.0000
vn 0.0000 0.0000 -1.0000
vn 0.0000 0.0000 -1.0000
vn 0.0000 -1.0000 0.0000
vn 0.0000 -1.0000 0.0000
vn 0.0000 -1.0000 0.0000
vn 0.0000 -1.0000 0.0000
vn 0.0000 -1.0000 0.0000
vn 0.0000 -1.0000 0.0000
vn 0.0000 1.0000 0.0000
vn 0.0000 1.0000 0.0000
vn 0.0000 1.0000 0.0000
vn 0.0000 1.0000 0.0000
vn 0.0000 1.0000 0.0000
vn 0.0000 1.0000 0.0000
vn -1.0000 0.0000 0.0000
vn -1.0000 0.0000 0.0000
vn -1.0000 0.0000 0.0000
vn -1.0000 0.0000 0.0000
vn -1.0000 0.0000 0.0000
vn -1.0000 0.0000 0.0000
vn 1.0000 0.0000 0.0000
vn 1.0000 0.0000 0.0000
vn 1.0000 0.0000 0.0000
vn 1.0000 0.0000 0.0000
vn 1.0000 0.0000 0.0000
vn 1.0000 0.0000 0.0000
vn 0.0000 0.0000 1.0000
vn 0.0000 0.0000 1.0000
vn 0.0000 0.0000 1.0000
vn 0.0000 0.0000 1.0000
vn 0.0000 0.0000 1.0000
vn 0.0000 0.0000 1.0000
vn 0.0000 0.0000 -1.0000
vn 0.0000 0.0000 -1.0000
vn 0.0000 0.0000 -1.0000
vn 0.0000 0.0000 -1.0000
vn 0.0000 0.0000 -1.0000
vn 0.0000 0.0000 -1.0000
vn 0.0000 -1.0000 0.0000
vn 0.0000 -1.0000 0.0000
vn 0.0000 -1.0000 0.0000
vn 0.0000 -1.0000 0.0000
vn 0.0000 -1.0000 0.0000
vn 0.0000 -1.0000 0.0000
vn 0.0000 1.0000 0.0000
vn 0.0000 1.0000 0.0000
vn 0.0000 1.0000 0.0000
vn 0.0000 1.0000 0.0000
vn 0.0000 1.0000 0.0000
vn 0.0000 1.0000 0.0000
vn 1.0000 0.0000 0.0000
vn 1.0000 0.0000 0.0000
vn 1.0000 0.0000 0.0000
vn 1.0000 0.0000 0.0000
vn 1.0000 0.0000 0.0000
vn 1.0000 0.0000 0.0000
vn -1.0000 0.0000 0.0000
vn -1.0000 0.0000 0.0000
vn -1.0000 0.0000 0.0000
vn -1.0000 0.0000 0.0000
vn -1.0000 0.0000 0.0000
vn -1.0000 0.0000 0.0000
vn 0.0000 0.0000 -1.0000
vn 0.0000 0.0000 -1.0000
vn 0.0000 0.0000 -1.0000
vn 0.0000 0.0000 -1.0000
vn 0.0000 0.0000 -1.0000
vn 0.0000 0.0000 -1.0000
vn 0.0000 0.0000 1.0000
vn 0.0000 0.0000 1.0000
vn 0.0000 0.0000 1.0000
vn 0.0000 0.0000 1.0000
vn 0.0000 0.0000 1.0000
vn 0.0000 0.0000 1.0000
vn 0.0000 -1.0000 0.0000
vn 0.0000 -1.0000 0.0000
vn 0.0000 -1.0000 0.0000
vn 0.0000 -1.0000 0.0000
vn 0.0000 -1.0000 0.0000
vn 0.0000 -1.0000 0.0000
vn 0.0000 1.0000 0.0000
vn 0.0000 1.0000 0.0000
vn 0.0000 1.0000 0.0000
vn 0.0000 1.0000 0.0000
vn 0.0000 1.0000 0.0000
vn 0.0000 1.0000 0.0000
vn 1.0000 0.0000 0.0000
vn 1.0000 0.0000 0.0000
vn 1.0000 0.0000 0.0000
vn 1.0000 0.0000 0.0000
vn 1.0000 0.0000 0.0000
vn 1.0000 0.0000 0.0000
vn -1.0000 0.0000 0.0000
vn -1.0000 0.0000 0.0000
vn -1.0000 0.0000 0.0000
vn -1.0000 0.0000 0.0000
vn -1.0000 0.0000 0.0000
vn -1.0000 0.0000 0.0000
vn 0.0000 0.0000 -1.0000
vn 0.0000 0.0000 -1.0000
vn 0.0000 0.0000 -1.0000
vn 0.0000 0.0000 -1.0000
vn 0.0000 0.0000 -1.0000
vn 0.0000 0.0000 -1.0000
vn 0.0000 0.0000 1.0000
vn 0.0000 0.0000 1.0000
vn 0.0000 0.0000 1.0000
vn 0.0000 0.0000 1.0000
vn 0.0000 0.0000 1.0000
vn 0.0000 0.0000 1.0000
usemtl Material
f 1537//8725 1513//8726 1514//8727
f 1537//8734 1514//8735 1515//8736
f 1537//8743 1515//8744 1516//8745
f 1537//8752 1516//8753 1517//8754
f 1537//8761 1517//8762 1518//8763
f 1537//8770 1518//8771 1519//8772
f 1537//8779 1519//8780 1520//8781
f 1537//8788 1520//8789 1521//8790
f 1537//8797 1521//8798 1522//8799
f 1537//8806 1522//8807 1523//8808
f 1537//8815 1523//8816 1524//8817
f 1537//8824 1524//8825 1525//8826
f 1537//8833 1525//8834 1526//8835
f 1537//8842 1526//8843 1527//8844
f 1537//8851 1527//8852 1528//8853
f 1537//8860 1528//8861 1529//8862
f 1537//8869 1529//8870 1530//8871
f 1537//8878 1530//8879 1531//8880
f 1537//8887 1531//8888 1532//8889
f 1537//8896 1532//8897 1533//8898
f 1537//8905 1533//8906 1534//8907
f 1537//8914 1534//8915 1535//8916
f 1537//8923 1535//8924 1536//8925
f 1537//8932 1536//8933 1513//8934
f 1612//9085 1588//9086 1589//9087
f 1612//9094 1589//9095 1590//9096
f 1612//9103 1590//9104 1591//9105
f 1612//9112 1591//9113 1592//9114
f 1612//9121 1592//9122 1593//9123
f 1612//9130 1593//9131 1594//9132
f 1612//9139 1594//9140 1595//9141
f 1612//9148 1595//9149 1596//9150
f 1612//9157 1596//9158 1597//9159
f 1612//9166 1597//9167 1598//9168
f 1612//9175 1598//9176 1599//9177
f 1612//9184 1599//9185 1600//9186
f 1612//9193 1600//9194 1601//9195
f 1612//9202 1601//9203 1602//9204
f 1612//9211 1602//9212 1603//9213
f 1612//9220 1603//9221 1604//9222
f 1612//9229 1604//9230 1605//9231
f 1612//9238 1605//9239 1606//9240
f 1612//9247 1606//9248 1607//9249
f 1612//9256 1607//9257 1608//9258
f 1612//9265 1608//9266 1609//9267
f 1612//9274 1609//9275 1610//9276
f 1612//9283 1610//9284 1611//9285
f 1612//9292 1611//9293 1588//9294
f 1687//9445 1663//9446 1664//9447
f 1687//9454 1664//9455 1665//9456
f 1687//9463 1665//9464 1666//9465
f 1687//9472 1666//9473 1667//9474
f 1687//9481 1667//9482 1668//9483
f 1687//9490 1668//9491 1669//9492
f 1687//9499 1669//9500 1670//9501
f 1687//9508 1670//9509 1671//9510
f 1687//9517 1671//9518 1672//9519
f 1687//9526 1672//9527 1673//9528
f 1687//9535 1673//9536 1674//9537
f 1687//9544 1674//9545 1675//9546
f 1687//9553 1675//9554 1676//9555
f 1687//9562 1676//9563 1677//9564
f 1687//9571 1677//9572 1678//9573
f 1687//9580 1678//9581 1679//9582
f 1687//9589 1679//9590 1680//9591
f 1687//9598 1680//9599 1681//9600
f 1687//9607 1681//9608 1682//9609
f 1687//9616 1682//9617 1683//9618
f 1687//9625 1683//9626 1684//9627
f 1687//9634 1684//9635 1685//9636
f 1687//9643 1685//9644 1686//9645
f 1687//9652 1686//9653 1663//9654
f 1762//9805 1738//9806 1739//9807
f 1762//9814 1739//9815 1740//9816
f 1762//9823 1740//9824 1741//9825
f 1762//9832 1741//9833 1742//9834
f 1762//9841 1742//9842 1743//9843
f 1762//9850 1743//9851 1744//9852
f 1762//9859 1744//9860 1745//9861
f 1762//9868 1745//9869 1746//9870
f 1762//9877 1746//9878 1747//9879
f 1762//9886 1747//9887 1748//9888
f 1762//9895 1748//9896 1749//9897
f 1762//9904 1749//9905 1750//9906
f 1762//9913 1750//9914 1751//9915
f 1762//9922 1751//9923 1752//9924
f 1762//9931 1752//9932 1753//9933
f 1762//9940 1753//9941 1754//9942
f 1762//9949 1754//9950 1755//9951
f 1762//9958 1755//9959 1756//9960
f 1762//9967 1756//9968 1757//9969
f 1762//9976 1757//9977 1758//9978
f 1762//9985 1758//9986 1759//9987
f 1762//9994 1759//9995 1760//9996
f 1762//10003 1760//10004 1761//10005
f 1762//10012 1761//10013 1738//10014
usemtl cabin
f 1283//7681 1289//7682 1290//7683
f 1283//7684 1290//7685 1284//7686
f 1284//7687 1290//7688 1291//7689
f 1284//7690 1291//7691 1285//7692
f 1285//7693 1291//7694 1292//7695
f 1285//7696 1292//7697 1286//7698
f 1286//7699 1292//7700 1293//7701
f 1286//7702 1293//7703 1287//7704
f 1287//7705 1293//7706 1294//7707
f 1287//7708 1294//7709 1288//7710
f 1289//7711 1295//7712 1296//7713
f 1289//7714 1296//7715 1290//7716
f 1290//7717 1296//7718 1297//7719
f 1290//7720 1297//7721 1291//7722
f 1291//7723 1297//7724 1298//7725
f 1291//7726 1298//7727 1292//7728
f 1292//7729 1298//7730 1299//7731
f 1292//7732 1299//7733 1293//7734
f 1293//7735 1299//7736 1300//7737
f 1293//7738 1300//7739 1294//7740
f 1295//7741 1301//7742 1302//7743
f 1295//7744 1302//7745 1296//7746
f 1296//7747 1302//7748 1303//7749
f 1296//7750 1303//7751 1297//7752
f 1297//7753 1303//7754 1304//7755
f 1297//7756 1304//7757 1298//7758
f 1298//7759 1304//7760 1305//7761
f 1298//7762 1305//7763 1299//7764
f 1299//7765 1305//7766 1306//7767
f 1299//7768 1306//7769 1300//7770
f 1301//7771 1307//7772 1308//7773
f 1301//7774 1308//7775 1302//7776
f 1302//7777 1308//7778 1309//7779
f 1302//7780 1309//7781 1303//7782
f 1303//7783 1309//7784 1310//7785
f 1303//7786 1310//7787 1304//7788
f 1304//7789 1310//7790 1311//7791
f 1304//7792 1311//7793 1305//7794
f 1305//7795 1311//7796 1312//7797
f 1305//7798 1312//7799 1306//7800
f 1307//7801 1313//7802 1314//7803
f 1307//7804 1314//7805 1308//7806
f 1308//7807 1314//7808 1315//7809
f 1308//7810 1315//7811 1309//7812
f 1309//7813 1315//7814 1316//7815
f 1309//7816 1316//7817 1310//7818
f 1310//7819 1316//7820 1317//7821
f 1310//7822 1317//7823 1311//7824
f 1311//7825 1317//7826 1318//7827
f 1311//7828 1318//7829 1312//7830
f 1313//7831 1319//7832 1320//7833
f 1313//7834 1320//7835 1314//7836
f 1314//7837 1320//7838 1321//7839
f 1314//7840 1321//7841 1315//7842
f 1315//7843 1321//7844 1322//7845
f 1315//7846 1322//7847 1316//7848
f 1316//7849 1322//7850 1323//7851
f 1316//7852 1323//7853 1317//7854
f 1317//7855 1323//7856 1324//7857
f 1317//7858 1324//7859 1318//7860
f 1319//7861 1325//7862 1326//7863
f 1319//7864 1326//7865 1320//7866
f 1320//7867 1326//7868 1327//7869
f 1320//7870 1327//7871 1321//7872
f 1321//7873 1327//7874 1328//7875
f 1321//7876 1328//7877 1322//7878
f 1322//7879 1328//7880 1329//7881
f 1322//7882 1329//7883 1323//7884
f 1323//7885 1329//7886 1330//7887
f 1323//7888 1330//7889 1324//7890
f 1325//7891 1331//7892 1332//7893
f 1325//7894 1332//7895 1326//7896
f 1326//7897 1332//7898 1333//7899
f 1326//7900 1333//7901 1327//7902
f 1328//7909 1334//7910 1335//7911
f 1328//7912 1335//7913 1329//7914
f 1329//7915 1335//7916 1336//7917
f 1329//7918 1336//7919 1330//7920
f 1331//7921 1337//7922 1338//7923
f 1331//7924 1338//7925 1332//7926
f 1332//7927 1338//7928 1339//7929
f 1332//7930 1339//7931 1333//7932
f 1334//7939 1340//7940 1341//7941
f 1334//7942 1341//7943 1335//7944
f 1335//7945 1341//7946 1342//7947
f 1335//7948 1342//7949 1336//7950
f 1337//7951 1343//7952 1344//7953
f 1337//7954 1344//7955 1338//7956
f 1338//7957 1344//7958 1345//7959
f 1338//7960 1345//7961 1339//7962
f 1340//7969 1346//7970 1347//7971
f 1340//7972 1347//7973 1341//7974
f 1341//7975 1347//7976 1348//7977
f 1341//7978 1348//7979 1342//7980
f 1343//7981 1349//7982 1350//7983
f 1343//7984 1350//7985 1344//7986
f 1344//7987 1350//7988 1351//7989
f 1344//7990 1351//7991 1345//7992
f 1346//7999 1352//8000 1353//8001
f 1346//8002 1353//8003 1347//8004
f 1347//8005 1353//8006 1354//8007
f 1347//8008 1354//8009 1348//8010
f 1349//8011 1355//8012 1356//8013
f 1349//8014 1356//8015 1350//8016
f 1350//8017 1356//8018 1357//8019
f 1350//8020 1357//8021 1351//8022
f 1352//8029 1358//8030 1359//8031
f 1352//8032 1359//8033 1353//8034
f 1353//8035 1359//8036 1360//8037
f 1353//8038 1360//8039 1354//8040
f 1355//8041 1361//8042 1362//8043
f 1355//8044 1362//8045 1356//8046
f 1356//8047 1362//8048 1363//8049
f 1356//8050 1363//8051 1357//8052
f 1358//8059 1364//8060 1365//8061
f 1358//8062 1365//8063 1359//8064
f 1359//8065 1365//8066 1366//8067
f 1359//8068 1366//8069 1360//8070
f 1361//8071 1367//8072 1368//8073
f 1361//8074 1368//8075 1362//8076
f 1362//8077 1368//8078 1369//8079
f 1362//8080 1369//8081 1363//8082
f 1364//8089 1370//8090 1371//8091
f 1364//8092 1371//8093 1365//8094
f 1365//8095 1371//8096 1372//8097
f 1365//8098 1372//8099 1366//8100
f 1367//8101 1373//8102 1374//8103
f 1367//8104 1374//8105 1368//8106
f 1368//8107 1374//8108 1375//8109
f 1368//8110 1375//8111 1369//8112
f 1370//8119 1376//8120 1377//8121
f 1370//8122 1377//8123 1371//8124
f 1371//8125 1377//8126 1378//8127
f 1371//8128 1378//8129 1372//8130
f 1373//8131 1379//8132 1380//8133
f 1373//8134 1380//8135 1374//8136
f 1374//8137 1380//8138 1381//8139
f 1374//8140 1381//8141 1375//8142
f 1376//8149 1382//8150 1383//8151
f 1376//8152 1383//8153 1377//8154
f 1377//8155 1383//8156 1384//8157
f 1377//8158 1384//8159 1378//8160
f 1379//8161 1385//8162 1386//8163
f 1379//8164 1386//8165 1380//8166
f 1380//8167 1386//8168 1387//8169
f 1380//8170 1387//8171 1381//8172
f 1382//8179 1388//8180 1389//8181
f 1382//8182 1389//8183 1383//8184
f 1383//8185 1389//8186 1390//8187
f 1383//8188 1390//8189 1384//8190
f 1385//8191 1391//8192 1392//8193
f 1385//8194 1392//8195 1386//8196
f 1386//8197 1392//8198 1393//8199
f 1386//8200 1393//8201 1387//8202
f 1388//8209 1394//8210 1395//8211
f 1388//8212 1395//8213 1389//8214
f 1389//8215 1395//8216 1396//8217
f 1389//8218 1396//8219 1390//8220
f 1391//8221 1397//8222 1398//8223
f 1391//8224 1398//8225 1392//8226
f 1392//8227 1398//8228 1399//8229
f 1392//8230 1399//8231 1393//8232
f 1394//8239 1400//8240 1401//8241
f 1394//8242 1401//8243 1395//8244
f 1395//8245 1401//8246 1402//8247
f 1395//8248 1402//8249 1396//8250
f 1397//8251 1403//8252 1404//8253
f 1397//8254 1404//8255 1398//8256
f 1398//8257 1404//8258 1405//8259
f 1398//8260 1405//8261 1399//8262
f 1399//8263 1405//8264 1406//8265
f 1399//8266 1406//8267 1400//8268
f 1400//8269 1406//8270 1407//8271
f 1400//8272 1407//8273 1401//8274
f 1401//8275 1407//8276 1408//8277
f 1401//8278 1408//8279 1402//8280
f 1403//8281 1409//8282 1410//8283
f 1403//8284 1410//8285 1404//8286
f 1404//8287 1410//8288 1411//8289
f 1404//8290 1411//8291 1405//8292
f 1405//8293 1411//8294 1412//8295
f 1405//8296 1412//8297 1406//8298
f 1406//8299 1412//8300 1413//8301
f 1406//8302 1413//8303 1407//8304
f 1407//8305 1413//8306 1414//8307
f 1407//8308 1414//8309 1408//8310
f 1409//8311 1415//8312 1416//8313
f 1409//8314 1416//8315 1410//8316
f 1410//8317 1416//8318 1417//8319
f 1410//8320 1417//8321 1411//8322
f 1411//8323 1417//8324 1418//8325
f 1411//8326 1418//8327 1412//8328
f 1412//8329 1418//8330 1419//8331
f 1412//8332 1419//8333 1413//8334
f 1413//8335 1419//8336 1420//8337
f 1413//8338 1420//8339 1414//8340
f 1415//8341 1421//8342 1422//8343
f 1415//8344 1422//8345 1416//8346
f 1416//8347 1422//8348 1423//8349
f 1416//8350 1423//8351 1417//8352
f 1417//8353 1423//8354 1424//8355
f 1417//8356 1424//8357 1418//8358
f 1418//8359 1424//8360 1425//8361
f 1418//8362 1425//8363 1419//8364
f 1419//8365 1425//8366 1426//8367
f 1419//8368 1426//8369 1420//8370
f 1421//8371 1427//8372 1428//8373
f 1421//8374 1428//8375 1422//8376
f 1422//8377 1428//8378 1429//8379
f 1422//8380 1429//8381 1423//8382
f 1423//8383 1429//8384 1430//8385
f 1423//8386 1430//8387 1424//8388
f 1424//8389 1430//8390 1431//8391
f 1424//8392 1431//8393 1425//8394
f 1425//8395 1431//8396 1432//8397
f 1425//8398 1432//8399 1426//8400
f 1427//8401 1433//8402 1434//8403
f 1427//8404 1434//8405 1428//8406
f 1428//8407 1434//8408 1435//8409
f 1428//8410 1435//8411 1429//8412
f 1429//8413 1435//8414 1436//8415
f 1429//8416 1436//8417 1430//8418
f 1430//8419 1436//8420 1437//8421
f 1430//8422 1437//8423 1431//8424
f 1431//8425 1437//8426 1438//8427
f 1431//8428 1438//8429 1432//8430
f 1433//8431 1439//8432 1440//8433
f 1433//8434 1440//8435 1434//8436
f 1434//8437 1440//8438 1441//8439
f 1434//8440 1441//8441 1435//8442
f 1435//8443 1441//8444 1442//8445
f 1435//8446 1442//8447 1436//8448
f 1436//8449 1442//8450 1443//8451
f 1436//8452 1443//8453 1437//8454
f 1437//8455 1443//8456 1444//8457
f 1437//8458 1444//8459 1438//8460
f 1439//8461 1445//8462 1446//8463
f 1439//8464 1446//8465 1440//8466
f 1440//8467 1446//8468 1447//8469
f 1440//8470 1447//8471 1441//8472
f 1441//8473 1447//8474 1448//8475
f 1441//8476 1448//8477 1442//8478
f 1442//8479 1448//8480 1449//8481
f 1442//8482 1449//8483 1443//8484
f 1443//8485 1449//8486 1450//8487
f 1443//8488 1450//8489 1444//8490
f 1445//8491 1451//8492 1452//8493
f 1445//8494 1452//8495 1446//8496
f 1446//8497 1452//8498 1453//8499
f 1446//8500 1453//8501 1447//8502
f 1447//8503 1453//8504 1454//8505
f 1447//8506 1454//8507 1448//8508
f 1448//8509 1454//8510 1455//8511
f 1448//8512 1455//8513 1449//8514
f 1449//8515 1455//8516 1456//8517
f 1449//8518 1456//8519 1450//8520
f 1451//8521 1457//8522 1458//8523
f 1451//8524 1458//8525 1452//8526
f 1452//8527 1458//8528 1459//8529
f 1452//8530 1459//8531 1453//8532
f 1453//8533 1459//8534 1460//8535
f 1453//8536 1460//8537 1454//8538
f 1454//8539 1460//8540 1461//8541
f 1454//8542 1461//8543 1455//8544
f 1455//8545 1461//8546 1462//8547
f 1455//8548 1462//8549 1456//8550
f 1283//8551 1285//8552 1284//8553
f 1283//8554 1286//8555 1285//8556
f 1283//8557 1287//8558 1286//8559
f 1283//8560 1288//8561 1287//8562
f 1457//8563 1458//8564 1459//8565
f 1457//8566 1459//8567 1460//8568
f 1457//8569 1460//8570 1461//8571
f 1457//8572 1461//8573 1462//8574
usemtl light
f 1791//10123 1792//10124 1793//10125
f 1791//10126 1793//10127 1794//10128
f 1787//10129 1790//10130 1789//10131
f 1787//10132 1789//10133 1788//10134
f 1787//10135 1791//10136 1794//10137
f 1787//10138 1794//10139 1790//10140
f 1788//10141 1789//10142 1793//10143
f 1788//10144 1793//10145 1792//10146
f 1790//10147 1794//10148 1793//10149
f 1790//10150 1793//10151 1789//10152
f 1787//10153 1788//10154 1792//10155
f 1787//10156 1792//10157 1791//10158
f 1799//10159 1800//10160 1801//10161
f 1799//10162 1801//10163 1802//10164
f 1795//10165 1798//10166 1797//10167
f 1795//10168 1797//10169 1796//10170
f 1795//10171 1799//10172 1802//10173
f 1795//10174 1802//10175 1798//10176
f 1796//10177 1797//10178 1801//10179
f 1796//10180 1801//10181 1800//10182
f 1798//10183 1802//10184 1801//10185
f 1798//10186 1801//10187 1797//10188
f 1795//10189 1796//10190 1800//10191
f 1795//10192 1800//10193 1799//10194
usemtl other_body
f 1//1 33//2 34//3
f 1//4 34//5 2//6
f 2//7 34//8 35//9
f 2//10 35//11 3//12
f 3//13 35//14 36//15
f 3//16 36//17 4//18
f 4//19 36//20 37//21
f 4//22 37//23 5//24
f 5//25 37//26 38//27
f 5//28 38//29 6//30
f 6//31 38//32 39//33
f 6//34 39//35 7//36
f 7//37 39//38 40//39
f 7//40 40//41 8//42
f 8//43 40//44 41//45
f 8//46 41//47 9//48
f 9//49 41//50 42//51
f 9//52 42//53 10//54
f 10//55 42//56 43//57
f 10//58 43//59 11//60
f 11//61 43//62 44//63
f 11//64 44//65 12//66
f 12//67 44//68 45//69
f 12//70 45//71 13//72
f 13//73 45//74 46//75
f 13//76 46//77 14//78
f 14//79 46//80 47//81
f 14//82 47//83 15//84
f 15//85 47//86 48//87
f 15//88 48//89 16//90
f 16//91 48//92 49//93
f 16//94 49//95 17//96
f 17//97 49//98 50//99
f 17//100 50//101 18//102
f 18//103 50//104 51//105
f 18//106 51//107 19//108
f 19//109 51//110 52//111
f 19//112 52//113 20//114
f 20//115 52//116 53//117
f 20//118 53//119 21//120
f 21//121 53//122 54//123
f 21//124 54//125 22//126
f 22//127 54//128 55//129
f 22//130 55//131 23//132
f 23//133 55//134 56//135
f 23//136 56//137 24//138
f 24//139 56//140 57//141
f 24//142 57//143 25//144
f 25//145 57//146 58//147
f 25//148 58//149 26//150
f 26//151 58//152 59//153
f 26//154 59//155 27//156
f 27//157 59//158 60//159
f 27//160 60//161 28//162
f 28//163 60//164 61//165
f 28//166 61//167 29//168
f 29//169 61//170 62//171
f 29//172 62//173 30//174
f 30//175 62//176 63//177
f 30//178 63//179 31//180
f 31//181 63//182 64//183
f 31//184 64//185 32//186
f 32//187 64//188 33//189
f 32//190 33//191 1//192
f 33//193 65//194 66//195
f 33//196 66//197 34//198
f 34//199 66//200 67//201
f 34//202 67//203 35//204
f 35//205 67//206 68//207
f 35//208 68//209 36//210
f 36//211 68//212 69//213
f 36//214 69//215 37//216
f 37//217 69//218 70//219
f 37//220 70//221 38//222
f 38//223 70//224 71//225
f 38//226 71//227 39//228
f 39//229 71//230 72//231
f 39//232 72//233 40//234
f 40//235 72//236 73//237
f 40//238 73//239 41//240
f 41//241 73//242 74//243
f 41//244 74//245 42//246
f 42//247 74//248 75//249
f 42//250 75//251 43//252
f 43//253 75//254 76//255
f 43//256 76//257 44//258
f 44//259 76//260 77//261
f 44//262 77//263 45//264
f 45//265 77//266 78//267
f 45//268 78//269 46//270
f 46//271 78//272 79//273
f 46//274 79//275 47//276
f 47//277 79//278 80//279
f 47//280 80//281 48//282
f 48//283 80//284 81//285
f 48//286 81//287 49//288
f 49//289 81//290 82//291
f 49//292 82//293 50//294
f 50//295 82//296 83//297
f 50//298 83//299 51//300
f 51//301 83//302 84//303
f 51//304 84//305 52//306
f 52//307 84//308 85//309
f 52//310 85//311 53//312
f 53//313 85//314 86//315
f 53//316 86//317 54//318
f 54//319 86//320 87//321
f 54//322 87//323 55//324
f 55//325 87//326 88//327
f 55//328 88//329 56//330
f 56//331 88//332 89//333
f 56//334 89//335 57//336
f 57//337 89//338 90//339
f 57//340 90//341 58//342
f 58//343 90//344 91//345
f 58//346 91//347 59//348
f 59//349 91//350 92//351
f 59//352 92//353 60//354
f 60//355 92//356 93//357
f 60//358 93//359 61//360
f 61//361 93//362 94//363
f 61//364 94//365 62//366
f 62//367 94//368 95//369
f 62//370 95//371 63//372
f 63//373 95//374 96//375
f 63//376 96//377 64//378
f 64//379 96//380 65//381
f 64//382 65//383 33//384
f 65//385 97//386 98//387
f 65//388 98//389 66//390
f 66//391 98//392 99//393
f 66//394 99//395 67//396
f 67//397 99//398 100//399
f 67//400 100//401 68//402
f 68//403 100//404 101//405
f 68//406 101//407 69//408
f 69//409 101//410 102//411
f 69//412 102//413 70//414
f 70//415 102//416 103//417
f 70//418 103//419 71//420
f 71//421 103//422 104//423
f 71//424 104//425 72//426
f 72//427 104//428 105//429
f 72//430 105//431 73//432
f 73//433 105//434 106//435
f 73//436 106//437 74//438
f 74//439 106//440 107//441
f 74//442 107//443 75//444
f 75//445 107//446 108//447
f 75//448 108//449 76//450
f 76//451 108//452 109//453
f 76//454 109//455 77//456
f 77//457 109//458 110//459
f 77//460 110//461 78//462
f 78//463 110//464 111//465
f 78//466 111//467 79//468
f 79//469 111//470 112//471
f 79//472 112//473 80//474
f 80//475 112//476 113//477
f 80//478 113//479 81//480
f 81//481 113//482 114//483
f 81//484 114//485 82//486
f 82//487 114//488 115//489
f 82//490 115//491 83//492
f 83//493 115//494 116//495
f 83//496 116//497 84//498
f 84//499 116//500 117//501
f 84//502 117//503 85//504
f 85//505 117//506 118//507
f 85//508 118//509 86//510
f 86//511 118//512 119//513
f 86//514 119//515 87//516
f 87//517 119//518 120//519
f 87//520 120//521 88//522
f 88//523 120//524 121//525
f 88//526 121//527 89//528
f 89//529 121//530 122//531
f 89//532 122//533 90//534
f 90//535 122//536 123//537
f 90//538 123//539 91//540
f 91//541 123//542 124//543
f 91//544 124//545 92//546
f 92//547 124//548 125//549
f 92//550 125//551 93//552
f 93//553 125//554 126//555
f 93//556 126//557 94//558
f 94//559 126//560 127//561
f 94//562 127//563 95//564
f 95//565 127//566 128//567
f 95//568 128//569 96//570
f 96//571 128//572 97//573
f 96//574 97//575 65//576
f 97//577 129//578 130//579
f 97//580 130//581 98//582
f 98//583 130//584 131//585
f 98//586 131//587 99//588
f 99//589 131//590 132//591
f 99//592 132//593 100//594
f 100//595 132//596 133//597
f 100//598 133//599 101//600
f 101//601 133//602 134//603
f 101//604 134//605 102//606
f 102//607 134//608 135//609
f 102//610 135//611 103//612
f 103//613 135//614 136//615
f 103//616 136//617 104//618
f 104//619 136//620 137//621
f 104//622 137//623 105//624
f 105//625 137//626 138//627
f 105//628 138//629 106//630
f 106//631 138//632 139//633
f 106//634 139//635 107//636
f 107//637 139//638 140//639
f 107//640 140//641 108//642
f 108//643 140//644 141//645
f 108//646 141//647 109//648
f 109//649 141//650 142//651
f 109//652 142//653 110//654
f 110//655 142//656 143//657
f 110//658 143//659 111//660
f 111//661 143//662 144//663
f 111//664 144//665 112//666
f 112//667 144//668 145//669
f 112//670 145//671 113//672
f 113//673 145//674 146//675
f 113//676 146//677 114//678
f 114//679 146//680 147//681
f 114//682 147//683 115//684
f 115//685 147//686 148//687
f 115//688 148//689 116//690
f 116//691 148//692 149//693
f 116//694 149//695 117//696
f 117//697 149//698 150//699
f 117//700 150//701 118//702
f 118//703 150//704 151//705
f 118//706 151//707 119//708
f 119//709 151//710 152//711
f 119//712 152//713 120//714
f 120//715 152//716 153//717
f 120//718 153//719 121//720
f 121//721 153//722 154//723
f 121//724 154//725 122//726
f 122//727 154//728 155//729
f 122//730 155//731 123//732
f 123//733 155//734 156//735
f 123//736 156//737 124//738
f 124//739 156//740 157//741
f 124//742 157//743 125//744
f 125//745 157//746 158//747
f 125//748 158//749 126//750
f 126//751 158//752 159//753
f 126//754 159//755 127//756
f 127//757 159//758 160//759
f 127//760 160//761 128//762
f 128//763 160//764 129//765
f 128//766 129//767 97//768
f 129//769 161//770 162//771
f 129//772 162//773 130//774
f 130//775 162//776 163//777
f 130//778 163//779 131//780
f 131//781 163//782 164//783
f 131//784 164//785 132//786
f 132//787 164//788 165//789
f 132//790 165//791 133//792
f 133//793 165//794 166//795
f 133//796 166//797 134//798
f 134//799 166//800 167//801
f 134//802 167//803 135//804
f 135//805 167//806 168//807
f 135//808 168//809 136//810
f 136//811 168//812 169//813
f 136//814 169//815 137//816
f 137//817 169//818 170//819
f 137//820 170//821 138//822
f 138//823 170//824 171//825
f 138//826 171//827 139//828
f 139//829 171//830 172//831
f 139//832 172//833 140//834
f 140//835 172//836 173//837
f 140//838 173//839 141//840
f 141//841 173//842 174//843
f 141//844 174//845 142//846
f 142//847 174//848 175//849
f 142//850 175//851 143//852
f 143//853 175//854 176//855
f 143//856 176//857 144//858
f 144//859 176//860 177//861
f 144//862 177//863 145//864
f 145//865 177//866 178//867
f 145//868 178//869 146//870
f 146//871 178//872 179//873
f 146//874 179//875 147//876
f 147//877 179//878 180//879
f 147//880 180//881 148//882
f 148//883 180//884 181//885
f 148//886 181//887 149//888
f 149//889 181//890 182//891
f 149//892 182//893 150//894
f 150//895 182//896 183//897
f 150//898 183//899 151//900
f 151//901 183//902 184//903
f 151//904 184//905 152//906
f 152//907 184//908 185//909
f 152//910 185//911 153//912
f 153//913 185//914 186//915
f 153//916 186//917 154//918
f 154//919 186//920 187//921
f 154//922 187//923 155//924
f 155//925 187//926 188//927
f 155//928 188//929 156//930
f 156//931 188//932 189//933
f 156//934 189//935 157//936
f 157//937 189//938 190//939
f 157//940 190//941 158//942
f 158//943 190//944 191//945
f 158//946 191//947 159//948
f 159//949 191//950 192//951
f 159//952 192//953 160//954
f 160//955 192//956 161//957
f 160//958 161//959 129//960
f 161//961 193//962 194//963
f 161//964 194//965 162//966
f 162//967 194//968 195//969
f 162//970 195//971 163//972
f 163//973 195//974 196//975
f 163//976 196//977 164//978
f 164//979 196//980 197//981
f 164//982 197//983 165//984
f 165//985 197//986 198//987
f 165//988 198//989 166//990
f 166//991 198//992 199//993
f 166//994 199//995 167//996
f 167//997 199//998 200//999
f 167//1000 200//1001 168//1002
f 168//1003 200//1004 201//1005
f 168//1006 201//1007 169//1008
f 169//1009 201//1010 202//1011
f 169//1012 202//1013 170//1014
f 170//1015 202//1016 203//1017
f 170//1018 203//1019 171//1020
f 171//1021 203//1022 204//1023
f 171//1024 204//1025 172//1026
f 172//1027 204//1028 205//1029
f 172//1030 205//1031 173//1032
f 173//1033 205//1034 206//1035
f 173//1036 206//1037 174//1038
f 174//1039 206//1040 207//1041
f 174//1042 207//1043 175//1044
f 175//1045 207//1046 208//1047
f 175//1048 208//1049 176//1050
f 176//1051 208//1052 209//1053
f 176//1054 209//1055 177//1056
f 177//1057 209//1058 210//1059
f 177//1060 210//1061 178//1062
f 178//1063 210//1064 211//1065
f 178//1066 211//1067 179//1068
f 179//1069 211//1070 212//1071
f 179//1072 212//1073 180//1074
f 180//1075 212//1076 213//1077
f 180//1078 213//1079 181//1080
f 181//1081 213//1082 214//1083
f 181//1084 214//1085 182//1086
f 182//1087 214//1088 215//1089
f 182//1090 215//1091 183//1092
f 183//1093 215//1094 216//1095
f 183//1096 216//1097 184//1098
f 184//1099 216//1100 217//1101
f 184//1102 217//1103 185//1104
f 185//1105 217//1106 218//1107
f 185//1108 218//1109 186//1110
f 186//1111 218//1112 219//1113
f 186//1114 219//1115 187//1116
f 187//1117 219//1118 220//1119
f 187//1120 220//1121 188//1122
f 188//1123 220//1124 221//1125
f 188//1126 221//1127 189//1128
f 189//1129 221//1130 222//1131
f 189//1132 222//1133 190//1134
f 190//1135 222//1136 223//1137
f 190//1138 223//1139 191//1140
f 191//1141 223//1142 224//1143
f 191//1144 224//1145 192//1146
f 192//1147 224//1148 193//1149
f 192//1150 193//1151 161//1152
f 193//1153 225//1154 226//1155
f 193//1156 226//1157 194//1158
f 194//1159 226//1160 227//1161
f 194//1162 227//1163 195//1164
f 195//1165 227//1166 228//1167
f 195//1168 228//1169 196//1170
f 196//1171 228//1172 229//1173
f 196//1174 229//1175 197//1176
f 197//1177 229//1178 230//1179
f 197//1180 230//1181 198//1182
f 198//1183 230//1184 231//1185
f 198//1186 231//1187 199//1188
f 199//1189 231//1190 232//1191
f 199//1192 232//1193 200//1194
f 200//1195 232//1196 233//1197
f 200//1198 233//1199 201//1200
f 201//1201 233//1202 234//1203
f 201//1204 234//1205 202//1206
f 202//1207 234//1208 235//1209
f 202//1210 235//1211 203//1212
f 203//1213 235//1214 236//1215
f 203//1216 236//1217 204//1218
f 204//1219 236//1220 237//1221
f 204//1222 237//1223 205//1224
f 205//1225 237//1226 238//1227
f 205//1228 238//1229 206//1230
f 206//1231 238//1232 239//1233
f 206//1234 239//1235 207//1236
f 207//1237 239//1238 240//1239
f 207//1240 240//1241 208//1242
f 208//1243 240//1244 241//1245
f 208//1246 241//1247 209//1248
f 209//1249 241//1250 242//1251
f 209//1252 242//1253 210//1254
f 210//1255 242//1256 243//1257
f 210//1258 243//1259 211//1260
f 211//1261 243//1262 244//1263
f 211//1264 244//1265 212//1266
f 212//1267 244//1268 245//1269
f 212//1270 245//1271 213//1272
f 213//1273 245//1274 246//1275
f 213//1276 246//1277 214//1278
f 214//1279 246//1280 247//1281
f 214//1282 247//1283 215//1284
f 215//1285 247//1286 248//1287
f 215//1288 248//1289 216//1290
f 216//1291 248//1292 249//1293
f 216//1294 249//1295 217//1296
f 217//1297 249//1298 250//1299
f 217//1300 250//1301 218//1302
f 218//1303 250//1304 251//1305
f 218//1306 251//1307 219//1308
f 219//1309 251//1310 252//1311
f 219//1312 252//1313 220//1314
f 220//1315 252//1316 253//1317
f 220//1318 253//1319 221//1320
f 221//1321 253//1322 254//1323
f 221//1324 254//1325 222//1326
f 222//1327 254//1328 255//1329
f 222//1330 255//1331 223//1332
f 223//1333 255//1334 256//1335
f 223//1336 256//1337 224//1338
f 224//1339 256//1340 225//1341
f 224//1342 225//1343 193//1344
f 225//1345 257//1346 258//1347
f 225//1348 258//1349 226//1350
f 226//1351 258//1352 259//1353
f 226//1354 259//1355 227//1356
f 227//1357 259//1358 260//1359
f 227//1360 260//1361 228//1362
f 228//1363 260//1364 261//1365
f 228//1366 261//1367 229//1368
f 229//1369 261//1370 262//1371
f 229//1372 262//1373 230//1374
f 230//1375 262//1376 263//1377
f 230//1378 263//1379 231//1380
f 231//1381 263//1382 264//1383
f 231//1384 264//1385 232//1386
f 232//1387 264//1388 265//1389
f 232//1390 265//1391 233//1392
f 233//1393 265//1394 266//1395
f 233//1396 266//1397 234//1398
f 234//1399 266//1400 267//1401
f 234//1402 267//1403 235//1404
f 235//1405 267//1406 268//1407
f 235//1408 268//1409 236//1410
f 236//1411 268//1412 269//1413
f 236//1414 269//1415 237//1416
f 237//1417 269//1418 270//1419
f 237//1420 270//1421 238//1422
f 238//1423 270//1424 271//1425
f 238//1426 271//1427 239//1428
f 239//1429 271//1430 272//1431
f 239//1432 272//1433 240//1434
f 240//1435 272//1436 273//1437
f 240//1438 273//1439 241//1440
f 241//1441 273//1442 274//1443
f 241//1444 274//1445 242//1446
f 242//1447 274//1448 275//1449
f 242//1450 275//1451 243//1452
f 243//1453 275//1454 276//1455
f 243//1456 276//1457 244//1458
f 244//1459 276//1460 277//1461
f 244//1462 277//1463 245//1464
f 245//1465 277//1466 278//1467
f 245//1468 278//1469 246//1470
f 246//1471 278//1472 279//1473
f 246//1474 279//1475 247//1476
f 247//1477 279//1478 280//1479
f 247//1480 280//1481 248//1482
f 248//1483 280//1484 281//1485
f 248//1486 281//1487 249//1488
f 249//1489 281//1490 282//1491
f 249//1492 282//1493 250//1494
f 250//1495 282//1496 283//1497
f 250//1498 283//1499 251//1500
f 251//1501 283//1502 284//1503
f 251//1504 284//1505 252//1506
f 252//1507 284//1508 285//1509
f 252//1510 285//1511 253//1512
f 253//1513 285//1514 286//1515
f 253//1516 286//1517 254//1518
f 254//1519 286//1520 287//1521
f 254//1522 287//1523 255//1524
f 255//1525 287//1526 288//1527
f 255//1528 288//1529 256//1530
f 256//1531 288//1532 257//1533
f 256//1534 257//1535 225//1536
f 257//1537 289//1538 290//1539
f 257//1540 290//1541 258//1542
f 258//1543 290//1544 291//1545
f 258//1546 291//1547 259//1548
f 259//1549 291//1550 292//1551
f 259//1552 292//1553 260//1554
f 260//1555 292//1556 293//1557
f 260//1558 293//1559 261//1560
f 261//1561 293//1562 294//1563
f 261//1564 294//1565 262//1566
f 262//1567 294//1568 295//1569
f 262//1570 295//1571 263//1572
f 263//1573 295//1574 296//1575
f 263//1576 296//1577 264//1578
f 264//1579 296//1580 297//1581
f 264//1582 297//1583 265//1584
f 265//1585 297//1586 298//1587
f 265//1588 298//1589 266//1590
f 266//1591 298//1592 299//1593
f 266//1594 299//1595 267//1596
f 267//1597 299//1598 300//1599
f 267//1600 300//1601 268//1602
f 268//1603 300//1604 301//1605
f 268//1606 301//1607 269//1608
f 269//1609 301//1610 302//1611
f 269//1612 302//1613 270//1614
f 270//1615 302//1616 303//1617
f 270//1618 303//1619 271//1620
f 271//1621 303//1622 304//1623
f 271//1624 304//1625 272//1626
f 272//1627 304//1628 305//1629
f 272//1630 305//1631 273//1632
f 273//1633 305//1634 306//1635
f 273//1636 306//1637 274//1638
f 274//1639 306//1640 307//1641
f 274//1642 307//1643 275//1644
f 275//1645 307//1646 308//1647
f 275//1648 308//1649 276//1650
f 276//1651 308//1652 309//1653
f 276//1654 309//1655 277//1656
f 277//1657 309//1658 310//1659
f 277//1660 310//1661 278//1662
f 278//1663 310//1664 311//1665
f 278//1666 311//1667 279//1668
f 279//1669 311//1670 312//1671
f 279//1672 312//1673 280//1674
f 280//1675 312//1676 313//1677
f 280//1678 313//1679 281//1680
f 281//1681 313//1682 314//1683
f 281//1684 314//1685 282//1686
f 282//1687 314//1688 315//1689
f 282//1690 315//1691 283//1692
f 283//1693 315//1694 316//1695
f 283//1696 316//1697 284//1698
f 284//1699 316//1700 317//1701
f 284//1702 317//1703 285//1704
f 285//1705 317//1706 318//1707
f 285//1708 318//1709 286//1710
f 286//1711 318//1712 319//1713
f 286//1714 319//1715 287//1716
f 287//1717 319//1718 320//1719
f 287//1720 320//1721 288//1722
f 288//1723 320//1724 289//1725
f 288//1726 289//1727 257//1728
f 289//1729 321//1730 322//1731
f 289//1732 322//1733 290//1734
f 290//1735 322//1736 323//1737
f 290//1738 323//1739 291//1740
f 291//1741 323//1742 324//1743
f 291//1744 324//1745 292//1746
f 292//1747 324//1748 325//1749
f 292//1750 325//1751 293//1752
f 293//1753 325//1754 326//1755
f 293//1756 326//1757 294//1758
f 294//1759 326//1760 327//1761
f 294//1762 327//1763 295//1764
f 295//1765 327//1766 328//1767
f 295//1768 328//1769 296//1770
f 296//1771 328//1772 329//1773
f 296//1774 329//1775 297//1776
f 297//1777 329//1778 330//1779
f 297//1780 330//1781 298//1782
f 298//1783 330//1784 331//1785
f 298//1786 331//1787 299//1788
f 299//1789 331//1790 332//1791
f 299//1792 332//1793 300//1794
f 300//1795 332//1796 333//1797
f 300//1798 333//1799 301//1800
f 301//1801 333//1802 334//1803
f 301//1804 334//1805 302//1806
f 302//1807 334//1808 335//1809
f 302//1810 335//1811 303//1812
f 303//1813 335//1814 336//1815
f 303//1816 336//1817 304//1818
f 304//1819 336//1820 337//1821
f 304//1822 337//1823 305//1824
f 305//1825 337//1826 338//1827
f 305//1828 338//1829 306//1830
f 306//1831 338//1832 339//1833
f 306//1834 339//1835 307//1836
f 307//1837 339//1838 340//1839
f 307//1840 340//1841 308//1842
f 308//1843 340//1844 341//1845
f 308//1846 341//1847 309//1848
f 309//1849 341//1850 342//1851
f 309//1852 342//1853 310//1854
f 310//1855 342//1856 343//1857
f 310//1858 343//1859 311//1860
f 311//1861 343//1862 344//1863
f 311//1864 344//1865 312//1866
f 312//1867 344//1868 345//1869
f 312//1870 345//1871 313//1872
f 313//1873 345//1874 346//1875
f 313//1876 346//1877 314//1878
f 314//1879 346//1880 347//1881
f 314//1882 347//1883 315//1884
f 315//1885 347//1886 348//1887
f 315//1888 348//1889 316//1890
f 316//1891 348//1892 349//1893
f 316//1894 349//1895 317//1896
f 317//1897 349//1898 350//1899
f 317//1900 350//1901 318//1902
f 318//1903 350//1904 351//1905
f 318//1906 351//1907 319//1908
f 319//1909 351//1910 352//1911
f 319//1912 352//1913 320//1914
f 320//1915 352//1916 321//1917
f 320//1918 321//1919 289//1920
f 321//1921 353//1922 354//1923
f 321//1924 354//1925 322//1926
f 322//1927 354//1928 355//1929
f 322//1930 355//1931 323//1932
f 323//1933 355//1934 356//1935
f 323//1936 356//1937 324//1938
f 324//1939 356//1940 357//1941
f 324//1942 357//1943 325//1944
f 325//1945 357//1946 358//1947
f 325//1948 358//1949 326//1950
f 326//1951 358//1952 359//1953
f 326//1954 359//1955 327//1956
f 327//1957 359//1958 360//1959
f 327//1960 360//1961 328//1962
f 328//1963 360//1964 361//1965
f 328//1966 361//1967 329//1968
f 329//1969 361//1970 362//1971
f 329//1972 362//1973 330//1974
f 330//1975 362//1976 363//1977
f 330//1978 363//1979 331//1980
f 331//1981 363//1982 364//1983
f 331//1984 364//1985 332//1986
f 332//1987 364//1988 365//1989
f 332//1990 365//1991 333//1992
f 333//1993 365//1994 366//1995
f 333//1996 366//1997 334//1998
f 334//1999 366//2000 367//2001
f 334//2002 367//2003 335//2004
f 335//2005 367//2006 368//2007
f 335//2008 368//2009 336//2010
f 336//2011 368//2012 369//2013
f 336//2014 369//2015 337//2016
f 337//2017 369//2018 370//2019
f 337//2020 370//2021 338//2022
f 338//2023 370//2024 371//2025
f 338//2026 371//2027 339//2028
f 339//2029 371//2030 372//2031
f 339//2032 372//2033 340//2034
f 340//2035 372//2036 373//2037
f 340//2038 373//2039 341//2040
f 341//2041 373//2042 374//2043
f 341//2044 374//2045 342//2046
f 342//2047 374//2048 375//2049
f 342//2050 375//2051 343//2052
f 343//2053 375//2054 376//2055
f 343//2056 376//2057 344//2058
f 344//2059 376//2060 377//2061
f 344//2062 377//2063 345//2064
f 345//2065 377//2066 378//2067
f 345//2068 378//2069 346//2070
f 346//2071 378//2072 379//2073
f 346//2074 379//2075 347//2076
f 347//2077 379//2078 380//2079
f 347//2080 380//2081 348//2082
f 348//2083 380//2084 381//2085
f 348//2086 381//2087 349//2088
f 349//2089 381//2090 382//2091
f 349//2092 382//2093 350//2094
f 350//2095 382//2096 383//2097
f 350//2098 383//2099 351//2100
f 351//2101 383//2102 384//2103
f 351//2104 384//2105 352//2106
f 352//2107 384//2108 353//2109
f 352//2110 353//2111 321//2112
f 353//2113 385//2114 386//2115
f 353//2116 386//2117 354//2118
f 354//2119 386//2120 387//2121
f 354//2122 387//2123 355//2124
f 355//2125 387//2126 388//2127
f 355//2128 388//2129 356//2130
f 356//2131 388//2132 389//2133
f 356//2134 389//2135 357//2136
f 357//2137 389//2138 390//2139
f 357//2140 390//2141 358//2142
f 358//2143 390//2144 391//2145
f 358//2146 391//2147 359//2148
f 359//2149 391//2150 392//2151
f 359//2152 392//2153 360//2154
f 360//2155 392//2156 393//2157
f 360//2158 393//2159 361//2160
f 361//2161 393//2162 394//2163
f 361//2164 394//2165 362//2166
f 362//2167 394//2168 395//2169
f 362//2170 395//2171 363//2172
f 363//2173 395//2174 396//2175
f 363//2176 396//2177 364//2178
f 364//2179 396//2180 397//2181
f 364//2182 397//2183 365//2184
f 365//2185 397//2186 398//2187
f 365//2188 398//2189 366//2190
f 366//2191 398//2192 399//2193
f 366//2194 399//2195 367//2196
f 367//2197 399//2198 400//2199
f 367//2200 400//2201 368//2202
f 368//2203 400//2204 401//2205
f 368//2206 401//2207 369//2208
f 369//2209 401//2210 402//2211
f 369//2212 402//2213 370//2214
f 370//2215 402//2216 403//2217
f 370//2218 403//2219 371//2220
f 371//2221 403//2222 404//2223
f 371//2224 404//2225 372//2226
f 372//2227 404//2228 405//2229
f 372//2230 405//2231 373//2232
f 373//2233 405//2234 406//2235
f 373//2236 406//2237 374//2238
f 374//2239 406//2240 407//2241
f 374//2242 407//2243 375//2244
f 375//2245 407//2246 408//2247
f 375//2248 408//2249 376//2250
f 376//2251 408//2252 409//2253
f 376//2254 409//2255 377//2256
f 377//2257 409//2258 410//2259
f 377//2260 410//2261 378//2262
f 378//2263 410//2264 411//2265
f 378//2266 411//2267 379//2268
f 379//2269 411//2270 412//2271
f 379//2272 412//2273 380//2274
f 380//2275 412//2276 413//2277
f 380//2278 413//2279 381//2280
f 381//2281 413//2282 414//2283
f 381//2284 414//2285 382//2286
f 382//2287 414//2288 415//2289
f 382//2290 415//2291 383//2292
f 383//2293 415//2294 416//2295
f 383//2296 416//2297 384//2298
f 384//2299 416//2300 385//2301
f 384//2302 385//2303 353//2304
f 385//2305 417//2306 418//2307
f 385//2308 418//2309 386//2310
f 386//2311 418//2312 419//2313
f 386//2314 419//2315 387//2316
f 387//2317 419//2318 420//2319
f 387//2320 420//2321 388//2322
f 388//2323 420//2324 421//2325
f 388//2326 421//2327 389//2328
f 389//2329 421//2330 422//2331
f 389//2332 422//2333 390//2334
f 390//2335 422//2336 423//2337
f 390//2338 423//2339 391//2340
f 391//2341 423//2342 424//2343
f 391//2344 424//2345 392//2346
f 392//2347 424//2348 425//2349
f 392//2350 425//2351 393//2352
f 393//2353 425//2354 426//2355
f 393//2356 426//2357 394//2358
f 394//2359 426//2360 427//2361
f 394//2362 427//2363 395//2364
f 395//2365 427//2366 428//2367
f 395//2368 428//2369 396//2370
f 396//2371 428//2372 429//2373
f 396//2374 429//2375 397//2376
f 397//2377 429//2378 430//2379
f 397//2380 430//2381 398//2382
f 398//2383 430//2384 431//2385
f 398//2386 431//2387 399//2388
f 399//2389 431//2390 432//2391
f 399//2392 432//2393 400//2394
f 400//2395 432//2396 433//2397
f 400//2398 433//2399 401//2400
f 401//2401 433//2402 434//2403
f 401//2404 434//2405 402//2406
f 402//2407 434//2408 435//2409
f 402//2410 435//2411 403//2412
f 403//2413 435//2414 436//2415
f 403//2416 436//2417 404//2418
f 404//2419 436//2420 437//2421
f 404//2422 437//2423 405//2424
f 405//2425 437//2426 438//2427
f 405//2428 438//2429 406//2430
f 406//2431 438//2432 439//2433
f 406//2434 439//2435 407//2436
f 407//2437 439//2438 440//2439
f 407//2440 440//2441 408//2442
f 408//2443 440//2444 441//2445
f 408//2446 441//2447 409//2448
f 409//2449 441//2450 442//2451
f 409//2452 442//2453 410//2454
f 410//2455 442//2456 443//2457
f 410//2458 443//2459 411//2460
f 411//2461 443//2462 444//2463
f 411//2464 444//2465 412//2466
f 412//2467 444//2468 445//2469
f 412//2470 445//2471 413//2472
f 413//2473 445//2474 446//2475
f 413//2476 446//2477 414//2478
f 414//2479 446//2480 447//2481
f 414//2482 447//2483 415//2484
f 415//2485 447//2486 448//2487
f 415//2488 448//2489 416//2490
f 416//2491 448//2492 417//2493
f 416//2494 417//2495 385//2496
f 417//2497 449//2498 450//2499
f 417//2500 450//2501 418//2502
f 418//2503 450//2504 451//2505
f 418//2506 451//2507 419//2508
f 419//2509 451//2510 452//2511
f 419//2512 452//2513 420//2514
f 420//2515 452//2516 453//2517
f 420//2518 453//2519 421//2520
f 421//2521 453//2522 454//2523
f 421//2524 454//2525 422//2526
f 422//2527 454//2528 455//2529
f 422//2530 455//2531 423//2532
f 423//2533 455//2534 456//2535
f 423//2536 456//2537 424//2538
f 424//2539 456//2540 457//2541
f 424//2542 457//2543 425//2544
f 425//2545 457//2546 458//2547
f 425//2548 458//2549 426//2550
f 426//2551 458//2552 459//2553
f 426//2554 459//2555 427//2556
f 427//2557 459//2558 460//2559
f 427//2560 460//2561 428//2562
f 428//2563 460//2564 461//2565
f 428//2566 461//2567 429//2568
f 429//2569 461//2570 462//2571
f 429//2572 462//2573 430//2574
f 430//2575 462//2576 463//2577
f 430//2578 463//2579 431//2580
f 431//2581 463//2582 464//2583
f 431//2584 464//2585 432//2586
f 432//2587 464//2588 465//2589
f 432//2590 465//2591 433//2592
f 433//2593 465//2594 466//2595
f 433//2596 466//2597 434//2598
f 434//2599 466//2600 467//2601
f 434//2602 467//2603 435//2604
f 435//2605 467//2606 468//2607
f 435//2608 468//2609 436//2610
f 436//2611 468//2612 469//2613
f 436//2614 469//2615 437//2616
f 437//2617 469//2618 470//2619
f 437//2620 470//2621 438//2622
f 438//2623 470//2624 471//2625
f 438//2626 471//2627 439//2628
f 439//2629 471//2630 472//2631
f 439//2632 472//2633 440//2634
f 440//2635 472//2636 473//2637
f 440//2638 473//2639 441//2640
f 441//2641 473//2642 474//2643
f 441//2644 474//2645 442//2646
f 442//2647 474//2648 475//2649
f 442//2650 475//2651 443//2652
f 443//2653 475//2654 476//2655
f 443//2656 476//2657 444//2658
f 444//2659 476//2660 477//2661
f 444//2662 477//2663 445//2664
f 445//2665 477//2666 478//2667
f 445//2668 478//2669 446//2670
f 446//2671 478//2672 479//2673
f 446//2674 479//2675 447//2676
f 447//2677 479//2678 480//2679
f 447//2680 480//2681 448//2682
f 448//2683 480//2684 449//2685
f 448//2686 449//2687 417//2688
f 449//2689 481//2690 482//2691
f 449//2692 482//2693 450//2694
f 450//2695 482//2696 483//2697
f 450//2698 483//2699 451//2700
f 451//2701 483//2702 484//2703
f 451//2704 484//2705 452//2706
f 452//2707 484//2708 485//2709
f 452//2710 485//2711 453//2712
f 453//2713 485//2714 486//2715
f 453//2716 486//2717 454//2718
f 454//2719 486//2720 487//2721
f 454//2722 487//2723 455//2724
f 455//2725 487//2726 488//2727
f 455//2728 488//2729 456//2730
f 456//2731 488//2732 489//2733
f 456//2734 489//2735 457//2736
f 457//2737 489//2738 490//2739
f 457//2740 490//2741 458//2742
f 458//2743 490//2744 491//2745
f 458//2746 491//2747 459//2748
f 459//2749 491//2750 492//2751
f 459//2752 492//2753 460//2754
f 460//2755 492//2756 493//2757
f 460//2758 493//2759 461//2760
f 461//2761 493//2762 494//2763
f 461//2764 494//2765 462//2766
f 462//2767 494//2768 495//2769
f 462//2770 495//2771 463//2772
f 463//2773 495//2774 496//2775
f 463//2776 496//2777 464//2778
f 464//2779 496//2780 497//2781
f 464//2782 497//2783 465//2784
f 465//2785 497//2786 498//2787
f 465//2788 498//2789 466//2790
f 466//2791 498//2792 499//2793
f 466//2794 499//2795 467//2796
f 467//2797 499//2798 500//2799
f 467//2800 500//2801 468//2802
f 468//2803 500//2804 501//2805
f 468//2806 501//2807 469//2808
f 469//2809 501//2810 502//2811
f 469//2812 502//2813 470//2814
f 470//2815 502//2816 503//2817
f 470//2818 503//2819 471//2820
f 471//2821 503//2822 504//2823
f 471//2824 504//2825 472//2826
f 472//2827 504//2828 505//2829
f 472//2830 505//2831 473//2832
f 473//2833 505//2834 506//2835
f 473//2836 506//2837 474//2838
f 474//2839 506//2840 507//2841
f 474//2842 507//2843 475//2844
f 475//2845 507//2846 508//2847
f 475//2848 508//2849 476//2850
f 476//2851 508//2852 509//2853
f 476//2854 509//2855 477//2856
f 477//2857 509//2858 510//2859
f 477//2860 510//2861 478//2862
f 478//2863 510//2864 511//2865
f 478//2866 511//2867 479//2868
f 479//2869 511//2870 512//2871
f 479//2872 512//2873 480//2874
f 480//2875 512//2876 481//2877
f 480//2878 481//2879 449//2880
f 481//2881 513//2882 514//2883
f 481//2884 514//2885 482//2886
f 482//2887 514//2888 515//2889
f 482//2890 515//2891 483//2892
f 483//2893 515//2894 516//2895
f 483//2896 516//2897 484//2898
f 484//2899 516//2900 517//2901
f 484//2902 517//2903 485//2904
f 485//2905 517//2906 518//2907
f 485//2908 518//2909 486//2910
f 486//2911 518//2912 519//2913
f 486//2914 519//2915 487//2916
f 487//2917 519//2918 520//2919
f 487//2920 520//2921 488//2922
f 488//2923 520//2924 521//2925
f 488//2926 521//2927 489//2928
f 489//2929 521//2930 522//2931
f 489//2932 522//2933 490//2934
f 490//2935 522//2936 523//2937
f 490//2938 523//2939 491//2940
f 491//2941 523//2942 524//2943
f 491//2944 524//2945 492//2946
f 492//2947 524//2948 525//2949
f 492//2950 525//2951 493//2952
f 493//2953 525//2954 526//2955
f 493//2956 526//2957 494//2958
f 494//2959 526//2960 527//2961
f 494//2962 527//2963 495//2964
f 495//2965 527//2966 528//2967
f 495//2968 528//2969 496//2970
f 496//2971 528//2972 529//2973
f 496//2974 529//2975 497//2976
f 497//2977 529//2978 530//2979
f 497//2980 530//2981 498//2982
f 498//2983 530//2984 531//2985
f 498//2986 531//2987 499//2988
f 499//2989 531//2990 532//2991
f 499//2992 532//2993 500//2994
f 500//2995 532//2996 533//2997
f 500//2998 533//2999 501//3000
f 501//3001 533//3002 534//3003
f 501//3004 534//3005 502//3006
f 502//3007 534//3008 535//3009
f 502//3010 535//3011 503//3012
f 503//3013 535//3014 536//3015
f 503//3016 536//3017 504//3018
f 504//3019 536//3020 537//3021
f 504//3022 537//3023 505//3024
f 505//3025 537//3026 538//3027
f 505//3028 538//3029 506//3030
f 506//3031 538//3032 539//3033
f 506//3034 539//3035 507//3036
f 507//3037 539//3038 540//3039
f 507//3040 540//3041 508//3042
f 508//3043 540//3044 541//3045
f 508//3046 541//3047 509//3048
f 509//3049 541//3050 542//3051
f 509//3052 542//3053 510//3054
f 510//3055 542//3056 543//3057
f 510//3058 543//3059 511//3060
f 511//3061 543//3062 544//3063
f 511//3064 544//3065 512//3066
f 512//3067 544//3068 513//3069
f 512//3070 513//3071 481//3072
f 513//3073 545//3074 546//3075
f 513//3076 546//3077 514//3078
f 514//3079 546//3080 547//3081
f 514//3082 547//3083 515//3084
f 515//3085 547//3086 548//3087
f 515//3088 548//3089 516//3090
f 516//3091 548//3092 549//3093
f 516//3094 549//3095 517//3096
f 517//3097 549//3098 550//3099
f 517//3100 550//3101 518//3102
f 518//3103 550//3104 551//3105
f 518//3106 551//3107 519//3108
f 519//3109 551//3110 552//3111
f 519//3112 552//3113 520//3114
f 520//3115 552//3116 553//3117
f 520//3118 553//3119 521//3120
f 521//3121 553//3122 554//3123
f 521//3124 554//3125 522//3126
f 522//3127 554//3128 555//3129
f 522//3130 555//3131 523//3132
f 523//3133 555//3134 556//3135
f 523//3136 556//3137 524//3138
f 524//3139 556//3140 557//3141
f 524//3142 557//3143 525//3144
f 525//3145 557//3146 558//3147
f 525//3148 558//3149 526//3150
f 526//3151 558//3152 559//3153
f 526//3154 559//3155 527//3156
f 527//3157 559//3158 560//3159
f 527//3160 560//3161 528//3162
f 528//3163 560//3164 561//3165
f 528//3166 561//3167 529//3168
f 529//3169 561//3170 562//3171
f 529//3172 562//3173 530//3174
f 530//3175 562//3176 563//3177
f 530//3178 563//3179 531//3180
f 531//3181 563//3182 564//3183
f 531//3184 564//3185 532//3186
f 532//3187 564//3188 565//3189
f 532//3190 565//3191 533//3192
f 533//3193 565//3194 566//3195
f 533//3196 566//3197 534//3198
f 534//3199 566//3200 567//3201
f 534//3202 567//3203 535//3204
f 535//3205 567//3206 568//3207
f 535//3208 568//3209 536//3210
f 536//3211 568//3212 569//3213
f 536//3214 569//3215 537//3216
f 537//3217 569//3218 570//3219
f 537//3220 570//3221 538//3222
f 538//3223 570//3224 571//3225
f 538//3226 571//3227 539//3228
f 539//3229 571//3230 572//3231
f 539//3232 572//3233 540//3234
f 540//3235 572//3236 573//3237
f 540//3238 573//3239 541//3240
f 541//3241 573//3242 574//3243
f 541//3244 574//3245 542//3246
f 542//3247 574//3248 575//3249
f 542//3250 575//3251 543//3252
f 543//3253 575//3254 576//3255
f 543//3256 576//3257 544//3258
f 544//3259 576//3260 545//3261
f 544//3262 545//3263 513//3264
f 545//3265 577//3266 578//3267
f 545//3268 578//3269 546//3270
f 546//3271 578//3272 579//3273
f 546//3274 579//3275 547//3276
f 547//3277 579//3278 580//3279
f 547//3280 580//3281 548//3282
f 548//3283 580//3284 581//3285
f 548//3286 581//3287 549//3288
f 549//3289 581//3290 582//3291
f 549//3292 582//3293 550//3294
f 550//3295 582//3296 583//3297
f 550//3298 583//3299 551//3300
f 551//3301 583//3302 584//3303
f 551//3304 584//3305 552//3306
f 552//3307 584//3308 585//3309
f 552//3310 585//3311 553//3312
f 553//3313 585//3314 586//3315
f 553//3316 586//3317 554//3318
f 554//3319 586//3320 587//3321
f 554//3322 587//3323 555//3324
f 555//3325 587//3326 588//3327
f 555//3328 588//3329 556//3330
f 556//3331 588//3332 589//3333
f 556//3334 589//3335 557//3336
f 557//3337 589//3338 590//3339
f 557//3340 590//3341 558//3342
f 558//3343 590//3344 591//3345
f 558//3346 591//3347 559//3348
f 559//3349 591//3350 592//3351
f 559//3352 592//3353 560//3354
f 560//3355 592//3356 593//3357
f 560//3358 593//3359 561//3360
f 561//3361 593//3362 594//3363
f 561//3364 594//3365 562//3366
f 562//3367 594//3368 595//3369
f 562//3370 595//3371 563//3372
f 563//3373 595//3374 596//3375
f 563//3376 596//3377 564//3378
f 564//3379 596//3380 597//3381
f 564//3382 597//3383 565//3384
f 565//3385 597//3386 598//3387
f 565//3388 598//3389 566//3390
f 566//3391 598//3392 599//3393
f 566//3394 599//3395 567//3396
f 567//3397 599//3398 600//3399
f 567//3400 600//3401 568//3402
f 568//3403 600//3404 601//3405
f 568//3406 601//3407 569//3408
f 569//3409 601//3410 602//3411
f 569//3412 602//3413 570//3414
f 570//3415 602//3416 603//3417
f 570//3418 603//3419 571//3420
f 571//3421 603//3422 604//3423
f 571//3424 604//3425 572//3426
f 572//3427 604//3428 605//3429
f 572//3430 605//3431 573//3432
f 573//3433 605//3434 606//3435
f 573//3436 606//3437 574//3438
f 574//3439 606//3440 607//3441
f 574//3442 607//3443 575//3444
f 575//3445 607//3446 608//3447
f 575//3448 608//3449 576//3450
f 576//3451 608//3452 577//3453
f 576//3454 577//3455 545//3456
f 577//3457 609//3458 610//3459
f 577//3460 610//3461 578//3462
f 578//3463 610//3464 611//3465
f 578//3466 611//3467 579//3468
f 579//3469 611//3470 612//3471
f 579//3472 612//3473 580//3474
f 580//3475 612//3476 613//3477
f 580//3478 613//3479 581//3480
f 581//3481 613//3482 614//3483
f 581//3484 614//3485 582//3486
f 582//3487 614//3488 615//3489
f 582//3490 615//3491 583//3492
f 583//3493 615//3494 616//3495
f 583//3496 616//3497 584//3498
f 584//3499 616//3500 617//3501
f 584//3502 617//3503 585//3504
f 585//3505 617//3506 618//3507
f 585//3508 618//3509 586//3510
f 586//3511 618//3512 619//3513
f 586//3514 619//3515 587//3516
f 587//3517 619//3518 620//3519
f 587//3520 620//3521 588//3522
f 588//3523 620//3524 621//3525
f 588//3526 621//3527 589//3528
f 589//3529 621//3530 622//3531
f 589//3532 622//3533 590//3534
f 590//3535 622//3536 623//3537
f 590//3538 623//3539 591//3540
f 591//3541 623//3542 624//3543
f 591//3544 624//3545 592//3546
f 592//3547 624//3548 625//3549
f 592//3550 625//3551 593//3552
f 593//3553 625//3554 626//3555
f 593//3556 626//3557 594//3558
f 594//3559 626//3560 627//3561
f 594//3562 627//3563 595//3564
f 595//3565 627//3566 628//3567
f 595//3568 628//3569 596//3570
f 596//3571 628//3572 629//3573
f 596//3574 629//3575 597//3576
f 597//3577 629//3578 630//3579
f 597//3580 630//3581 598//3582
f 598//3583 630//3584 631//3585
f 598//3586 631//3587 599//3588
f 599//3589 631//3590 632//3591
f 599//3592 632//3593 600//3594
f 600//3595 632//3596 633//3597
f 600//3598 633//3599 601//3600
f 601//3601 633//3602 634//3603
f 601//3604 634//3605 602//3606
f 602//3607 634//3608 635//3609
f 602//3610 635//3611 603//3612
f 603//3613 635//3614 636//3615
f 603//3616 636//3617 604//3618
f 604//3619 636//3620 637//3621
f 604//3622 637//3623 605//3624
f 605//3625 637//3626 638//3627
f 605//3628 638//3629 606//3630
f 606//3631 638//3632 639//3633
f 606//3634 639//3635 607//3636
f 607//3637 639//3638 640//3639
f 607//3640 640//3641 608//3642
f 608//3643 640//3644 609//3645
f 608//3646 609//3647 577//3648
f 609//3649 641//3650 642//3651
f 609//3652 642//3653 610//3654
f 610//3655 642//3656 643//3657
f 610//3658 643//3659 611//3660
f 611//3661 643//3662 644//3663
f 611//3664 644//3665 612//3666
f 612//3667 644//3668 645//3669
f 612//3670 645//3671 613//3672
f 613//3673 645//3674 646//3675
f 613//3676 646//3677 614//3678
f 614//3679 646//3680 647//3681
f 614//3682 647//3683 615//3684
f 615//3685 647//3686 648//3687
f 615//3688 648//3689 616//3690
f 616//3691 648//3692 649//3693
f 616//3694 649//3695 617//3696
f 617//3697 649//3698 650//3699
f 617//3700 650//3701 618//3702
f 618//3703 650//3704 651//3705
f 618//3706 651//3707 619//3708
f 619//3709 651//3710 652//3711
f 619//3712 652//3713 620//3714
f 620//3715 652//3716 653//3717
f 620//3718 653//3719 621//3720
f 621//3721 653//3722 654//3723
f 621//3724 654//3725 622//3726
f 622//3727 654//3728 655//3729
f 622//3730 655//3731 623//3732
f 623//3733 655//3734 656//3735
f 623//3736 656//3737 624//3738
f 624//3739 656//3740 657//3741
f 624//3742 657//3743 625//3744
f 625//3745 657//3746 658//3747
f 625//3748 658//3749 626//3750
f 626//3751 658//3752 659//3753
f 626//3754 659//3755 627//3756
f 627//3757 659//3758 660//3759
f 627//3760 660//3761 628//3762
f 628//3763 660//3764 661//3765
f 628//3766 661//3767 629//3768
f 629//3769 661//3770 662//3771
f 629//3772 662//3773 630//3774
f 630//3775 662//3776 663//3777
f 630//3778 663//3779 631//3780
f 631//3781 663//3782 664//3783
f 631//3784 664//3785 632//3786
f 632//3787 664//3788 665//3789
f 632//3790 665//3791 633//3792
f 633//3793 665//3794 666//3795
f 633//3796 666//3797 634//3798
f 634//3799 666//3800 667//3801
f 634//3802 667//3803 635//3804
f 635//3805 667//3806 668//3807
f 635//3808 668//3809 636//3810
f 636//3811 668//3812 669//3813
f 636//3814 669//3815 637//3816
f 637//3817 669//3818 670//3819
f 637//3820 670//3821 638//3822
f 638//3823 670//3824 671//3825
f 638//3826 671//3827 639//3828
f 639//3829 671//3830 672//3831
f 639//3832 672//3833 640//3834
f 640//3835 672//3836 641//3837
f 640//3838 641//3839 609//3840
f 641//3841 673//3842 674//3843
f 641//3844 674//3845 642//3846
f 642//3847 674//3848 675//3849
f 642//3850 675//3851 643//3852
f 643//3853 675//3854 676//3855
f 643//3856 676//3857 644//3858
f 644//3859 676//3860 677//3861
f 644//3862 677//3863 645//3864
f 645//3865 677//3866 678//3867
f 645//3868 678//3869 646//3870
f 646//3871 678//3872 679//3873
f 646//3874 679//3875 647//3876
f 647//3877 679//3878 680//3879
f 647//3880 680//3881 648//3882
f 648//3883 680//3884 681//3885
f 648//3886 681//3887 649//3888
f 649//3889 681//3890 682//3891
f 649//3892 682//3893 650//3894
f 650//3895 682//3896 683//3897
f 650//3898 683//3899 651//3900
f 651//3901 683//3902 684//3903
f 651//3904 684//3905 652//3906
f 652//3907 684//3908 685//3909
f 652//3910 685//3911 653//3912
f 653//3913 685//3914 686//3915
f 653//3916 686//3917 654//3918
f 654//3919 686//3920 687//3921
f 654//3922 687//3923 655//3924
f 655//3925 687//3926 688//3927
f 655//3928 688//3929 656//3930
f 656//3931 688//3932 689//3933
f 656//3934 689//3935 657//3936
f 657//3937 689//3938 690//3939
f 657//3940 690//3941 658//3942
f 658//3943 690//3944 691//3945
f 658//3946 691//3947 659//3948
f 659//3949 691//3950 692//3951
f 659//3952 692//3953 660//3954
f 660//3955 692//3956 693//3957
f 660//3958 693//3959 661//3960
f 661//3961 693//3962 694//3963
f 661//3964 694//3965 662//3966
f 662//3967 694//3968 695//3969
f 662//3970 695//3971 663//3972
f 663//3973 695//3974 696//3975
f 663//3976 696//3977 664//3978
f 664//3979 696//3980 697//3981
f 664//3982 697//3983 665//3984
f 665//3985 697//3986 698//3987
f 665//3988 698//3989 666//3990
f 666//3991 698//3992 699//3993
f 666//3994 699//3995 667//3996
f 667//3997 699//3998 700//3999
f 667//4000 700//4001 668//4002
f 668//4003 700//4004 701//4005
f 668//4006 701//4007 669//4008
f 669//4009 701//4010 702//4011
f 669//4012 702//4013 670//4014
f 670//4015 702//4016 703//4017
f 670//4018 703//4019 671//4020
f 671//4021 703//4022 704//4023
f 671//4024 704//4025 672//4026
f 672//4027 704//4028 673//4029
f 672//4030 673//4031 641//4032
f 673//4033 705//4034 706//4035
f 673//4036 706//4037 674//4038
f 674//4039 706//4040 707//4041
f 674//4042 707//4043 675//4044
f 675//4045 707//4046 708//4047
f 675//4048 708//4049 676//4050
f 676//4051 708//4052 709//4053
f 676//4054 709//4055 677//4056
f 677//4057 709//4058 710//4059
f 677//4060 710//4061 678//4062
f 678//4063 710//4064 711//4065
f 678//4066 711//4067 679//4068
f 679//4069 711//4070 712//4071
f 679//4072 712//4073 680//4074
f 680//4075 712//4076 713//4077
f 680//4078 713//4079 681//4080
f 681//4081 713//4082 714//4083
f 681//4084 714//4085 682//4086
f 682//4087 714//4088 715//4089
f 682//4090 715//4091 683//4092
f 683//4093 715//4094 716//4095
f 683//4096 716//4097 684//4098
f 684//4099 716//4100 717//4101
f 684//4102 717//4103 685//4104
f 685//4105 717//4106 718//4107
f 685//4108 718//4109 686//4110
f 686//4111 718//4112 719//4113
f 686//4114 719//4115 687//4116
f 687//4117 719//4118 720//4119
f 687//4120 720//4121 688//4122
f 688//4123 720//4124 721//4125
f 688//4126 721//4127 689//4128
f 689//4129 721//4130 722//4131
f 689//4132 722//4133 690//4134
f 690//4135 722//4136 723//4137
f 690//4138 723//4139 691//4140
f 691//4141 723//4142 724//4143
f 691//4144 724//4145 692//4146
f 692//4147 724//4148 725//4149
f 692//4150 725//4151 693//4152
f 693//4153 725//4154 726//4155
f 693//4156 726//4157 694//4158
f 694//4159 726//4160 727//4161
f 694//4162 727//4163 695//4164
f 695//4165 727//4166 728//4167
f 695//4168 728//4169 696//4170
f 696//4171 728//4172 729//4173
f 696//4174 729//4175 697//4176
f 697//4177 729//4178 730//4179
f 697//4180 730//4181 698//4182
f 698//4183 730//4184 731//4185
f 698//4186 731//4187 699//4188
f 699//4189 731//4190 732//4191
f 699//4192 732//4193 700//4194
f 700//4195 732//4196 733//4197
f 700//4198 733//4199 701//4200
f 701//4201 733//4202 734//4203
f 701//4204 734//4205 702//4206
f 702//4207 734//4208 735//4209
f 702//4210 735//4211 703//4212
f 703//4213 735//4214 736//4215
f 703//4216 736//4217 704//4218
f 704//4219 736//4220 705//4221
f 704//4222 705//4223 673//4224
f 705//4225 737//4226 738//4227
f 705//4228 738//4229 706//4230
f 706//4231 738//4232 739//4233
f 706//4234 739//4235 707//4236
f 707//4237 739//4238 740//4239
f 707//4240 740//4241 708//4242
f 708//4243 740//4244 741//4245
f 708//4246 741//4247 709//4248
f 709//4249 741//4250 742//4251
f 709//4252 742//4253 710//4254
f 710//4255 742//4256 743//4257
f 710//4258 743//4259 711//4260
f 711//4261 743//4262 744//4263
f 711//4264 744//4265 712//4266
f 712//4267 744//4268 745//4269
f 712//4270 745//4271 713//4272
f 713//4273 745//4274 746//4275
f 713//4276 746//4277 714//4278
f 714//4279 746//4280 747//4281
f 714//4282 747//4283 715//4284
f 715//4285 747//4286 748//4287
f 715//4288 748//4289 716//4290
f 716//4291 748//4292 749//4293
f 716//4294 749//4295 717//4296
f 717//4297 749//4298 750//4299
f 717//4300 750//4301 718//4302
f 718//4303 750//4304 751//4305
f 718//4306 751//4307 719//4308
f 719//4309 751//4310 752//4311
f 719//4312 752//4313 720//4314
f 720//4315 752//4316 753//4317
f 720//4318 753//4319 721//4320
f 721//4321 753//4322 754//4323
f 721//4324 754//4325 722//4326
f 722//4327 754//4328 755//4329
f 722//4330 755//4331 723//4332
f 723//4333 755//4334 756//4335
f 723//4336 756//4337 724//4338
f 724//4339 756//4340 757//4341
f 724//4342 757//4343 725//4344
f 725//4345 757//4346 758//4347
f 725//4348 758//4349 726//4350
f 726//4351 758//4352 759//4353
f 726//4354 759//4355 727//4356
f 727//4357 759//4358 760//4359
f 727//4360 760//4361 728//4362
f 728//4363 760//4364 761//4365
f 728//4366 761//4367 729//4368
f 729//4369 761//4370 762//4371
f 729//4372 762//4373 730//4374
f 730//4375 762//4376 763//4377
f 730//4378 763//4379 731//4380
f 731//4381 763//4382 764//4383
f 731//4384 764//4385 732//4386
f 732//4387 764//4388 765//4389
f 732//4390 765//4391 733//4392
f 733//4393 765//4394 766//4395
f 733//4396 766//4397 734//4398
f 734//4399 766//4400 767//4401
f 734//4402 767//4403 735//4404
f 735//4405 767//4406 768//4407
f 735//4408 768//4409 736//4410
f 736//4411 768//4412 737//4413
f 736//4414 737//4415 705//4416
f 737//4417 769//4418 770//4419
f 737//4420 770//4421 738//4422
f 738//4423 770//4424 771//4425
f 738//4426 771//4427 739//4428
f 739//4429 771//4430 772//4431
f 739//4432 772//4433 740//4434
f 740//4435 772//4436 773//4437
f 740//4438 773//4439 741//4440
f 741//4441 773//4442 774//4443
f 741//4444 774//4445 742//4446
f 742//4447 774//4448 775//4449
f 742//4450 775//4451 743//4452
f 743//4453 775//4454 776//4455
f 743//4456 776//4457 744//4458
f 744//4459 776//4460 777//4461
f 744//4462 777//4463 745//4464
f 745//4465 777//4466 778//4467
f 745//4468 778//4469 746//4470
f 746//4471 778//4472 779//4473
f 746//4474 779//4475 747//4476
f 747//4477 779//4478 780//4479
f 747//4480 780//4481 748//4482
f 748//4483 780//4484 781//4485
f 748//4486 781//4487 749//4488
f 749//4489 781//4490 782//4491
f 749//4492 782//4493 750//4494
f 750//4495 782//4496 783//4497
f 750//4498 783//4499 751//4500
f 751//4501 783//4502 784//4503
f 751//4504 784//4505 752//4506
f 752//4507 784//4508 785//4509
f 752//4510 785//4511 753//4512
f 753//4513 785//4514 786//4515
f 753//4516 786//4517 754//4518
f 754//4519 786//4520 787//4521
f 754//4522 787//4523 755//4524
f 755//4525 787//4526 788//4527
f 755//4528 788//4529 756//4530
f 756//4531 788//4532 789//4533
f 756//4534 789//4535 757//4536
f 757//4537 789//4538 790//4539
f 757//4540 790//4541 758//4542
f 758//4543 790//4544 791//4545
f 758//4546 791//4547 759//4548
f 759//4549 791//4550 792//4551
f 759//4552 792//4553 760//4554
f 760//4555 792//4556 793//4557
f 760//4558 793//4559 761//4560
f 761//4561 793//4562 794//4563
f 761//4564 794//4565 762//4566
f 762//4567 794//4568 795//4569
f 762//4570 795//4571 763//4572
f 763//4573 795//4574 796//4575
f 763//4576 796//4577 764//4578
f 764//4579 796//4580 797//4581
f 764//4582 797//4583 765//4584
f 765//4585 797//4586 798//4587
f 765//4588 798//4589 766//4590
f 766//4591 798//4592 799//4593
f 766//4594 799//4595 767//4596
f 767//4597 799//4598 800//4599
f 767//4600 800//4601 768//4602
f 768//4603 800//4604 769//4605
f 768//4606 769//4607 737//4608
f 769//4609 801//4610 802//4611
f 769//4612 802//4613 770//4614
f 770//4615 802//4616 803//4617
f 770//4618 803//4619 771//4620
f 771//4621 803//4622 804//4623
f 771//4624 804//4625 772//4626
f 772//4627 804//4628 805//4629
f 772//4630 805//4631 773//4632
f 773//4633 805//4634 806//4635
f 773//4636 806//4637 774//4638
f 774//4639 806//4640 807//4641
f 774//4642 807//4643 775//4644
f 775//4645 807//4646 808//4647
f 775//4648 808//4649 776//4650
f 776//4651 808//4652 809//4653
f 776//4654 809//4655 777//4656
f 777//4657 809//4658 810//4659
f 777//4660 810//4661 778//4662
f 778//4663 810//4664 811//4665
f 778//4666 811//4667 779//4668
f 779//4669 811//4670 812//4671
f 779//4672 812//4673 780//4674
f 780//4675 812//4676 813//4677
f 780//4678 813//4679 781//4680
f 781//4681 813//4682 814//4683
f 781//4684 814//4685 782//4686
f 782//4687 814//4688 815//4689
f 782//4690 815//4691 783//4692
f 783//4693 815//4694 816//4695
f 783//4696 816//4697 784//4698
f 784//4699 816//4700 817//4701
f 784//4702 817//4703 785//4704
f 785//4705 817//4706 818//4707
f 785//4708 818//4709 786//4710
f 786//4711 818//4712 819//4713
f 786//4714 819//4715 787//4716
f 787//4717 819//4718 820//4719
f 787//4720 820//4721 788//4722
f 788//4723 820//4724 821//4725
f 788//4726 821//4727 789//4728
f 789//4729 821//4730 822//4731
f 789//4732 822//4733 790//4734
f 790//4735 822//4736 823//4737
f 790//4738 823//4739 791//4740
f 791//4741 823//4742 824//4743
f 791//4744 824//4745 792//4746
f 792//4747 824//4748 825//4749
f 792//4750 825//4751 793//4752
f 793//4753 825//4754 826//4755
f 793//4756 826//4757 794//4758
f 794//4759 826//4760 827//4761
f 794//4762 827//4763 795//4764
f 795//4765 827//4766 828//4767
f 795//4768 828//4769 796//4770
f 796//4771 828//4772 829//4773
f 796//4774 829//4775 797//4776
f 797//4777 829//4778 830//4779
f 797//4780 830//4781 798//4782
f 798//4783 830//4784 831//4785
f 798//4786 831//4787 799//4788
f 799//4789 831//4790 832//4791
f 799//4792 832//4793 800//4794
f 800//4795 832//4796 801//4797
f 800//4798 801//4799 769//4800
f 801//4801 833//4802 834//4803
f 801//4804 834//4805 802//4806
f 802//4807 834//4808 835//4809
f 802//4810 835//4811 803//4812
f 803//4813 835//4814 836//4815
f 803//4816 836//4817 804//4818
f 804//4819 836//4820 837//4821
f 804//4822 837//4823 805//4824
f 805//4825 837//4826 838//4827
f 805//4828 838//4829 806//4830
f 806//4831 838//4832 839//4833
f 806//4834 839//4835 807//4836
f 807//4837 839//4838 840//4839
f 807//4840 840//4841 808//4842
f 808//4843 840//4844 841//4845
f 808//4846 841//4847 809//4848
f 809//4849 841//4850 842//4851
f 809//4852 842//4853 810//4854
f 810//4855 842//4856 843//4857
f 810//4858 843//4859 811//4860
f 811//4861 843//4862 844//4863
f 811//4864 844//4865 812//4866
f 812//4867 844//4868 845//4869
f 812//4870 845//4871 813//4872
f 813//4873 845//4874 846//4875
f 813//4876 846//4877 814//4878
f 814//4879 846//4880 847//4881
f 814//4882 847//4883 815//4884
f 815//4885 847//4886 848//4887
f 815//4888 848//4889 816//4890
f 816//4891 848//4892 849//4893
f 816//4894 849//4895 817//4896
f 817//4897 849//4898 850//4899
f 817//4900 850//4901 818//4902
f 818//4903 850//4904 851//4905
f 818//4906 851//4907 819//4908
f 819//4909 851//4910 852//4911
f 819//4912 852//4913 820//4914
f 820//4915 852//4916 853//4917
f 820//4918 853//4919 821//4920
f 821//4921 853//4922 854//4923
f 821//4924 854//4925 822//4926
f 822//4927 854//4928 855//4929
f 822//4930 855//4931 823//4932
f 823//4933 855//4934 856//4935
f 823//4936 856//4937 824//4938
f 824//4939 856//4940 857//4941
f 824//4942 857//4943 825//4944
f 825//4945 857//4946 858//4947
f 825//4948 858//4949 826//4950
f 826//4951 858//4952 859//4953
f 826//4954 859//4955 827//4956
f 827//4957 859//4958 860//4959
f 827//4960 860//4961 828//4962
f 828//4963 860//4964 861//4965
f 828//4966 861//4967 829//4968
f 829//4969 861//4970 862//4971
f 829//4972 862//4973 830//4974
f 830//4975 862//4976 863//4977
f 830//4978 863//4979 831//4980
f 831//4981 863//4982 864//4983
f 831//4984 864//4985 832//4986
f 832//4987 864//4988 833//4989
f 832//4990 833//4991 801//4992
f 833//4993 865//4994 866//4995
f 833//4996 866//4997 834//4998
f 834//4999 866//5000 867//5001
f 834//5002 867//5003 835//5004
f 835//5005 867//5006 868//5007
f 835//5008 868//5009 836//5010
f 836//5011 868//5012 869//5013
f 836//5014 869//5015 837//5016
f 837//5017 869//5018 870//5019
f 837//5020 870//5021 838//5022
f 838//5023 870//5024 871//5025
f 838//5026 871//5027 839//5028
f 839//5029 871//5030 872//5031
f 839//5032 872//5033 840//5034
f 840//5035 872//5036 873//5037
f 840//5038 873//5039 841//5040
f 841//5041 873//5042 874//5043
f 841//5044 874//5045 842//5046
f 842//5047 874//5048 875//5049
f 842//5050 875//5051 843//5052
f 843//5053 875//5054 876//5055
f 843//5056 876//5057 844//5058
f 844//5059 876//5060 877//5061
f 844//5062 877//5063 845//5064
f 845//5065 877//5066 878//5067
f 845//5068 878//5069 846//5070
f 846//5071 878//5072 879//5073
f 846//5074 879//5075 847//5076
f 847//5077 879//5078 880//5079
f 847//5080 880//5081 848//5082
f 848//5083 880//5084 881//5085
f 848//5086 881//5087 849//5088
f 849//5089 881//5090 882//5091
f 849//5092 882//5093 850//5094
f 850//5095 882//5096 883//5097
f 850//5098 883//5099 851//5100
f 851//5101 883//5102 884//5103
f 851//5104 884//5105 852//5106
f 852//5107 884//5108 885//5109
f 852//5110 885//5111 853//5112
f 853//5113 885//5114 886//5115
f 853//5116 886//5117 854//5118
f 854//5119 886//5120 887//5121
f 854//5122 887//5123 855//5124
f 855//5125 887//5126 888//5127
f 855//5128 888//5129 856//5130
f 856//5131 888//5132 889//5133
f 856//5134 889//5135 857//5136
f 857//5137 889//5138 890//5139
f 857//5140 890//5141 858//5142
f 858//5143 890//5144 891//5145
f 858//5146 891//5147 859//5148
f 859//5149 891//5150 892//5151
f 859//5152 892//5153 860//5154
f 860//5155 892//5156 893//5157
f 860//5158 893//5159 861//5160
f 861//5161 893//5162 894//5163
f 861//5164 894//5165 862//5166
f 862//5167 894//5168 895//5169
f 862//5170 895//5171 863//5172
f 863//5173 895//5174 896//5175
f 863//5176 896//5177 864//5178
f 864//5179 896//5180 865//5181
f 864//5182 865//5183 833//5184
f 865//5185 897//5186 898//5187
f 865//5188 898//5189 866//5190
f 866//5191 898//5192 899//5193
f 866//5194 899//5195 867//5196
f 867//5197 899//5198 900//5199
f 867//5200 900//5201 868//5202
f 868//5203 900//5204 901//5205
f 868//5206 901//5207 869//5208
f 869//5209 901//5210 902//5211
f 869//5212 902//5213 870//5214
f 870//5215 902//5216 903//5217
f 870//5218 903//5219 871//5220
f 871//5221 903//5222 904//5223
f 871//5224 904//5225 872//5226
f 872//5227 904//5228 905//5229
f 872//5230 905//5231 873//5232
f 873//5233 905//5234 906//5235
f 873//5236 906//5237 874//5238
f 874//5239 906//5240 907//5241
f 874//5242 907//5243 875//5244
f 875//5245 907//5246 908//5247
f 875//5248 908//5249 876//5250
f 876//5251 908//5252 909//5253
f 876//5254 909//5255 877//5256
f 877//5257 909//5258 910//5259
f 877//5260 910//5261 878//5262
f 878//5263 910//5264 911//5265
f 878//5266 911//5267 879//5268
f 879//5269 911//5270 912//5271
f 879//5272 912//5273 880//5274
f 880//5275 912//5276 913//5277
f 880//5278 913//5279 881//5280
f 881//5281 913//5282 914//5283
f 881//5284 914//5285 882//5286
f 882//5287 914//5288 915//5289
f 882//5290 915//5291 883//5292
f 883//5293 915//5294 916//5295
f 883//5296 916//5297 884//5298
f 884//5299 916//5300 917//5301
f 884//5302 917//5303 885//5304
f 885//5305 917//5306 918//5307
f 885//5308 918//5309 886//5310
f 886//5311 918//5312 919//5313
f 886//5314 919//5315 887//5316
f 887//5317 919//5318 920//5319
f 887//5320 920//5321 888//5322
f 888//5323 920//5324 921//5325
f 888//5326 921//5327 889//5328
f 889//5329 921//5330 922//5331
f 889//5332 922//5333 890//5334
f 890//5335 922//5336 923//5337
f 890//5338 923//5339 891//5340
f 891//5341 923//5342 924//5343
f 891//5344 924//5345 892//5346
f 892//5347 924//5348 925//5349
f 892//5350 925//5351 893//5352
f 893//5353 925//5354 926//5355
f 893//5356 926//5357 894//5358
f 894//5359 926//5360 927//5361
f 894//5362 927//5363 895//5364
f 895//5365 927//5366 928//5367
f 895//5368 928//5369 896//5370
f 896//5371 928//5372 897//5373
f 896//5374 897//5375 865//5376
f 897//5377 929//5378 930//5379
f 897//5380 930//5381 898//5382
f 898//5383 930//5384 931//5385
f 898//5386 931//5387 899//5388
f 899//5389 931//5390 932//5391
f 899//5392 932//5393 900//5394
f 900//5395 932//5396 933//5397
f 900//5398 933//5399 901//5400
f 901//5401 933//5402 934//5403
f 901//5404 934//5405 902//5406
f 902//5407 934//5408 935//5409
f 902//5410 935//5411 903//5412
f 903//5413 935//5414 936//5415
f 903//5416 936//5417 904//5418
f 904//5419 936//5420 937//5421
f 904//5422 937//5423 905//5424
f 905//5425 937//5426 938//5427
f 905//5428 938//5429 906//5430
f 906//5431 938//5432 939//5433
f 906//5434 939//5435 907//5436
f 907//5437 939//5438 940//5439
f 907//5440 940//5441 908//5442
f 908//5443 940//5444 941//5445
f 908//5446 941//5447 909//5448
f 909//5449 941//5450 942//5451
f 909//5452 942//5453 910//5454
f 910//5455 942//5456 943//5457
f 910//5458 943//5459 911//5460
f 911//5461 943//5462 944//5463
f 911//5464 944//5465 912//5466
f 912//5467 944//5468 945//5469
f 912//5470 945//5471 913//5472
f 913//5473 945//5474 946//5475
f 913//5476 946//5477 914//5478
f 914//5479 946//5480 947//5481
f 914//5482 947//5483 915//5484
f 915//5485 947//5486 948//5487
f 915//5488 948//5489 916//5490
f 916//5491 948//5492 949//5493
f 916//5494 949//5495 917//5496
f 917//5497 949//5498 950//5499
f 917//5500 950//5501 918//5502
f 918//5503 950//5504 951//5505
f 918//5506 951//5507 919//5508
f 919//5509 951//5510 952//5511
f 919//5512 952//5513 920//5514
f 920//5515 952//5516 953//5517
f 920//5518 953//5519 921//5520
f 921//5521 953//5522 954//5523
f 921//5524 954//5525 922//5526
f 922//5527 954//5528 955//5529
f 922//5530 955//5531 923//5532
f 923//5533 955//5534 956//5535
f 923//5536 956//5537 924//5538
f 924//5539 956//5540 957//5541
f 924//5542 957//5543 925//5544
f 925//5545 957//5546 958//5547
f 925//5548 958//5549 926//5550
f 926//5551 958//5552 959//5553
f 926//5554 959//5555 927//5556
f 927//5557 959//5558 960//5559
f 927//5560 960//5561 928//5562
f 928//5563 960//5564 929//5565
f 928//5566 929//5567 897//5568
f 929//5569 961//5570 962//5571
f 929//5572 962//5573 930//5574
f 930//5575 962//5576 963//5577
f 930//5578 963//5579 931//5580
f 931//5581 963//5582 964//5583
f 931//5584 964//5585 932//5586
f 932//5587 964//5588 965//5589
f 932//5590 965//5591 933//5592
f 933//5593 965//5594 966//5595
f 933//5596 966//5597 934//5598
f 934//5599 966//5600 967//5601
f 934//5602 967//5603 935//5604
f 935//5605 967//5606 968//5607
f 935//5608 968//5609 936//5610
f 936//5611 968//5612 969//5613
f 936//5614 969//5615 937//5616
f 937//5617 969//5618 970//5619
f 937//5620 970//5621 938//5622
f 938//5623 970//5624 971//5625
f 938//5626 971//5627 939//5628
f 939//5629 971//5630 972//5631
f 939//5632 972//5633 940//5634
f 940//5635 972//5636 973//5637
f 940//5638 973//5639 941//5640
f 941//5641 973//5642 974//5643
f 941//5644 974//5645 942//5646
f 942//5647 974//5648 975//5649
f 942//5650 975//5651 943//5652
f 943//5653 975//5654 976//5655
f 943//5656 976//5657 944//5658
f 944//5659 976//5660 977//5661
f 944//5662 977//5663 945//5664
f 945//5665 977//5666 978//5667
f 945//5668 978//5669 946//5670
f 946//5671 978//5672 979//5673
f 946//5674 979//5675 947//5676
f 947//5677 979//5678 980//5679
f 947//5680 980//5681 948//5682
f 948//5683 980//5684 981//5685
f 948//5686 981//5687 949//5688
f 949//5689 981//5690 982//5691
f 949//5692 982//5693 950//5694
f 950//5695 982//5696 983//5697
f 950//5698 983//5699 951//5700
f 951//5701 983//5702 984//5703
f 951//5704 984//5705 952//5706
f 952//5707 984//5708 985//5709
f 952//5710 985//5711 953//5712
f 953//5713 985//5714 986//5715
f 953//5716 986//5717 954//5718
f 954//5719 986//5720 987//5721
f 954//5722 987//5723 955//5724
f 955//5725 987//5726 988//5727
f 955//5728 988//5729 956//5730
f 956//5731 988//5732 989//5733
f 956//5734 989//5735 957//5736
f 957//5737 989//5738 990//5739
f 957//5740 990//5741 958//5742
f 958//5743 990//5744 991//5745
f 958//5746 991//5747 959//5748
f 959//5749 991//5750 992//5751
f 959//5752 992//5753 960//5754
f 960//5755 992//5756 961//5757
f 960//5758 961//5759 929//5760
f 961//5761 993//5762 994//5763
f 961//5764 994//5765 962//5766
f 962//5767 994//5768 995//5769
f 962//5770 995//5771 963//5772
f 963//5773 995//5774 996//5775
f 963//5776 996//5777 964//5778
f 964//5779 996//5780 997//5781
f 964//5782 997//5783 965//5784
f 965//5785 997//5786 998//5787
f 965//5788 998//5789 966//5790
f 966//5791 998//5792 999//5793
f 966//5794 999//5795 967//5796
f 967//5797 999//5798 1000//5799
f 967//5800 1000//5801 968//5802
f 968//5803 1000//5804 1001//5805
f 968//5806 1001//5807 969//5808
f 969//5809 1001//5810 1002//5811
f 969//5812 1002//5813 970//5814
f 970//5815 1002//5816 1003//5817
f 970//5818 1003//5819 971//5820
f 971//5821 1003//5822 1004//5823
f 971//5824 1004//5825 972//5826
f 972//5827 1004//5828 1005//5829
f 972//5830 1005//5831 973//5832
f 973//5833 1005//5834 1006//5835
f 973//5836 1006//5837 974//5838
f 974//5839 1006//5840 1007//5841
f 974//5842 1007//5843 975//5844
f 975//5845 1007//5846 1008//5847
f 975//5848 1008//5849 976//5850
f 976//5851 1008//5852 1009//5853
f 976//5854 1009//5855 977//5856
f 977//5857 1009//5858 1010//5859
f 977//5860 1010//5861 978//5862
f 978//5863 1010//5864 1011//5865
f 978//5866 1011//5867 979//5868
f 979//5869 1011//5870 1012//5871
f 979//5872 1012//5873 980//5874
f 980//5875 1012//5876 1013//5877
f 980//5878 1013//5879 981//5880
f 981//5881 1013//5882 1014//5883
f 981//5884 1014//5885 982//5886
f 982//5887 1014//5888 1015//5889
f 982//5890 1015//5891 983//5892
f 983//5893 1015//5894 1016//5895
f 983//5896 1016//5897 984//5898
f 984//5899 1016//5900 1017//5901
f 984//5902 1017//5903 985//5904
f 985//5905 1017//5906 1018//5907
f 985//5908 1018//5909 986//5910
f 986//5911 1018//5912 1019//5913
f 986//5914 1019//5915 987//5916
f 987//5917 1019//5918 1020//5919
f 987//5920 1020//5921 988//5922
f 988//5923 1020//5924 1021//5925
f 988//5926 1021//5927 989//5928
f 989//5929 1021//5930 1022//5931
f 989//5932 1022//5933 990//5934
f 990//5935 1022//5936 1023//5937
f 990//5938 1023//5939 991//5940
f 991//5941 1023//5942 1024//5943
f 991//5944 1024//5945 992//5946
f 992//5947 1024//5948 993//5949
f 992//5950 993//5951 961//5952
f 993//5953 1025//5954 1026//5955
f 993//5956 1026//5957 994//5958
f 994//5959 1026//5960 1027//5961
f 994//5962 1027//5963 995//5964
f 995//5965 1027//5966 1028//5967
f 995//5968 1028//5969 996//5970
f 996//5971 1028//5972 1029//5973
f 996//5974 1029//5975 997//5976
f 997//5977 1029//5978 1030//5979
f 997//5980 1030//5981 998//5982
f 998//5983 1030//5984 1031//5985
f 998//5986 1031//5987 999//5988
f 999//5989 1031//5990 1032//5991
f 999//5992 1032//5993 1000//5994
f 1000//5995 1032//5996 1033//5997
f 1000//5998 1033//5999 1001//6000
f 1001//6001 1033//6002 1034//6003
f 1001//6004 1034//6005 1002//6006
f 1002//6007 1034//6008 1035//6009
f 1002//6010 1035//6011 1003//6012
f 1003//6013 1035//6014 1036//6015
f 1003//6016 1036//6017 1004//6018
f 1004//6019 1036//6020 1037//6021
f 1004//6022 1037//6023 1005//6024
f 1005//6025 1037//6026 1038//6027
f 1005//6028 1038//6029 1006//6030
f 1006//6031 1038//6032 1039//6033
f 1006//6034 1039//6035 1007//6036
f 1007//6037 1039//6038 1040//6039
f 1007//6040 1040//6041 1008//6042
f 1008//6043 1040//6044 1041//6045
f 1008//6046 1041//6047 1009//6048
f 1009//6049 1041//6050 1042//6051
f 1009//6052 1042//6053 1010//6054
f 1010//6055 1042//6056 1043//6057
f 1010//6058 1043//6059 1011//6060
f 1011//6061 1043//6062 1044//6063
f 1011//6064 1044//6065 1012//6066
f 1012//6067 1044//6068 1045//6069
f 1012//6070 1045//6071 1013//6072
f 1013//6073 1045//6074 1046//6075
f 1013//6076 1046//6077 1014//6078
f 1014//6079 1046//6080 1047//6081
f 1014//6082 1047//6083 1015//6084
f 1015//6085 1047//6086 1048//6087
f 1015//6088 1048//6089 1016//6090
f 1016//6091 1048//6092 1049//6093
f 1016//6094 1049//6095 1017//6096
f 1017//6097 1049//6098 1050//6099
f 1017//6100 1050//6101 1018//6102
f 1018//6103 1050//6104 1051//6105
f 1018//6106 1051//6107 1019//6108
f 1019//6109 1051//6110 1052//6111
f 1019//6112 1052//6113 1020//6114
f 1020//6115 1052//6116 1053//6117
f 1020//6118 1053//6119 1021//6120
f 1021//6121 1053//6122 1054//6123
f 1021//6124 1054//6125 1022//6126
f 1022//6127 1054//6128 1055//6129
f 1022//6130 1055//6131 1023//6132
f 1023//6133 1055//6134 1056//6135
f 1023//6136 1056//6137 1024//6138
f 1024//6139 1056//6140 1025//6141
f 1024//6142 1025//6143 993//6144
f 1025//6145 1057//6146 1058//6147
f 1025//6148 1058//6149 1026//6150
f 1026//6151 1058//6152 1059//6153
f 1026//6154 1059//6155 1027//6156
f 1027//6157 1059//6158 1060//6159
f 1027//6160 1060//6161 1028//6162
f 1028//6163 1060//6164 1061//6165
f 1028//6166 1061//6167 1029//6168
f 1029//6169 1061//6170 1062//6171
f 1029//6172 1062//6173 1030//6174
f 1030//6175 1062//6176 1063//6177
f 1030//6178 1063//6179 1031//6180
f 1031//6181 1063//6182 1064//6183
f 1031//6184 1064//6185 1032//6186
f 1032//6187 1064//6188 1065//6189
f 1032//6190 1065//6191 1033//6192
f 1033//6193 1065//6194 1066//6195
f 1033//6196 1066//6197 1034//6198
f 1034//6199 1066//6200 1067//6201
f 1034//6202 1067//6203 1035//6204
f 1035//6205 1067//6206 1068//6207
f 1035//6208 1068//6209 1036//6210
f 1036//6211 1068//6212 1069//6213
f 1036//6214 1069//6215 1037//6216
f 1037//6217 1069//6218 1070//6219
f 1037//6220 1070//6221 1038//6222
f 1038//6223 1070//6224 1071//6225
f 1038//6226 1071//6227 1039//6228
f 1039//6229 1071//6230 1072//6231
f 1039//6232 1072//6233 1040//6234
f 1040//6235 1072//6236 1073//6237
f 1040//6238 1073//6239 1041//6240
f 1041//6241 1073//6242 1074//6243
f 1041//6244 1074//6245 1042//6246
f 1042//6247 1074//6248 1075//6249
f 1042//6250 1075//6251 1043//6252
f 1043//6253 1075//6254 1076//6255
f 1043//6256 1076//6257 1044//6258
f 1044//6259 1076//6260 1077//6261
f 1044//6262 1077//6263 1045//6264
f 1045//6265 1077//6266 1078//6267
f 1045//6268 1078//6269 1046//6270
f 1046//6271 1078//6272 1079//6273
f 1046//6274 1079//6275 1047//6276
f 1047//6277 1079//6278 1080//6279
f 1047//6280 1080//6281 1048//6282
f 1048//6283 1080//6284 1081//6285
f 1048//6286 1081//6287 1049//6288
f 1049//6289 1081//6290 1082//6291
f 1049//6292 1082//6293 1050//6294
f 1050//6295 1082//6296 1083//6297
f 1050//6298 1083//6299 1051//6300
f 1051//6301 1083//6302 1084//6303
f 1051//6304 1084//6305 1052//6306
f 1052//6307 1084//6308 1085//6309
f 1052//6310 1085//6311 1053//6312
f 1053//6313 1085//6314 1086//6315
f 1053//6316 1086//6317 1054//6318
f 1054//6319 1086//6320 1087//6321
f 1054//6322 1087//6323 1055//6324
f 1055//6325 1087//6326 1088//6327
f 1055//6328 1088//6329 1056//6330
f 1056//6331 1088//6332 1057//6333
f 1056//6334 1057//6335 1025//6336
f 1057//6337 1089//6338 1090//6339
f 1057//6340 1090//6341 1058//6342
f 1058//6343 1090//6344 1091//6345
f 1058//6346 1091//6347 1059//6348
f 1059//6349 1091//6350 1092//6351
f 1059//6352 1092//6353 1060//6354
f 1060//6355 1092//6356 1093//6357
f 1060//6358 1093//6359 1061//6360
f 1061//6361 1093//6362 1094//6363
f 1061//6364 1094//6365 1062//6366
f 1062//6367 1094//6368 1095//6369
f 1062//6370 1095//6371 1063//6372
f 1063//6373 1095//6374 1096//6375
f 1063//6376 1096//6377 1064//6378
f 1064//6379 1096//6380 1097//6381
f 1064//6382 1097//6383 1065//6384
f 1065//6385 1097//6386 1098//6387
f 1065//6388 1098//6389 1066//6390
f 1066//6391 1098//6392 1099//6393
f 1066//6394 1099//6395 1067//6396
f 1067//6397 1099//6398 1100//6399
f 1067//6400 1100//6401 1068//6402
f 1068//6403 1100//6404 1101//6405
f 1068//6406 1101//6407 1069//6408
f 1069//6409 1101//6410 1102//6411
f 1069//6412 1102//6413 1070//6414
f 1070//6415 1102//6416 1103//6417
f 1070//6418 1103//6419 1071//6420
f 1071//6421 1103//6422 1104//6423
f 1071//6424 1104//6425 1072//6426
f 1072//6427 1104//6428 1105//6429
f 1072//6430 1105//6431 1073//6432
f 1073//6433 1105//6434 1106//6435
f 1073//6436 1106//6437 1074//6438
f 1074//6439 1106//6440 1107//6441
f 1074//6442 1107//6443 1075//6444
f 1075//6445 1107//6446 1108//6447
f 1075//6448 1108//6449 1076//6450
f 1076//6451 1108//6452 1109//6453
f 1076//6454 1109//6455 1077//6456
f 1077//6457 1109//6458 1110//6459
f 1077//6460 1110//6461 1078//6462
f 1078//6463 1110//6464 1111//6465
f 1078//6466 1111//6467 1079//6468
f 1079//6469 1111//6470 1112//6471
f 1079//6472 1112//6473 1080//6474
f 1080//6475 1112//6476 1113//6477
f 1080//6478 1113//6479 1081//6480
f 1081//6481 1113//6482 1114//6483
f 1081//6484 1114//6485 1082//6486
f 1082//6487 1114//6488 1115//6489
f 1082//6490 1115//6491 1083//6492
f 1083//6493 1115//6494 1116//6495
f 1083//6496 1116//6497 1084//6498
f 1084//6499 1116//6500 1117//6501
f 1084//6502 1117//6503 1085//6504
f 1085//6505 1117//6506 1118//6507
f 1085//6508 1118//6509 1086//6510
f 1086//6511 1118//6512 1119//6513
f 1086//6514 1119//6515 1087//6516
f 1087//6517 1119//6518 1120//6519
f 1087//6520 1120//6521 1088//6522
f 1088//6523 1120//6524 1089//6525
f 1088//6526 1089//6527 1057//6528
f 1089//6529 1121//6530 1122//6531
f 1089//6532 1122//6533 1090//6534
f 1090//6535 1122//6536 1123//6537
f 1090//6538 1123//6539 1091//6540
f 1091//6541 1123//6542 1124//6543
f 1091//6544 1124//6545 1092//6546
f 1092//6547 1124//6548 1125//6549
f 1092//6550 1125//6551 1093//6552
f 1093//6553 1125//6554 1126//6555
f 1093//6556 1126//6557 1094//6558
f 1094//6559 1126//6560 1127//6561
f 1094//6562 1127//6563 1095//6564
f 1095//6565 1127//6566 1128//6567
f 1095//6568 1128//6569 1096//6570
f 1096//6571 1128//6572 1129//6573
f 1096//6574 1129//6575 1097//6576
f 1097//6577 1129//6578 1130//6579
f 1097//6580 1130//6581 1098//6582
f 1098//6583 1130//6584 1131//6585
f 1098//6586 1131//6587 1099//6588
f 1099//6589 1131//6590 1132//6591
f 1099//6592 1132//6593 1100//6594
f 1100//6595 1132//6596 1133//6597
f 1100//6598 1133//6599 1101//6600
f 1101//6601 1133//6602 1134//6603
f 1101//6604 1134//6605 1102//6606
f 1102//6607 1134//6608 1135//6609
f 1102//6610 1135//6611 1103//6612
f 1103//6613 1135//6614 1136//6615
f 1103//6616 1136//6617 1104//6618
f 1104//6619 1136//6620 1137//6621
f 1104//6622 1137//6623 1105//6624
f 1105//6625 1137//6626 1138//6627
f 1105//6628 1138//6629 1106//6630
f 1106//6631 1138//6632 1139//6633
f 1106//6634 1139//6635 1107//6636
f 1107//6637 1139//6638 1140//6639
f 1107//6640 1140//6641 1108//6642
f 1108//6643 1140//6644 1141//6645
f 1108//6646 1141//6647 1109//6648
f 1109//6649 1141//6650 1142//6651
f 1109//6652 1142//6653 1110//6654
f 1110//6655 1142//6656 1143//6657
f 1110//6658 1143//6659 1111//6660
f 1111//6661 1143//6662 1144//6663
f 1111//6664 1144//6665 1112//6666
f 1112//6667 1144//6668 1145//6669
f 1112//6670 1145//6671 1113//6672
f 1113//6673 1145//6674 1146//6675
f 1113//6676 1146//6677 1114//6678
f 1114//6679 1146//6680 1147//6681
f 1114//6682 1147//6683 1115//6684
f 1115//6685 1147//6686 1148//6687
f 1115//6688 1148//6689 1116//6690
f 1116//6691 1148//6692 1149//6693
f 1116//6694 1149//6695 1117//6696
f 1117//6697 1149//6698 1150//6699
f 1117//6700 1150//6701 1118//6702
f 1118//6703 1150//6704 1151//6705
f 1118//6706 1151//6707 1119//6708
f 1119//6709 1151//6710 1152//6711
f 1119//6712 1152//6713 1120//6714
f 1120//6715 1152//6716 1121//6717
f 1120//6718 1121//6719 1089//6720
f 1121//6721 1153//6722 1154//6723
f 1121//6724 1154//6725 1122//6726
f 1122//6727 1154//6728 1155//6729
f 1122//6730 1155//6731 1123//6732
f 1123//6733 1155//6734 1156//6735
f 1123//6736 1156//6737 1124//6738
f 1124//6739 1156//6740 1157//6741
f 1124//6742 1157//6743 1125//6744
f 1125//6745 1157//6746 1158//6747
f 1125//6748 1158//6749 1126//6750
f 1126//6751 1158//6752 1159//6753
f 1126//6754 1159//6755 1127//6756
f 1127//6757 1159//6758 1160//6759
f 1127//6760 1160//6761 1128//6762
f 1128//6763 1160//6764 1161//6765
f 1128//6766 1161//6767 1129//6768
f 1129//6769 1161//6770 1162//6771
f 1129//6772 1162//6773 1130//6774
f 1130//6775 1162//6776 1163//6777
f 1130//6778 1163//6779 1131//6780
f 1131//6781 1163//6782 1164//6783
f 1131//6784 1164//6785 1132//6786
f 1132//6787 1164//6788 1165//6789
f 1132//6790 1165//6791 1133//6792
f 1133//6793 1165//6794 1166//6795
f 1133//6796 1166//6797 1134//6798
f 1134//6799 1166//6800 1167//6801
f 1134//6802 1167//6803 1135//6804
f 1135//6805 1167//6806 1168//6807
f 1135//6808 1168//6809 1136//6810
f 1136//6811 1168//6812 1169//6813
f 1136//6814 1169//6815 1137//6816
f 1137//6817 1169//6818 1170//6819
f 1137//6820 1170//6821 1138//6822
f 1138//6823 1170//6824 1171//6825
f 1138//6826 1171//6827 1139//6828
f 1139//6829 1171//6830 1172//6831
f 1139//6832 1172//6833 1140//6834
f 1140//6835 1172//6836 1173//6837
f 1140//6838 1173//6839 1141//6840
f 1141//6841 1173//6842 1174//6843
f 1141//6844 1174//6845 1142//6846
f 1142//6847 1174//6848 1175//6849
f 1142//6850 1175//6851 1143//6852
f 1143//6853 1175//6854 1176//6855
f 1143//6856 1176//6857 1144//6858
f 1144//6859 1176//6860 1177//6861
f 1144//6862 1177//6863 1145//6864
f 1145//6865 1177//6866 1178//6867
f 1145//6868 1178//6869 1146//6870
f 1146//6871 1178//6872 1179//6873
f 1146//6874 1179//6875 1147//6876
f 1147//6877 1179//6878 1180//6879
f 1147//6880 1180//6881 1148//6882
f 1148//6883 1180//6884 1181//6885
f 1148//6886 1181//6887 1149//6888
f 1149//6889 1181//6890 1182//6891
f 1149//6892 1182//6893 1150//6894
f 1150//6895 1182//6896 1183//6897
f 1150//6898 1183//6899 1151//6900
f 1151//6901 1183//6902 1184//6903
f 1151//6904 1184//6905 1152//6906
f 1152//6907 1184//6908 1153//6909
f 1152//6910 1153//6911 1121//6912
f 1153//6913 1185//6914 1186//6915
f 1153//6916 1186//6917 1154//6918
f 1154//6919 1186//6920 1187//6921
f 1154//6922 1187//6923 1155//6924
f 1155//6925 1187//6926 1188//6927
f 1155//6928 1188//6929 1156//6930
f 1156//6931 1188//6932 1189//6933
f 1156//6934 1189//6935 1157//6936
f 1157//6937 1189//6938 1190//6939
f 1157//6940 1190//6941 1158//6942
f 1158//6943 1190//6944 1191//6945
f 1158//6946 1191//6947 1159//6948
f 1159//6949 1191//6950 1192//6951
f 1159//6952 1192//6953 1160//6954
f 1160//6955 1192//6956 1193//6957
f 1160//6958 1193//6959 1161//6960
f 1161//6961 1193//6962 1194//6963
f 1161//6964 1194//6965 1162//6966
f 1162//6967 1194//6968 1195//6969
f 1162//6970 1195//6971 1163//6972
f 1163//6973 1195//6974 1196//6975
f 1163//6976 1196//6977 1164//6978
f 1164//6979 1196//6980 1197//6981
f 1164//6982 1197//6983 1165//6984
f 1165//6985 1197//6986 1198//6987
f 1165//6988 1198//6989 1166//6990
f 1166//6991 1198//6992 1199//6993
f 1166//6994 1199//6995 1167//6996
f 1167//6997 1199//6998 1200//6999
f 1167//7000 1200//7001 1168//7002
f 1168//7003 1200//7004 1201//7005
f 1168//7006 1201//7007 1169//7008
f 1169//7009 1201//7010 1202//7011
f 1169//7012 1202//7013 1170//7014
f 1170//7015 1202//7016 1203//7017
f 1170//7018 1203//7019 1171//7020
f 1171//7021 1203//7022 1204//7023
f 1171//7024 1204//7025 1172//7026
f 1172//7027 1204//7028 1205//7029
f 1172//7030 1205//7031 1173//7032
f 1173//7033 1205//7034 1206//7035
f 1173//7036 1206//7037 1174//7038
f 1174//7039 1206//7040 1207//7041
f 1174//7042 1207//7043 1175//7044
f 1175//7045 1207//7046 1208//7047
f 1175//7048 1208//7049 1176//7050
f 1176//7051 1208//7052 1209//7053
f 1176//7054 1209//7055 1177//7056
f 1177//7057 1209//7058 1210//7059
f 1177//7060 1210//7061 1178//7062
f 1178//7063 1210//7064 1211//7065
f 1178//7066 1211//7067 1179//7068
f 1179//7069 1211//7070 1212//7071
f 1179//7072 1212//7073 1180//7074
f 1180//7075 1212//7076 1213//7077
f 1180//7078 1213//7079 1181//7080
f 1181//7081 1213//7082 1214//7083
f 1181//7084 1214//7085 1182//7086
f 1182//7087 1214//7088 1215//7089
f 1182//7090 1215//7091 1183//7092
f 1183//7093 1215//7094 1216//7095
f 1183//7096 1216//7097 1184//7098
f 1184//7099 1216//7100 1185//7101
f 1184//7102 1185//7103 1153//7104
f 1185//7105 1217//7106 1218//7107
f 1185//7108 1218//7109 1186//7110
f 1186//7111 1218//7112 1219//7113
f 1186//7114 1219//7115 1187//7116
f 1187//7117 1219//7118 1220//7119
f 1187//7120 1220//7121 1188//7122
f 1188//7123 1220//7124 1221//7125
f 1188//7126 1221//7127 1189//7128
f 1189//7129 1221//7130 1222//7131
f 1189//7132 1222//7133 1190//7134
f 1190//7135 1222//7136 1223//7137
f 1190//7138 1223//7139 1191//7140
f 1191//7141 1223//7142 1224//7143
f 1191//7144 1224//7145 1192//7146
f 1192//7147 1224//7148 1225//7149
f 1192//7150 1225//7151 1193//7152
f 1193//7153 1225//7154 1226//7155
f 1193//7156 1226//7157 1194//7158
f 1194//7159 1226//7160 1227//7161
f 1194//7162 1227//7163 1195//7164
f 1195//7165 1227//7166 1228//7167
f 1195//7168 1228//7169 1196//7170
f 1196//7171 1228//7172 1229//7173
f 1196//7174 1229//7175 1197//7176
f 1197//7177 1229//7178 1230//7179
f 1197//7180 1230//7181 1198//7182
f 1198//7183 1230//7184 1231//7185
f 1198//7186 1231//7187 1199//7188
f 1199//7189 1231//7190 1232//7191
f 1199//7192 1232//7193 1200//7194
f 1200//7195 1232//7196 1233//7197
f 1200//7198 1233//7199 1201//7200
f 1201//7201 1233//7202 1234//7203
f 1201//7204 1234//7205 1202//7206
f 1202//7207 1234//7208 1235//7209
f 1202//7210 1235//7211 1203//7212
f 1203//7213 1235//7214 1236//7215
f 1203//7216 1236//7217 1204//7218
f 1204//7219 1236//7220 1237//7221
f 1204//7222 1237//7223 1205//7224
f 1205//7225 1237//7226 1238//7227
f 1205//7228 1238//7229 1206//7230
f 1206//7231 1238//7232 1239//7233
f 1206//7234 1239//7235 1207//7236
f 1207//7237 1239//7238 1240//7239
f 1207//7240 1240//7241 1208//7242
f 1208//7243 1240//7244 1241//7245
f 1208//7246 1241//7247 1209//7248
f 1209//7249 1241//7250 1242//7251
f 1209//7252 1242//7253 1210//7254
f 1210//7255 1242//7256 1243//7257
f 1210//7258 1243//7259 1211//7260
f 1211//7261 1243//7262 1244//7263
f 1211//7264 1244//7265 1212//7266
f 1212//7267 1244//7268 1245//7269
f 1212//7270 1245//7271 1213//7272
f 1213//7273 1245//7274 1246//7275
f 1213//7276 1246//7277 1214//7278
f 1214//7279 1246//7280 1247//7281
f 1214//7282 1247//7283 1215//7284
f 1215//7285 1247//7286 1248//7287
f 1215//7288 1248//7289 1216//7290
f 1216//7291 1248//7292 1217//7293
f 1216//7294 1217//7295 1185//7296
f 1217//7297 1249//7298 1250//7299
f 1217//7300 1250//7301 1218//7302
f 1218//7303 1250//7304 1251//7305
f 1218//7306 1251//7307 1219//7308
f 1219//7309 1251//7310 1252//7311
f 1219//7312 1252//7313 1220//7314
f 1220//7315 1252//7316 1253//7317
f 1220//7318 1253//7319 1221//7320
f 1221//7321 1253//7322 1254//7323
f 1221//7324 1254//7325 1222//7326
f 1222//7327 1254//7328 1255//7329
f 1222//7330 1255//7331 1223//7332
f 1223//7333 1255//7334 1256//7335
f 1223//7336 1256//7337 1224//7338
f 1224//7339 1256//7340 1257//7341
f 1224//7342 1257//7343 1225//7344
f 1225//7345 1257//7346 1258//7347
f 1225//7348 1258//7349 1226//7350
f 1226//7351 1258//7352 1259//7353
f 1226//7354 1259//7355 1227//7356
f 1227//7357 1259//7358 1260//7359
f 1227//7360 1260//7361 1228//7362
f 1228//7363 1260//7364 1261//7365
f 1228//7366 1261//7367 1229//7368
f 1229//7369 1261//7370 1262//7371
f 1229//7372 1262//7373 1230//7374
f 1230//7375 1262//7376 1263//7377
f 1230//7378 1263//7379 1231//7380
f 1231//7381 1263//7382 1264//7383
f 1231//7384 1264//7385 1232//7386
f 1232//7387 1264//7388 1265//7389
f 1232//7390 1265//7391 1233//7392
f 1233//7393 1265//7394 1266//7395
f 1233//7396 1266//7397 1234//7398
f 1234//7399 1266//7400 1267//7401
f 1234//7402 1267//7403 1235//7404
f 1235//7405 1267//7406 1268//7407
f 1235//7408 1268//7409 1236//7410
f 1236//7411 1268//7412 1269//7413
f 1236//7414 1269//7415 1237//7416
f 1237//7417 1269//7418 1270//7419
f 1237//7420 1270//7421 1238//7422
f 1238//7423 1270//7424 1271//7425
f 1238//7426 1271//7427 1239//7428
f 1239//7429 1271//7430 1272//7431
f 1239//7432 1272//7433 1240//7434
f 1240//7435 1272//7436 1273//7437
f 1240//7438 1273//7439 1241//7440
f 1241//7441 1273//7442 1274//7443
f 1241//7444 1274//7445 1242//7446
f 1242//7447 1274//7448 1275//7449
f 1242//7450 1275//7451 1243//7452
f 1243//7453 1275//7454 1276//7455
f 1243//7456 1276//7457 1244//7458
f 1244//7459 1276//7460 1277//7461
f 1244//7462 1277//7463 1245//7464
f 1245//7465 1277//7466 1278//7467
f 1245//7468 1278//7469 1246//7470
f 1246//7471 1278//7472 1279//7473
f 1246//7474 1279//7475 1247//7476
f 1247//7477 1279//7478 1280//7479
f 1247//7480 1280//7481 1248//7482
f 1248//7483 1280//7484 1249//7485
f 1248//7486 1249//7487 1217//7488
f 1281//7489 1//7490 2//7491
f 1281//7492 2//7493 3//7494
f 1281//7495 3//7496 4//7497
f 1281//7498 4//7499 5//7500
f 1281//7501 5//7502 6//7503
f 1281//7504 6//7505 7//7506
f 1281//7507 7//7508 8//7509
f 1281//7510 8//7511 9//7512
f 1281//7513 9//7514 10//7515
f 1281//7516 10//7517 11//7518
f 1281//7519 11//7520 12//7521
f 1281//7522 12//7523 13//7524
f 1281//7525 13//7526 14//7527
f 1281//7528 14//7529 15//7530
f 1281//7531 15//7532 16//7533
f 1281//7534 16//7535 17//7536
f 1281//7537 17//7538 18//7539
f 1281//7540 18//7541 19//7542
f 1281//7543 19//7544 20//7545
f 1281//7546 20//7547 21//7548
f 1281//7549 21//7550 22//7551
f 1281//7552 22//7553 23//7554
f 1281//7555 23//7556 24//7557
f 1281//7558 24//7559 25//7560
f 1281//7561 25//7562 26//7563
f 1281//7564 26//7565 27//7566
f 1281//7567 27//7568 28//7569
f 1281//7570 28//7571 29//7572
f 1281//7573 29//7574 30//7575
f 1281//7576 30//7577 31//7578
f 1281//7579 31//7580 32//7581
f 1281//7582 32//7583 1//7584
f 1282//7585 1250//7586 1249//7587
f 1282//7588 1251//7589 1250//7590
f 1282//7591 1252//7592 1251//7593
f 1282//7594 1253//7595 1252//7596
f 1282//7597 1254//7598 1253//7599
f 1282//7600 1255//7601 1254//7602
f 1282//7603 1256//7604 1255//7605
f 1282//7606 1257//7607 1256//7608
f 1282//7609 1258//7610 1257//7611
f 1282//7612 1259//7613 1258//7614
f 1282//7615 1260//7616 1259//7617
f 1282//7618 1261//7619 1260//7620
f 1282//7621 1262//7622 1261//7623
f 1282//7624 1263//7625 1262//7626
f 1282//7627 1264//7628 1263//7629
f 1282//7630 1265//7631 1264//7632
f 1282//7633 1266//7634 1265//7635
f 1282//7636 1267//7637 1266//7638
f 1282//7639 1268//7640 1267//7641
f 1282//7642 1269//7643 1268//7644
f 1282//7645 1270//7646 1269//7647
f 1282//7648 1271//7649 1270//7650
f 1282//7651 1272//7652 1271//7653
f 1282//7654 1273//7655 1272//7656
f 1282//7657 1274//7658 1273//7659
f 1282//7660 1275//7661 1274//7662
f 1282//7663 1276//7664 1275//7665
f 1282//7666 1277//7667 1276//7668
f 1282//7669 1278//7670 1277//7671
f 1282//7672 1279//7673 1278//7674
f 1282//7675 1280//7676 1279//7677
f 1282//7678 1249//7679 1280//7680
f 1327//7903 1333//7904 1334//7905
f 1327//7906 1334//7907 1328//7908
f 1333//7933 1339//7934 1340//7935
f 1333//7936 1340//7937 1334//7938
f 1339//7963 1345//7964 1346//7965
f 1339//7966 1346//7967 1340//7968
f 1345//7993 1351//7994 1352//7995
f 1345//7996 1352//7997 1346//7998
f 1351//8023 1357//8024 1358//8025
f 1351//8026 1358//8027 1352//8028
f 1357//8053 1363//8054 1364//8055
f 1357//8056 1364//8057 1358//8058
f 1363//8083 1369//8084 1370//8085
f 1363//8086 1370//8087 1364//8088
f 1369//8113 1375//8114 1376//8115
f 1369//8116 1376//8117 1370//8118
f 1375//8143 1381//8144 1382//8145
f 1375//8146 1382//8147 1376//8148
f 1381//8173 1387//8174 1388//8175
f 1381//8176 1388//8177 1382//8178
f 1387//8203 1393//8204 1394//8205
f 1387//8206 1394//8207 1388//8208
f 1393//8233 1399//8234 1400//8235
f 1393//8236 1400//8237 1394//8238
usemtl stop_light
f 1767//10015 1768//10016 1769//10017
f 1767//10018 1769//10019 1770//10020
f 1763//10021 1766//10022 1765//10023
f 1763//10024 1765//10025 1764//10026
f 1763//10027 1767//10028 1770//10029
f 1763//10030 1770//10031 1766//10032
f 1764//10033 1765//10034 1769//10035
f 1764//10036 1769//10037 1768//10038
f 1766//10039 1770//10040 1769//10041
f 1766//10042 1769//10043 1765//10044
f 1763//10045 1764//10046 1768//10047
f 1763//10048 1768//10049 1767//10050
f 1775//10051 1776//10052 1777//10053
f 1775//10054 1777//10055 1778//10056
f 1771//10057 1774//10058 1773//10059
f 1771//10060 1773//10061 1772//10062
f 1771//10063 1775//10064 1778//10065
f 1771//10066 1778//10067 1774//10068
f 1772//10069 1773//10070 1777//10071
f 1772//10072 1777//10073 1776//10074
f 1774//10075 1778//10076 1777//10077
f 1774//10078 1777//10079 1773//10080
f 1771//10081 1772//10082 1776//10083
f 1771//10084 1776//10085 1775//10086
f 1783//10087 1784//10088 1785//10089
f 1783//10090 1785//10091 1786//10092
f 1779//10093 1782//10094 1781//10095
f 1779//10096 1781//10097 1780//10098
f 1779//10099 1783//10100 1786//10101
f 1779//10102 1786//10103 1782//10104
f 1780//10105 1781//10106 1785//10107
f 1780//10108 1785//10109 1784//10110
f 1782//10111 1786//10112 1785//10113
f 1782//10114 1785//10115 1781//10116
f 1779//10117 1780//10118 1784//10119
f 1779//10120 1784//10121 1783//10122
usemtl wheel
f 1463//8575 1464//8576 1488//8577
f 1463//8578 1488//8579 1487//8580
f 1464//8581 1465//8582 1489//8583
f 1464//8584 1489//8585 1488//8586
f 1465//8587 1466//8588 1490//8589
f 1465//8590 1490//8591 1489//8592
f 1466//8593 1467//8594 1491//8595
f 1466//8596 1491//8597 1490//8598
f 1467//8599 1468//8600 1492//8601
f 1467//8602 1492//8603 1491//8604
f 1468//8605 1469//8606 1493//8607
f 1468//8608 1493//8609 1492//8610
f 1469//8611 1470//8612 1494//8613
f 1469//8614 1494//8615 1493//8616
f 1470//8617 1471//8618 1495//8619
f 1470//8620 1495//8621 1494//8622
f 1471//8623 1472//8624 1496//8625
f 1471//8626 1496//8627 1495//8628
f 1472//8629 1473//8630 1497//8631
f 1472//8632 1497//8633 1496//8634
f 1473//8635 1474//8636 1498//8637
f 1473//8638 1498//8639 1497//8640
f 1474//8641 1475//8642 1499//8643
f 1474//8644 1499//8645 1498//8646
f 1475//8647 1476//8648 1500//8649
f 1475//8650 1500//8651 1499//8652
f 1476//8653 1477//8654 1501//8655
f 1476//8656 1501//8657 1500//8658
f 1477//8659 1478//8660 1502//8661
f 1477//8662 1502//8663 1501//8664
f 1478//8665 1479//8666 1503//8667
f 1478//8668 1503//8669 1502//8670
f 1479//8671 1480//8672 1504//8673
f 1479//8674 1504//8675 1503//8676
f 1480//8677 1481//8678 1505//8679
f 1480//8680 1505//8681 1504//8682
f 1481//8683 1482//8684 1506//8685
f 1481//8686 1506//8687 1505//8688
f 1482//8689 1483//8690 1507//8691
f 1482//8692 1507//8693 1506//8694
f 1483//8695 1484//8696 1508//8697
f 1483//8698 1508//8699 1507//8700
f 1484//8701 1485//8702 1509//8703
f 1484//8704 1509//8705 1508//8706
f 1485//8707 1486//8708 1510//8709
f 1485//8710 1510//8711 1509//8712
f 1486//8713 1463//8714 1487//8715
f 1486//8716 1487//8717 1510//8718
f 1511//8719 1487//8720 1488//8721
f 1512//8722 1464//8723 1463//8724
f 1511//8728 1488//8729 1489//8730
f 1512//8731 1465//8732 1464//8733
f 1511//8737 1489//8738 1490//8739
f 1512//8740 1466//8741 1465//8742
f 1511//8746 1490//8747 1491//8748
f 1512//8749 1467//8750 1466//8751
f 1511//8755 1491//8756 1492//8757
f 1512//8758 1468//8759 1467//8760
f 1511//8764 1492//8765 1493//8766
f 1512//8767 1469//8768 1468//8769
f 1511//8773 1493//8774 1494//8775
f 1512//8776 1470//8777 1469//8778
f 1511//8782 1494//8783 1495//8784
f 1512//8785 1471//8786 1470//8787
f 1511//8791 1495//8792 1496//8793
f 1512//8794 1472//8795 1471//8796
f 1511//8800 1496//8801 1497//8802
f 1512//8803 1473//8804 1472//8805
f 1511//8809 1497//8810 1498//8811
f 1512//8812 1474//8813 1473//8814
f 1511//8818 1498//8819 1499//8820
f 1512//8821 1475//8822 1474//8823
f 1511//8827 1499//8828 1500//8829
f 1512//8830 1476//8831 1475//8832
f 1511//8836 1500//8837 1501//8838
f 1512//8839 1477//8840 1476//8841
f 1511//8845 1501//8846 1502//8847
f 1512//8848 1478//8849 1477//8850
f 1511//8854 1502//8855 1503//8856
f 1512//8857 1479//8858 1478//8859
f 1511//8863 1503//8864 1504//8865
f 1512//8866 1480//8867 1479//8868
f 1511//8872 1504//8873 1505//8874
f 1512//8875 1481//8876 1480//8877
f 1511//8881 1505//8882 1506//8883
f 1512//8884 1482//8885 1481//8886
f 1511//8890 1506//8891 1507//8892
f 1512//8893 1483//8894 1482//8895
f 1511//8899 1507//8900 1508//8901
f 1512//8902 1484//8903 1483//8904
f 1511//8908 1508//8909 1509//8910
f 1512//8911 1485//8912 1484//8913
f 1511//8917 1509//8918 1510//8919
f 1512//8920 1486//8921 1485//8922
f 1511//8926 1510//8927 1487//8928
f 1512//8929 1463//8930 1486//8931
f 1538//8935 1539//8936 1563//8937
f 1538//8938 1563//8939 1562//8940
f 1539//8941 1540//8942 1564//8943
f 1539//8944 1564//8945 1563//8946
f 1540//8947 1541//8948 1565//8949
f 1540//8950 1565//8951 1564//8952
f 1541//8953 1542//8954 1566//8955
f 1541//8956 1566//8957 1565//8958
f 1542//8959 1543//8960 1567//8961
f 1542//8962 1567//8963 1566//8964
f 1543//8965 1544//8966 1568//8967
f 1543//8968 1568//8969 1567//8970
f 1544//8971 1545//8972 1569//8973
f 1544//8974 1569//8975 1568//8976
f 1545//8977 1546//8978 1570//8979
f 1545//8980 1570//8981 1569//8982
f 1546//8983 1547//8984 1571//8985
f 1546//8986 1571//8987 1570//8988
f 1547//8989 1548//8990 1572//8991
f 1547//8992 1572//8993 1571//8994
f 1548//8995 1549//8996 1573//8997
f 1548//8998 1573//8999 1572//9000
f 1549//9001 1550//9002 1574//9003
f 1549//9004 1574//9005 1573//9006
f 1550//9007 1551//9008 1575//9009
f 1550//9010 1575//9011 1574//9012
f 1551//9013 1552//9014 1576//9015
f 1551//9016 1576//9017 1575//9018
f 1552//9019 1553//9020 1577//9021
f 1552//9022 1577//9023 1576//9024
f 1553//9025 1554//9026 1578//9027
f 1553//9028 1578//9029 1577//9030
f 1554//9031 1555//9032 1579//9033
f 1554//9034 1579//9035 1578//9036
f 1555//9037 1556//9038 1580//9039
f 1555//9040 1580//9041 1579//9042
f 1556//9043 1557//9044 1581//9045
f 1556//9046 1581//9047 1580//9048
f 1557//9049 1558//9050 1582//9051
f 1557//9052 1582//9053 1581//9054
f 1558//9055 1559//9056 1583//9057
f 1558//9058 1583//9059 1582//9060
f 1559//9061 1560//9062 1584//9063
f 1559//9064 1584//9065 1583//9066
f 1560//9067 1561//9068 1585//9069
f 1560//9070 1585//9071 1584//9072
f 1561//9073 1538//9074 1562//9075
f 1561//9076 1562//9077 1585//9078
f 1586//9079 1562//9080 1563//9081
f 1587//9082 1539//9083 1538//9084
f 1586//9088 1563//9089 1564//9090
f 1587//9091 1540//9092 1539//9093
f 1586//9097 1564//9098 1565//9099
f 1587//9100 1541//9101 1540//9102
f 1586//9106 1565//9107 1566//9108
f 1587//9109 1542//9110 1541//9111
f 1586//9115 1566//9116 1567//9117
f 1587//9118 1543//9119 1542//9120
f 1586//9124 1567//9125 1568//9126
f 1587//9127 1544//9128 1543//9129
f 1586//9133 1568//9134 1569//9135
f 1587//9136 1545//9137 1544//9138
f 1586//9142 1569//9143 1570//9144
f 1587//9145 1546//9146 1545//9147
f 1586//9151 1570//9152 1571//9153
f 1587//9154 1547//9155 1546//9156
f 1586//9160 1571//9161 1572//9162
f 1587//9163 1548//9164 1547//9165
f 1586//9169 1572//9170 1573//9171
f 1587//9172 1549//9173 1548//9174
f 1586//9178 1573//9179 1574//9180
f 1587//9181 1550//9182 1549//9183
f 1586//9187 1574//9188 1575//9189
f 1587//9190 1551//9191 1550//9192
f 1586//9196 1575//9197 1576//9198
f 1587//9199 1552//9200 1551//9201
f 1586//9205 1576//9206 1577//9207
f 1587//9208 1553//9209 1552//9210
f 1586//9214 1577//9215 1578//9216
f 1587//9217 1554//9218 1553//9219
f 1586//9223 1578//9224 1579//9225
f 1587//9226 1555//9227 1554//9228
f 1586//9232 1579//9233 1580//9234
f 1587//9235 1556//9236 1555//9237
f 1586//9241 1580//9242 1581//9243
f 1587//9244 1557//9245 1556//9246
f 1586//9250 1581//9251 1582//9252
f 1587//9253 1558//9254 1557//9255
f 1586//9259 1582//9260 1583//9261
f 1587//9262 1559//9263 1558//9264
f 1586//9268 1583//9269 1584//9270
f 1587//9271 1560//9272 1559//9273
f 1586//9277 1584//9278 1585//9279
f 1587//9280 1561//9281 1560//9282
f 1586//9286 1585//9287 1562//9288
f 1587//9289 1538//9290 1561//9291
f 1613//9295 1614//9296 1638//9297
f 1613//9298 1638//9299 1637//9300
f 1614//9301 1615//9302 1639//9303
f 1614//9304 1639//9305 1638//9306
f 1615//9307 1616//9308 1640//9309
f 1615//9310 1640//9311 1639//9312
f 1616//9313 1617//9314 1641//9315
f 1616//9316 1641//9317 1640//9318
f 1617//9319 1618//9320 1642//9321
f 1617//9322 1642//9323 1641//9324
f 1618//9325 1619//9326 1643//9327
f 1618//9328 1643//9329 1642//9330
f 1619//9331 1620//9332 1644//9333
f 1619//9334 1644//9335 1643//9336
f 1620//9337 1621//9338 1645//9339
f 1620//9340 1645//9341 1644//9342
f 1621//9343 1622//9344 1646//9345
f 1621//9346 1646//9347 1645//9348
f 1622//9349 1623//9350 1647//9351
f 1622//9352 1647//9353 1646//9354
f 1623//9355 1624//9356 1648//9357
f 1623//9358 1648//9359 1647//9360
f 1624//9361 1625//9362 1649//9363
f 1624//9364 1649//9365 1648//9366
f 1625//9367 1626//9368 1650//9369
f 1625//9370 1650//9371 1649//9372
f 1626//9373 1627//9374 1651//9375
f 1626//9376 1651//9377 1650//9378
f 1627//9379 1628//9380 1652//9381
f 1627//9382 1652//9383 1651//9384
f 1628//9385 1629//9386 1653//9387
f 1628//9388 1653//9389 1652//9390
f 1629//9391 1630//9392 1654//9393
f 1629//9394 1654//9395 1653//9396
f 1630//9397 1631//9398 1655//9399
f 1630//9400 1655//9401 1654//9402
f 1631//9403 1632//9404 1656//9405
f 1631//9406 1656//9407 1655//9408
f 1632//9409 1633//9410 1657//9411
f 1632//9412 1657//9413 1656//9414
f 1633//9415 1634//9416 1658//9417
f 1633//9418 1658//9419 1657//9420
f 1634//9421 1635//9422 1659//9423
f 1634//9424 1659//9425 1658//9426
f 1635//9427 1636//9428 1660//9429
f 1635//9430 1660//9431 1659//9432
f 1636//9433 1613//9434 1637//9435
f 1636//9436 1637//9437 1660//9438
f 1661//9439 1637//9440 1638//9441
f 1662//9442 1614//9443 1613//9444
f 1661//9448 1638//9449 1639//9450
f 1662//9451 1615//9452 1614//9453
f 1661//9457 1639//9458 1640//9459
f 1662//9460 1616//9461 1615//9462
f 1661//9466 1640//9467 1641//9468
f 1662//9469 1617//9470 1616//9471
f 1661//9475 1641//9476 1642//9477
f 1662//9478 1618//9479 1617//9480
f 1661//9484 1642//9485 1643//9486
f 1662//9487 1619//9488 1618//9489
f 1661//9493 1643//9494 1644//9495
f 1662//9496 1620//9497 1619//9498
f 1661//9502 1644//9503 1645//9504
f 1662//9505 1621//9506 1620//9507
f 1661//9511 1645//9512 1646//9513
f 1662//9514 1622//9515 1621//9516
f 1661//9520 1646//9521 1647//9522
f 1662//9523 1623//9524 1622//9525
f 1661//9529 1647//9530 1648//9531
f 1662//9532 1624//9533 1623//9534
f 1661//9538 1648//9539 1649//9540
f 1662//9541 1625//9542 1624//9543
f 1661//9547 1649//9548 1650//9549
f 1662//9550 1626//9551 1625//9552
f 1661//9556 1650//9557 1651//9558
f 1662//9559 1627//9560 1626//9561
f 1661//9565 1651//9566 1652//9567
f 1662//9568 1628//9569 1627//9570
f 1661//9574 1652//9575 1653//9576
f 1662//9577 1629//9578 1628//9579
f 1661//9583 1653//9584 1654//9585
f 1662//9586 1630//9587 1629//9588
f 1661//9592 1654//9593 1655//9594
f 1662//9595 1631//9596 1630//9597
f 1661//9601 1655//9602 1656//9603
f 1662//9604 1632//9605 1631//9606
f 1661//9610 1656//9611 1657//9612
f 1662//9613 1633//9614 1632//9615
f 1661//9619 1657//9620 1658//9621
f 1662//9622 1634//9623 1633//9624
f 1661//9628 1658//9629 1659//9630
f 1662//9631 1635//9632 1634//9633
f 1661//9637 1659//9638 1660//9639
f 1662//9640 1636//9641 1635//9642
f 1661//9646 1660//9647 1637//9648
f 1662//9649 1613//9650 1636//9651
f 1688//9655 1689//9656 1713//9657
f 1688//9658 1713//9659 1712//9660
f 1689//9661 1690//9662 1714//9663
f 1689//9664 1714//9665 1713//9666
f 1690//9667 1691//9668 1715//9669
f 1690//9670 1715//9671 1714//9672
f 1691//9673 1692//9674 1716//9675
f 1691//9676 1716//9677 1715//9678
f 1692//9679 1693//9680 1717//9681
f 1692//9682 1717//9683 1716//9684
f 1693//9685 1694//9686 1718//9687
f 1693//9688 1718//9689 1717//9690
f 1694//9691 1695//9692 1719//9693
f 1694//9694 1719//9695 1718//9696
f 1695//9697 1696//9698 1720//9699
f 1695//9700 1720//9701 1719//9702
f 1696//9703 1697//9704 1721//9705
f 1696//9706 1721//9707 1720//9708
f 1697//9709 1698//9710 1722//9711
f 1697//9712 1722//9713 1721//9714
f 1698//9715 1699//9716 1723//9717
f 1698//9718 1723//9719 1722//9720
f 1699//9721 1700//9722 1724//9723
f 1699//9724 1724//9725 1723//9726
f 1700//9727 1701//9728 1725//9729
f 1700//9730 1725//9731 1724//9732
f 1701//9733 1702//9734 1726//9735
f 1701//9736 1726//9737 1725//9738
f 1702//9739 1703//9740 1727//9741
f 1702//9742 1727//9743 1726//9744
f 1703//9745 1704//9746 1728//9747
f 1703//9748 1728//9749 1727//9750
f 1704//9751 1705//9752 1729//9753
f 1704//9754 1729//9755 1728//9756
f 1705//9757 1706//9758 1730//9759
f 1705//9760 1730//9761 1729//9762
f 1706//9763 1707//9764 1731//9765
f 1706//9766 1731//9767 1730//9768
f 1707//9769 1708//9770 1732//9771
f 1707//9772 1732//9773 1731//9774
f 1708//9775 1709//9776 1733//9777
f 1708//9778 1733//9779 1732//9780
f 1709//9781 1710//9782 1734//9783
f 1709//9784 1734//9785 1733//9786
f 1710//9787 1711//9788 1735//9789
f 1710//9790 1735//9791 1734//9792
f 1711//9793 1688//9794 1712//9795
f 1711//9796 1712//9797 1735//9798
f 1736//9799 1712//9800 1713//9801
f 1737//9802 1689//9803 1688//9804
f 1736//9808 1713//9809 1714//9810
f 1737//9811 1690//9812 1689//9813
f 1736//9817 1714//9818 1715//9819
f 1737//9820 1691//9821 1690//9822
f 1736//9826 1715//9827 1716//9828
f 1737//9829 1692//9830 1691//9831
f 1736//9835 1716//9836 1717//9837
f 1737//9838 1693//9839 1692//9840
f 1736//9844 1717//9845 1718//9846
f 1737//9847 1694//9848 1693//9849
f 1736//9853 1718//9854 1719//9855
f 1737//9856 1695//9857 1694//9858
f 1736//9862 1719//9863 1720//9864
f 1737//9865 1696//9866 1695//9867
f 1736//9871 1720//9872 1721//9873
f 1737//9874 1697//9875 1696//9876
f 1736//9880 1721//9881 1722//9882
f 1737//9883 1698//9884 1697//9885
f 1736//9889 1722//9890 1723//9891
f 1737//9892 1699//9893 1698//9894
f 1736//9898 1723//9899 1724//9900
f 1737//9901 1700//9902 1699//9903
f 1736//9907 1724//9908 1725//9909
f 1737//9910 1701//9911 1700//9912
f 1736//9916 1725//9917 1726//9918
f 1737//9919 1702//9920 1701//9921
f 1736//9925 1726//9926 1727//9927
f 1737//9928 1703//9929 1702//9930
f 1736//9934 1727//9935 1728//9936
f 1737//9937 1704//9938 1703//9939
f 1736//9943 1728//9944 1729//9945
f 1737//9946 1705//9947 1704//9948
f 1736//9952 1729//9953 1730//9954
f 1737//9955 1706//9956 1705//9957
f 1736//9961 1730//9962 1731//9963
f 1737//9964 1707//9965 1706//9966
f 1736//9970 1731//9971 1732//9972
f 1737//9973 1708//9974 1707//9975
f 1736//9979 1732//9980 1733//9981
f 1737//9982 1709//9983 1708//9984
f 1736//9988 1733//9989 1734//9990
f 1737//9991 1710//9992 1709//9993
f 1736//9997 1734//9998 1735//9999
f 1737//10000 1711//10001 1710//10002
f 1736//10006 1735//10007 1712//10008
f 1737//10009 1688//10010 1711//10011
